[debug] [2026-03-03T06:56:30.851Z] ----------------------------------------------------------------------
[debug] [2026-03-03T06:56:30.861Z] Command:       /usr/local/bin/node /Users/majdinagi/.npm-global/bin/firebase projects:list --json
[debug] [2026-03-03T06:56:30.862Z] CLI Version:   15.8.0
[debug] [2026-03-03T06:56:30.862Z] Platform:      darwin
[debug] [2026-03-03T06:56:30.862Z] Node Version:  v22.12.0
[debug] [2026-03-03T06:56:30.862Z] Time:          Tue Mar 03 2026 01:56:30 GMT-0500 (Eastern Standard Time)
[debug] [2026-03-03T06:56:30.862Z] ----------------------------------------------------------------------
[debug] 
[debug] [2026-03-03T06:56:30.864Z] >>> [apiv2][query] GET https://firebase-public.firebaseio.com/cli.json [none]
[debug] [2026-03-03T06:56:31.166Z] > command requires scopes: ["email","openid","https://www.googleapis.com/auth/cloudplatformprojects.readonly","https://www.googleapis.com/auth/firebase","https://www.googleapis.com/auth/cloud-platform"]
[debug] [2026-03-03T06:56:31.166Z] > authorizing via signed-in user (majdinagi@gmail.com)
[debug] [2026-03-03T06:56:31.169Z] Checked if tokens are valid: false, expires at: 1772355571626
[debug] [2026-03-03T06:56:31.170Z] Checked if tokens are valid: false, expires at: 1772355571626
[debug] [2026-03-03T06:56:31.170Z] > refreshing access token with scopes: []
[debug] [2026-03-03T06:56:31.171Z] >>> [apiv2][query] POST https://www.googleapis.com/oauth2/v3/token [none]
[debug] [2026-03-03T06:56:31.171Z] >>> [apiv2][body] POST https://www.googleapis.com/oauth2/v3/token [omitted]
[debug] [2026-03-03T06:56:31.386Z] <<< [apiv2][status] GET https://firebase-public.firebaseio.com/cli.json 200
[debug] [2026-03-03T06:56:31.387Z] <<< [apiv2][body] GET https://firebase-public.firebaseio.com/cli.json {"cloudBuildErrorAfter":1594252800000,"cloudBuildWarnAfter":1590019200000,"defaultNode10After":1594252800000,"minVersion":"3.0.5","node8DeploysDisabledAfter":1613390400000,"node8RuntimeDisabledAfter":1615809600000,"node8WarnAfter":1600128000000}
[debug] [2026-03-03T06:56:31.441Z] <<< [apiv2][status] POST https://www.googleapis.com/oauth2/v3/token 200
[debug] [2026-03-03T06:56:31.441Z] <<< [apiv2][body] POST https://www.googleapis.com/oauth2/v3/token [omitted]
[debug] [2026-03-03T06:56:31.482Z] >>> [apiv2][query] GET https://firebase.googleapis.com/v1beta1/projects pageSize=1000
[debug] [2026-03-03T06:56:31.845Z] <<< [apiv2][status] GET https://firebase.googleapis.com/v1beta1/projects 200
[debug] [2026-03-03T06:56:43.918Z] ----------------------------------------------------------------------
[debug] [2026-03-03T06:56:43.922Z] Command:       /usr/local/bin/node /Users/majdinagi/.npm-global/bin/firebase deploy --only firestore:rules --project storecheck-6fdc8
[debug] [2026-03-03T06:56:43.922Z] CLI Version:   15.8.0
[debug] [2026-03-03T06:56:43.922Z] Platform:      darwin
[debug] [2026-03-03T06:56:43.923Z] Node Version:  v22.12.0
[debug] [2026-03-03T06:56:43.923Z] Time:          Tue Mar 03 2026 01:56:43 GMT-0500 (Eastern Standard Time)
[debug] [2026-03-03T06:56:43.923Z] ----------------------------------------------------------------------
[debug] 
[debug] [2026-03-03T06:56:46.433Z] > command requires scopes: ["email","openid","https://www.googleapis.com/auth/cloudplatformprojects.readonly","https://www.googleapis.com/auth/firebase","https://www.googleapis.com/auth/cloud-platform"]
[debug] [2026-03-03T06:56:46.434Z] > authorizing via signed-in user (majdinagi@gmail.com)
[debug] [2026-03-03T06:56:46.434Z] [iam] checking project storecheck-6fdc8 for permissions ["datastore.indexes.create","datastore.indexes.delete","datastore.indexes.list","datastore.indexes.update","firebase.projects.get"]
[debug] [2026-03-03T06:56:46.436Z] Checked if tokens are valid: true, expires at: 1772524590441
[debug] [2026-03-03T06:56:46.436Z] Checked if tokens are valid: true, expires at: 1772524590441
[debug] [2026-03-03T06:56:46.438Z] >>> [apiv2][query] POST https://cloudresourcemanager.googleapis.com/v1/projects/storecheck-6fdc8:testIamPermissions [none]
[debug] [2026-03-03T06:56:46.438Z] >>> [apiv2][(partial)header] POST https://cloudresourcemanager.googleapis.com/v1/projects/storecheck-6fdc8:testIamPermissions  x-goog-user-project=storecheck-6fdc8
[debug] [2026-03-03T06:56:46.438Z] >>> [apiv2][body] POST https://cloudresourcemanager.googleapis.com/v1/projects/storecheck-6fdc8:testIamPermissions {"permissions":["datastore.indexes.create","datastore.indexes.delete","datastore.indexes.list","datastore.indexes.update","firebase.projects.get"]}
[debug] [2026-03-03T06:56:46.797Z] <<< [apiv2][status] POST https://cloudresourcemanager.googleapis.com/v1/projects/storecheck-6fdc8:testIamPermissions 200
[debug] [2026-03-03T06:56:46.797Z] <<< [apiv2][body] POST https://cloudresourcemanager.googleapis.com/v1/projects/storecheck-6fdc8:testIamPermissions {"permissions":["datastore.indexes.create","datastore.indexes.delete","datastore.indexes.list","datastore.indexes.update","firebase.projects.get"]}
[info] 
[info] === Deploying to 'storecheck-6fdc8'...
[info] 
[info] i  deploying firestore 
[info] i  firestore: ensuring required API firestore.googleapis.com is enabled... 
[info] i  firestore: ensuring required API firestore.googleapis.com is enabled... 
[debug] [2026-03-03T06:56:46.807Z] Checked if tokens are valid: true, expires at: 1772524590441
[debug] [2026-03-03T06:56:46.807Z] Checked if tokens are valid: true, expires at: 1772524590441
[debug] [2026-03-03T06:56:46.808Z] >>> [apiv2][query] GET https://firestore.googleapis.com/v1/projects/storecheck-6fdc8/databases/(default) [none]
[debug] [2026-03-03T06:56:47.122Z] <<< [apiv2][status] GET https://firestore.googleapis.com/v1/projects/storecheck-6fdc8/databases/(default) 200
[debug] [2026-03-03T06:56:47.122Z] <<< [apiv2][body] GET https://firestore.googleapis.com/v1/projects/storecheck-6fdc8/databases/(default) {"name":"projects/storecheck-6fdc8/databases/(default)","uid":"69de200d-6f0f-4ce8-b2e0-ea4c449e0d76","createTime":"2026-02-15T05:51:48.383561Z","updateTime":"2026-02-15T05:51:48.383561Z","locationId":"us-east1","type":"FIRESTORE_NATIVE","concurrencyMode":"PESSIMISTIC","versionRetentionPeriod":"3600s","earliestVersionTime":"2026-03-03T05:56:47.093945Z","appEngineIntegrationMode":"DISABLED","keyPrefix":"p","pointInTimeRecoveryEnablement":"POINT_IN_TIME_RECOVERY_DISABLED","deleteProtectionState":"DELETE_PROTECTION_DISABLED","databaseEdition":"STANDARD","freeTier":true,"realtimeUpdatesMode":"REALTIME_UPDATES_MODE_ENABLED","etag":"IPSr8KeTg5MDMNHcrr/p2pID"}
[info] i  firestore: reading indexes from firebase/firestore.indexes.json... 
[info] i  cloud.firestore: checking firebase/firestore.rules for compilation errors... 
[debug] [2026-03-03T06:56:47.124Z] Checked if tokens are valid: true, expires at: 1772524590441
[debug] [2026-03-03T06:56:47.125Z] Checked if tokens are valid: true, expires at: 1772524590441
[debug] [2026-03-03T06:56:47.125Z] >>> [apiv2][query] POST https://firebaserules.googleapis.com/v1/projects/storecheck-6fdc8:test [none]
[debug] [2026-03-03T06:56:47.126Z] >>> [apiv2][body] POST https://firebaserules.googleapis.com/v1/projects/storecheck-6fdc8:test [omitted]
[debug] [2026-03-03T06:56:47.576Z] <<< [apiv2][status] POST https://firebaserules.googleapis.com/v1/projects/storecheck-6fdc8:test 200
[debug] [2026-03-03T06:56:47.576Z] <<< [apiv2][body] POST https://firebaserules.googleapis.com/v1/projects/storecheck-6fdc8:test {"issues":[{"sourcePosition":{"fileName":"firebase/firestore.rules","line":44,"column":14,"currentOffset":929,"endOffset":942},"description":"Unused function: activeEmployee.","severity":"WARNING"},{"sourcePosition":{"fileName":"firebase/firestore.rules","line":81,"column":53,"currentOffset":2113,"endOffset":2115},"description":"Unused variable: uid.","severity":"WARNING"}]}
[warn] ⚠  [W] 44:14 - Unused function: activeEmployee. 
[warn] ⚠  [W] 81:53 - Unused variable: uid. 
[info] ✔  cloud.firestore: rules file firebase/firestore.rules compiled successfully 
[debug] [2026-03-03T06:56:47.578Z] Checked if tokens are valid: true, expires at: 1772524590441
[debug] [2026-03-03T06:56:47.579Z] Checked if tokens are valid: true, expires at: 1772524590441
[debug] [2026-03-03T06:56:47.579Z] >>> [apiv2][query] GET https://firebaserules.googleapis.com/v1/projects/storecheck-6fdc8/releases pageSize=10&pageToken=
[debug] [2026-03-03T06:56:47.757Z] <<< [apiv2][status] GET https://firebaserules.googleapis.com/v1/projects/storecheck-6fdc8/releases 200
[debug] [2026-03-03T06:56:47.758Z] <<< [apiv2][body] GET https://firebaserules.googleapis.com/v1/projects/storecheck-6fdc8/releases {"releases":[{"name":"projects/storecheck-6fdc8/releases/cloud.firestore","rulesetName":"projects/storecheck-6fdc8/rulesets/b7d34a29-097d-4884-82dc-e65f2c1fb1c8","createTime":"2026-02-15T05:51:50.411153Z","updateTime":"2026-02-28T10:24:27.921969Z"}]}
[debug] [2026-03-03T06:56:47.759Z] Checked if tokens are valid: true, expires at: 1772524590441
[debug] [2026-03-03T06:56:47.759Z] Checked if tokens are valid: true, expires at: 1772524590441
[debug] [2026-03-03T06:56:47.759Z] >>> [apiv2][query] GET https://firebaserules.googleapis.com/v1/projects/storecheck-6fdc8/rulesets/b7d34a29-097d-4884-82dc-e65f2c1fb1c8 [none]
[debug] [2026-03-03T06:56:47.959Z] <<< [apiv2][status] GET https://firebaserules.googleapis.com/v1/projects/storecheck-6fdc8/rulesets/b7d34a29-097d-4884-82dc-e65f2c1fb1c8 200
[debug] [2026-03-03T06:56:47.959Z] <<< [apiv2][body] GET https://firebaserules.googleapis.com/v1/projects/storecheck-6fdc8/rulesets/b7d34a29-097d-4884-82dc-e65f2c1fb1c8 [omitted]
[info] i  firestore: uploading rules firebase/firestore.rules... 
[debug] [2026-03-03T06:56:47.961Z] Checked if tokens are valid: true, expires at: 1772524590441
[debug] [2026-03-03T06:56:47.961Z] Checked if tokens are valid: true, expires at: 1772524590441
[debug] [2026-03-03T06:56:47.962Z] >>> [apiv2][query] POST https://firebaserules.googleapis.com/v1/projects/storecheck-6fdc8/rulesets [none]
[debug] [2026-03-03T06:56:47.962Z] >>> [apiv2][body] POST https://firebaserules.googleapis.com/v1/projects/storecheck-6fdc8/rulesets [omitted]
[debug] [2026-03-03T06:56:48.347Z] <<< [apiv2][status] POST https://firebaserules.googleapis.com/v1/projects/storecheck-6fdc8/rulesets 200
[debug] [2026-03-03T06:56:48.347Z] <<< [apiv2][body] POST https://firebaserules.googleapis.com/v1/projects/storecheck-6fdc8/rulesets {"name":"projects/storecheck-6fdc8/rulesets/ea9f91e9-98bf-4459-9b92-e0b39384577a","source":{"files":[{"content":"rules_version = '2';\nservice cloud.firestore {\n  match /databases/{database}/documents {\n\n    // =========================\n    // Helpers\n    // =========================\n    function signedIn() {\n      return request.auth != null;\n    }\n\n    function myUid() {\n      return request.auth.uid;\n    }\n\n    function isSelf(uid) {\n      return signedIn() && uid == myUid();\n    }\n\n    function myUserPath() {\n      return /databases/$(database)/documents/users/$(myUid());\n    }\n\n    function myUserExists() {\n      return signedIn() && exists(myUserPath());\n    }\n\n    function myUserData() {\n      return get(myUserPath()).data;\n    }\n\n    function myUserIsActive() {\n      return myUserExists() && myUserData().isActive == true;\n    }\n\n    function myRole() {\n      return myUserExists() ? myUserData().role : null;\n    }\n\n    function activeManager() {\n      return myUserIsActive() && myRole() == \"manager\";\n    }\n\n    function activeEmployee() {\n      return myUserIsActive() && myRole() == \"employee\";\n    }\n\n    function isManagerStoreDoc(data) {\n      return (data.managerId is string) && (data.managerId == myUid());\n    }\n\n    function isStoreMember(storeId) {\n      return signedIn()\n        && (storeId is string)\n        && exists(/databases/$(database)/documents/stores/$(storeId)/members/$(myUid()));\n    }\n\n    function employeeAssignedToStore(storeId) {\n      return signedIn()\n        && (storeId is string)\n        && exists(/databases/$(database)/documents/employeeStores/$(myUid())/stores/$(storeId));\n    }\n\n    function canReadStore(storeId, data) {\n      return signedIn()\n        && (\n          isManagerStoreDoc(data)\n          || isStoreMember(storeId)\n          || employeeAssignedToStore(storeId)\n        );\n    }\n\n    // ✅ NEW (minimal): manager owns this storeId\n    function isStoreManager(storeId) {\n      return activeManager()\n        && (storeId is string)\n        && exists(/databases/$(database)/documents/stores/$(storeId))\n        && get(/databases/$(database)/documents/stores/$(storeId)).data.managerId == myUid();\n    }\n\n    function managerCanUpdateMemberProfile(storeId, uid) {\n      return activeManager()\n        && isStoreManager(storeId)\n        && request.resource.data.userId == resource.data.userId\n        && request.resource.data.storeId == resource.data.storeId\n        && request.resource.data.joinedAt == resource.data.joinedAt\n        && request.resource.data.diff(resource.data).affectedKeys()\n          .hasOnly([\n            \"employeeName\",\n            \"employeeEmail\",\n            \"displayName\",\n            \"name\",\n            \"isActive\",\n            \"hourlyRate\",\n            \"updatedAt\"\n          ]);\n    }\n\n    // ✅ NEW (minimal, required): manager can ONLY edit time fields on a checkin\n    function managerEditsTimesOnly() {\n      return activeManager()\n        && (resource.data.storeId is string)\n        && isStoreManager(resource.data.storeId)\n        // lock identity fields\n        && request.resource.data.employeeId == resource.data.employeeId\n        && request.resource.data.storeId == resource.data.storeId\n        && request.resource.data.createdAt == resource.data.createdAt\n        // only allow these fields to change\n        && request.resource.data.diff(resource.data).affectedKeys()\n          .hasOnly([\"checkInTime\", \"checkOutTime\", \"updatedAt\"]);\n    }\n\n    // ==================================\n    // ✅ NEW (required): Deletion Requests\n    // deletionRequests/{uid}\n    // ==================================\n    match /deletionRequests/{uid} {\n      // user can create/update ONLY their own request\n      allow create: if isSelf(uid);\n      allow update: if isSelf(uid);\n\n      // optional but safe for debugging\n      allow get: if isSelf(uid);\n      allow list: if false;\n\n      // keep deletions backend-only\n      allow delete: if false;\n    }\n\n    // ==================================\n    // USERS\n    // ==================================\n    match /users/{uid} {\n      allow get: if isSelf(uid);\n      allow list: if false;\n\n      allow create: if isSelf(uid) && request.resource.data.role == \"employee\";\n\n      allow update: if isSelf(uid)\n        && request.resource.data.role == resource.data.role\n        && request.resource.data.createdAt == resource.data.createdAt\n        && request.resource.data.assignedStoreIds == resource.data.assignedStoreIds;\n\n      allow delete: if isSelf(uid);\n    }\n\n    // ==================================\n    // QUERY-SAFE MIRRORS (stores)\n    // ==================================\n    match /managerStores/{managerUid}/stores/{storeId} {\n      allow get, list: if request.auth != null\n        && request.auth.uid == managerUid\n        && exists(/databases/$(database)/documents/users/$(request.auth.uid))\n        && get(/databases/$(database)/documents/users/$(request.auth.uid)).data.role == \"manager\"\n        && get(/databases/$(database)/documents/users/$(request.auth.uid)).data.isActive == true;\n\n      allow create, update: if request.auth != null\n        && request.auth.uid == managerUid\n        && exists(/databases/$(database)/documents/users/$(request.auth.uid))\n        && get(/databases/$(database)/documents/users/$(request.auth.uid)).data.role == \"manager\"\n        && get(/databases/$(database)/documents/users/$(request.auth.uid)).data.isActive == true\n        && request.resource.data.managerId == request.auth.uid\n        && request.resource.data.storeId == storeId;\n\n      allow delete: if request.auth != null\n        && request.auth.uid == managerUid\n        && exists(/databases/$(database)/documents/users/$(request.auth.uid))\n        && get(/databases/$(database)/documents/users/$(request.auth.uid)).data.role == \"manager\"\n        && get(/databases/$(database)/documents/users/$(request.auth.uid)).data.isActive == true;\n    }\n\n    match /employeeStores/{employeeUid}/stores/{storeId} {\n      allow get, list: if isSelf(employeeUid) && myUserIsActive();\n\n      allow create, update: if isSelf(employeeUid)\n        && myUserIsActive()\n        && request.resource.data.employeeId == myUid()\n        && request.resource.data.storeId == storeId;\n\n      allow delete: if false;\n    }\n\n    // ==================================\n    // STORES ROOT\n    // ==================================\n    match /stores/{storeId} {\n      allow get: if canReadStore(storeId, resource.data);\n      allow list: if false;\n\n      allow create: if activeManager()\n        && request.resource.data.managerId == myUid()\n        && request.resource.data.isActive == true;\n\n      allow update: if activeManager()\n        && resource.data.managerId == myUid()\n        && request.resource.data.managerId == resource.data.managerId;\n\n      allow delete: if activeManager()\n        && resource.data.managerId == myUid();\n\n      match /members/{uid} {\n        allow get: if isSelf(uid)\n          || (activeManager()\n              && get(/databases/$(database)/documents/stores/$(storeId)).data.managerId == myUid());\n\n        allow list: if activeManager()\n          && get(/databases/$(database)/documents/stores/$(storeId)).data.managerId == myUid();\n\n        allow create: if isSelf(uid)\n          && request.resource.id == myUid()\n          && request.resource.data.userId == myUid()\n          && request.resource.data.storeId == storeId;\n\n        allow update: if isSelf(uid)\n          && request.resource.data.userId == resource.data.userId\n          && request.resource.data.storeId == resource.data.storeId\n          && request.resource.data.joinedAt == resource.data.joinedAt;\n        allow update: if managerCanUpdateMemberProfile(storeId, uid);\n\n        allow delete: if false;\n      }\n    }\n\n    // ==================================\n    // CHECKINS ROOT\n    // ==================================\n    match /checkins/{checkinId} {\n\n      function storeDocSafe(storeId) {\n        return (storeId is string)\n          && exists(/databases/$(database)/documents/stores/$(storeId));\n      }\n\n      allow get: if signedIn() && (\n        resource.data.employeeId == myUid()\n        || (\n          activeManager()\n          && (resource.data.storeId is string)\n          && storeDocSafe(resource.data.storeId)\n          && canReadStore(\n            resource.data.storeId,\n            get(/databases/$(database)/documents/stores/$(resource.data.storeId)).data\n          )\n        )\n      );\n\n      allow list: if false;\n\n      allow create: if signedIn()\n        && request.resource.data.employeeId == myUid()\n        && (request.resource.data.storeId is string)\n        && (\n          employeeAssignedToStore(request.resource.data.storeId)\n          || isStoreMember(request.resource.data.storeId)\n        );\n\n      // ✅ CHANGE (minimal): employee can update their own (existing rules)\n      // ✅ ADD (minimal): manager can update ONLY time fields (for stores they own)\n      allow update: if (\n          signedIn()\n          && resource.data.employeeId == myUid()\n          && request.resource.data.employeeId == resource.data.employeeId\n          && request.resource.data.storeId == resource.data.storeId\n          && request.resource.data.checkInTime == resource.data.checkInTime\n          && request.resource.data.createdAt == resource.data.createdAt\n        )\n        || managerEditsTimesOnly();\n\n      // ✅ FIX (minimal): manager can delete ONLY if they own the store for this checkin\n      // (keeps employee delete working)\n      allow delete: if (signedIn() && resource.data.employeeId == myUid())\n        || (isStoreManager(resource.data.storeId));\n    }\n\n    // ==================================\n    // EMPLOYEE CHECKIN MIRROR\n    // employeeCheckins/{employeeUid}/checkins/{checkinId}\n    // ==================================\n    match /employeeCheckins/{employeeUid}/checkins/{checkinId} {\n      allow get, list: if isSelf(employeeUid) && myUserIsActive();\n\n      allow create: if isSelf(employeeUid)\n        && request.resource.data.employeeId == myUid()\n        && (request.resource.data.storeId is string)\n        && (isStoreMember(request.resource.data.storeId) || employeeAssignedToStore(request.resource.data.storeId));\n\n      // ✅ CHANGE (minimal): allow manager time edits on employee mirror too\n      allow update: if (\n          isSelf(employeeUid)\n          && resource.data.employeeId == myUid()\n          && request.resource.data.employeeId == resource.data.employeeId\n          && request.resource.data.storeId == resource.data.storeId\n          && request.resource.data.checkInTime == resource.data.checkInTime\n          && request.resource.data.createdAt == resource.data.createdAt\n        )\n        || (\n          // manager edits times only, for stores they own\n          activeManager()\n          && (resource.data.storeId is string)\n          && isStoreManager(resource.data.storeId)\n          && request.resource.data.employeeId == resource.data.employeeId\n          && request.resource.data.storeId == resource.data.storeId\n          && request.resource.data.createdAt == resource.data.createdAt\n          && request.resource.data.diff(resource.data).affectedKeys()\n            .hasOnly([\"checkInTime\", \"checkOutTime\", \"updatedAt\"])\n        );\n\n      // ✅ FIX (minimal): allow manager to delete employee mirror ONLY for their store\n      allow delete: if (isSelf(employeeUid) && myUserIsActive())\n        || (activeManager()\n            && (resource.data.storeId is string)\n            && isStoreManager(resource.data.storeId));\n    }\n\n    // ==================================\n    // MANAGER CHECKIN MIRROR\n    // managerCheckins/{managerUid}/stores/{storeId}/checkins/{checkinId}\n    // ==================================\n    match /managerCheckins/{managerUid}/stores/{storeId}/checkins/{checkinId} {\n\n      function storeExists(storeId) {\n        return (storeId is string) && exists(/databases/$(database)/documents/stores/$(storeId));\n      }\n\n      function storeManagerMatches(managerUid, storeId) {\n        return storeExists(storeId)\n          && get(/databases/$(database)/documents/stores/$(storeId)).data.managerId == managerUid;\n      }\n\n      allow get, list: if activeManager()\n        && myUid() == managerUid\n        && storeManagerMatches(managerUid, storeId);\n\n      // (keeping your existing create/update rule as-is)\n      allow create, update: if signedIn()\n        && request.resource.data.employeeId == myUid()\n        && (request.resource.data.storeId is string)\n        && request.resource.data.storeId == storeId\n        && storeManagerMatches(managerUid, storeId)\n        && (isStoreMember(storeId) || employeeAssignedToStore(storeId));\n\n      // ✅ ADD (minimal): manager can update ONLY time fields in their mirror docs\n      allow update: if (\n          activeManager()\n          && myUid() == managerUid\n          && storeManagerMatches(managerUid, storeId)\n          && request.resource.data.employeeId == resource.data.employeeId\n          && request.resource.data.storeId == resource.data.storeId\n          && request.resource.data.createdAt == resource.data.createdAt\n          && request.resource.data.diff(resource.data).affectedKeys()\n            .hasOnly([\"checkInTime\", \"checkOutTime\", \"updatedAt\"])\n        )\n        || (\n          signedIn()\n          && request.resource.data.employeeId == myUid()\n          && (request.resource.data.storeId is string)\n          && request.resource.data.storeId == storeId\n          && storeManagerMatches(managerUid, storeId)\n          && (isStoreMember(storeId) || employeeAssignedToStore(storeId))\n        );\n\n      // ✅ FIX (minimal): manager can delete their mirror docs (and employee can delete their own)\n      allow delete: if (activeManager() && myUid() == managerUid)\n        || (signedIn() && resource.data.employeeId == myUid());\n    }\n  }\n}\n","name":"firebase/firestore.rules"}]},"createTime":"2026-03-03T06:56:48.306479Z","metadata":{"services":["cloud.firestore"]}}
[debug] [2026-03-03T06:56:48.347Z] [rules] created ruleset projects/storecheck-6fdc8/rulesets/ea9f91e9-98bf-4459-9b92-e0b39384577a
[debug] [2026-03-03T06:56:48.348Z] [rules] releasing cloud.firestore/(default) with ruleset projects/storecheck-6fdc8/rulesets/ea9f91e9-98bf-4459-9b92-e0b39384577a
[debug] [2026-03-03T06:56:48.348Z] Checked if tokens are valid: true, expires at: 1772524590441
[debug] [2026-03-03T06:56:48.349Z] Checked if tokens are valid: true, expires at: 1772524590441
[debug] [2026-03-03T06:56:48.349Z] >>> [apiv2][query] PATCH https://firebaserules.googleapis.com/v1/projects/storecheck-6fdc8/releases/cloud.firestore/(default) [none]
[debug] [2026-03-03T06:56:48.349Z] >>> [apiv2][body] PATCH https://firebaserules.googleapis.com/v1/projects/storecheck-6fdc8/releases/cloud.firestore/(default) {"release":{"name":"projects/storecheck-6fdc8/releases/cloud.firestore/(default)","rulesetName":"projects/storecheck-6fdc8/rulesets/ea9f91e9-98bf-4459-9b92-e0b39384577a"}}
[debug] [2026-03-03T06:56:48.814Z] <<< [apiv2][status] PATCH https://firebaserules.googleapis.com/v1/projects/storecheck-6fdc8/releases/cloud.firestore/(default) 200
[debug] [2026-03-03T06:57:52.924Z] ----------------------------------------------------------------------
[debug] [2026-03-03T06:57:52.927Z] Command:       /usr/local/bin/node /Users/majdinagi/.npm-global/bin/firebase deploy --only firestore:rules --project storecheck-6fdc8
[debug] [2026-03-03T06:57:52.927Z] CLI Version:   15.8.0
[debug] [2026-03-03T06:57:52.927Z] Platform:      darwin
[debug] [2026-03-03T06:57:52.928Z] Node Version:  v22.12.0
[debug] [2026-03-03T06:57:52.928Z] Time:          Tue Mar 03 2026 01:57:52 GMT-0500 (Eastern Standard Time)
[debug] [2026-03-03T06:57:52.928Z] ----------------------------------------------------------------------
[debug] 
[debug] [2026-03-03T06:57:54.189Z] > command requires scopes: ["email","openid","https://www.googleapis.com/auth/cloudplatformprojects.readonly","https://www.googleapis.com/auth/firebase","https://www.googleapis.com/auth/cloud-platform"]
[debug] [2026-03-03T06:57:54.190Z] > authorizing via signed-in user (majdinagi@gmail.com)
[debug] [2026-03-03T06:57:54.190Z] [iam] checking project storecheck-6fdc8 for permissions ["datastore.indexes.create","datastore.indexes.delete","datastore.indexes.list","datastore.indexes.update","firebase.projects.get"]
[debug] [2026-03-03T06:57:54.192Z] Checked if tokens are valid: true, expires at: 1772524590441
[debug] [2026-03-03T06:57:54.192Z] Checked if tokens are valid: true, expires at: 1772524590441
[debug] [2026-03-03T06:57:54.194Z] >>> [apiv2][query] POST https://cloudresourcemanager.googleapis.com/v1/projects/storecheck-6fdc8:testIamPermissions [none]
[debug] [2026-03-03T06:57:54.194Z] >>> [apiv2][(partial)header] POST https://cloudresourcemanager.googleapis.com/v1/projects/storecheck-6fdc8:testIamPermissions  x-goog-user-project=storecheck-6fdc8
[debug] [2026-03-03T06:57:54.194Z] >>> [apiv2][body] POST https://cloudresourcemanager.googleapis.com/v1/projects/storecheck-6fdc8:testIamPermissions {"permissions":["datastore.indexes.create","datastore.indexes.delete","datastore.indexes.list","datastore.indexes.update","firebase.projects.get"]}
[debug] [2026-03-03T06:57:54.565Z] <<< [apiv2][status] POST https://cloudresourcemanager.googleapis.com/v1/projects/storecheck-6fdc8:testIamPermissions 200
[debug] [2026-03-03T06:57:54.566Z] <<< [apiv2][body] POST https://cloudresourcemanager.googleapis.com/v1/projects/storecheck-6fdc8:testIamPermissions {"permissions":["datastore.indexes.create","datastore.indexes.delete","datastore.indexes.list","datastore.indexes.update","firebase.projects.get"]}
[info] 
[info] === Deploying to 'storecheck-6fdc8'...
[info] 
[info] i  deploying firestore 
[info] i  firestore: ensuring required API firestore.googleapis.com is enabled... 
[info] i  firestore: ensuring required API firestore.googleapis.com is enabled... 
[debug] [2026-03-03T06:57:54.571Z] Checked if tokens are valid: true, expires at: 1772524590441
[debug] [2026-03-03T06:57:54.572Z] Checked if tokens are valid: true, expires at: 1772524590441
[debug] [2026-03-03T06:57:54.572Z] >>> [apiv2][query] GET https://firestore.googleapis.com/v1/projects/storecheck-6fdc8/databases/(default) [none]
[debug] [2026-03-03T06:57:54.933Z] <<< [apiv2][status] GET https://firestore.googleapis.com/v1/projects/storecheck-6fdc8/databases/(default) 200
[debug] [2026-03-03T06:57:54.933Z] <<< [apiv2][body] GET https://firestore.googleapis.com/v1/projects/storecheck-6fdc8/databases/(default) {"name":"projects/storecheck-6fdc8/databases/(default)","uid":"69de200d-6f0f-4ce8-b2e0-ea4c449e0d76","createTime":"2026-02-15T05:51:48.383561Z","updateTime":"2026-02-15T05:51:48.383561Z","locationId":"us-east1","type":"FIRESTORE_NATIVE","concurrencyMode":"PESSIMISTIC","versionRetentionPeriod":"3600s","earliestVersionTime":"2026-03-03T05:57:54.909984Z","appEngineIntegrationMode":"DISABLED","keyPrefix":"p","pointInTimeRecoveryEnablement":"POINT_IN_TIME_RECOVERY_DISABLED","deleteProtectionState":"DELETE_PROTECTION_DISABLED","databaseEdition":"STANDARD","freeTier":true,"realtimeUpdatesMode":"REALTIME_UPDATES_MODE_ENABLED","etag":"IO7Bm8iTg5MDMNHcrr/p2pID"}
[info] i  firestore: reading indexes from firebase/firestore.indexes.json... 
[info] i  cloud.firestore: checking firebase/firestore.rules for compilation errors... 
[debug] [2026-03-03T06:57:54.936Z] Checked if tokens are valid: true, expires at: 1772524590441
[debug] [2026-03-03T06:57:54.936Z] Checked if tokens are valid: true, expires at: 1772524590441
[debug] [2026-03-03T06:57:54.936Z] >>> [apiv2][query] POST https://firebaserules.googleapis.com/v1/projects/storecheck-6fdc8:test [none]
[debug] [2026-03-03T06:57:54.937Z] >>> [apiv2][body] POST https://firebaserules.googleapis.com/v1/projects/storecheck-6fdc8:test [omitted]
[debug] [2026-03-03T06:57:55.369Z] <<< [apiv2][status] POST https://firebaserules.googleapis.com/v1/projects/storecheck-6fdc8:test 200
[debug] [2026-03-03T06:57:55.369Z] <<< [apiv2][body] POST https://firebaserules.googleapis.com/v1/projects/storecheck-6fdc8:test {"issues":[{"sourcePosition":{"fileName":"firebase/firestore.rules","line":44,"column":14,"currentOffset":929,"endOffset":942},"description":"Unused function: activeEmployee.","severity":"WARNING"},{"sourcePosition":{"fileName":"firebase/firestore.rules","line":81,"column":53,"currentOffset":2113,"endOffset":2115},"description":"Unused variable: uid.","severity":"WARNING"}]}
[warn] ⚠  [W] 44:14 - Unused function: activeEmployee. 
[warn] ⚠  [W] 81:53 - Unused variable: uid. 
[info] ✔  cloud.firestore: rules file firebase/firestore.rules compiled successfully 
[debug] [2026-03-03T06:57:55.374Z] Checked if tokens are valid: true, expires at: 1772524590441
[debug] [2026-03-03T06:57:55.374Z] Checked if tokens are valid: true, expires at: 1772524590441
[debug] [2026-03-03T06:57:55.374Z] >>> [apiv2][query] GET https://firebaserules.googleapis.com/v1/projects/storecheck-6fdc8/releases pageSize=10&pageToken=
[debug] [2026-03-03T06:57:55.599Z] <<< [apiv2][status] GET https://firebaserules.googleapis.com/v1/projects/storecheck-6fdc8/releases 200
[debug] [2026-03-03T06:57:55.600Z] <<< [apiv2][body] GET https://firebaserules.googleapis.com/v1/projects/storecheck-6fdc8/releases {"releases":[{"name":"projects/storecheck-6fdc8/releases/cloud.firestore","rulesetName":"projects/storecheck-6fdc8/rulesets/ea9f91e9-98bf-4459-9b92-e0b39384577a","createTime":"2026-02-15T05:51:50.411153Z","updateTime":"2026-03-03T06:56:48.775838Z"}]}
[debug] [2026-03-03T06:57:55.601Z] Checked if tokens are valid: true, expires at: 1772524590441
[debug] [2026-03-03T06:57:55.602Z] Checked if tokens are valid: true, expires at: 1772524590441
[debug] [2026-03-03T06:57:55.602Z] >>> [apiv2][query] GET https://firebaserules.googleapis.com/v1/projects/storecheck-6fdc8/rulesets/ea9f91e9-98bf-4459-9b92-e0b39384577a [none]
[debug] [2026-03-03T06:57:55.769Z] <<< [apiv2][status] GET https://firebaserules.googleapis.com/v1/projects/storecheck-6fdc8/rulesets/ea9f91e9-98bf-4459-9b92-e0b39384577a 200
[debug] [2026-03-03T06:57:55.769Z] <<< [apiv2][body] GET https://firebaserules.googleapis.com/v1/projects/storecheck-6fdc8/rulesets/ea9f91e9-98bf-4459-9b92-e0b39384577a [omitted]
[info] i  firestore: latest version of firebase/firestore.rules already up to date, skipping upload... 
[debug] [2026-03-03T06:57:55.772Z] [rules] releasing cloud.firestore/(default) with ruleset projects/storecheck-6fdc8/rulesets/ea9f91e9-98bf-4459-9b92-e0b39384577a
[debug] [2026-03-03T06:57:55.773Z] Checked if tokens are valid: true, expires at: 1772524590441
[debug] [2026-03-03T06:57:55.773Z] Checked if tokens are valid: true, expires at: 1772524590441
[debug] [2026-03-03T06:57:55.773Z] >>> [apiv2][query] PATCH https://firebaserules.googleapis.com/v1/projects/storecheck-6fdc8/releases/cloud.firestore/(default) [none]
[debug] [2026-03-03T06:57:55.774Z] >>> [apiv2][body] PATCH https://firebaserules.googleapis.com/v1/projects/storecheck-6fdc8/releases/cloud.firestore/(default) {"release":{"name":"projects/storecheck-6fdc8/releases/cloud.firestore/(default)","rulesetName":"projects/storecheck-6fdc8/rulesets/ea9f91e9-98bf-4459-9b92-e0b39384577a"}}
[debug] [2026-03-03T06:57:56.252Z] <<< [apiv2][status] PATCH https://firebaserules.googleapis.com/v1/projects/storecheck-6fdc8/releases/cloud.firestore/(default) 200
[debug] [2026-03-03T06:59:10.113Z] ----------------------------------------------------------------------
[debug] [2026-03-03T06:59:10.118Z] Command:       /usr/local/bin/node /Users/majdinagi/.npm-global/bin/firebase deploy --only firestore:rules --project storecheck-6fdc8
[debug] [2026-03-03T06:59:10.118Z] CLI Version:   15.8.0
[debug] [2026-03-03T06:59:10.118Z] Platform:      darwin
[debug] [2026-03-03T06:59:10.118Z] Node Version:  v22.12.0
[debug] [2026-03-03T06:59:10.119Z] Time:          Tue Mar 03 2026 01:59:10 GMT-0500 (Eastern Standard Time)
[debug] [2026-03-03T06:59:10.119Z] ----------------------------------------------------------------------
[debug] 
[debug] [2026-03-03T06:59:11.396Z] > command requires scopes: ["email","openid","https://www.googleapis.com/auth/cloudplatformprojects.readonly","https://www.googleapis.com/auth/firebase","https://www.googleapis.com/auth/cloud-platform"]
[debug] [2026-03-03T06:59:11.397Z] > authorizing via signed-in user (majdinagi@gmail.com)
[debug] [2026-03-03T06:59:11.398Z] [iam] checking project storecheck-6fdc8 for permissions ["datastore.indexes.create","datastore.indexes.delete","datastore.indexes.list","datastore.indexes.update","firebase.projects.get"]
[debug] [2026-03-03T06:59:11.401Z] Checked if tokens are valid: true, expires at: 1772524590441
[debug] [2026-03-03T06:59:11.401Z] Checked if tokens are valid: true, expires at: 1772524590441
[debug] [2026-03-03T06:59:11.403Z] >>> [apiv2][query] POST https://cloudresourcemanager.googleapis.com/v1/projects/storecheck-6fdc8:testIamPermissions [none]
[debug] [2026-03-03T06:59:11.403Z] >>> [apiv2][(partial)header] POST https://cloudresourcemanager.googleapis.com/v1/projects/storecheck-6fdc8:testIamPermissions  x-goog-user-project=storecheck-6fdc8
[debug] [2026-03-03T06:59:11.403Z] >>> [apiv2][body] POST https://cloudresourcemanager.googleapis.com/v1/projects/storecheck-6fdc8:testIamPermissions {"permissions":["datastore.indexes.create","datastore.indexes.delete","datastore.indexes.list","datastore.indexes.update","firebase.projects.get"]}
[debug] [2026-03-03T06:59:11.758Z] <<< [apiv2][status] POST https://cloudresourcemanager.googleapis.com/v1/projects/storecheck-6fdc8:testIamPermissions 200
[debug] [2026-03-03T06:59:11.758Z] <<< [apiv2][body] POST https://cloudresourcemanager.googleapis.com/v1/projects/storecheck-6fdc8:testIamPermissions {"permissions":["datastore.indexes.create","datastore.indexes.delete","datastore.indexes.list","datastore.indexes.update","firebase.projects.get"]}
[info] 
[info] === Deploying to 'storecheck-6fdc8'...
[info] 
[info] i  deploying firestore 
[info] i  firestore: ensuring required API firestore.googleapis.com is enabled... 
[info] i  firestore: ensuring required API firestore.googleapis.com is enabled... 
[debug] [2026-03-03T06:59:11.764Z] Checked if tokens are valid: true, expires at: 1772524590441
[debug] [2026-03-03T06:59:11.765Z] Checked if tokens are valid: true, expires at: 1772524590441
[debug] [2026-03-03T06:59:11.765Z] >>> [apiv2][query] GET https://firestore.googleapis.com/v1/projects/storecheck-6fdc8/databases/(default) [none]
[debug] [2026-03-03T06:59:12.151Z] <<< [apiv2][status] GET https://firestore.googleapis.com/v1/projects/storecheck-6fdc8/databases/(default) 200
[debug] [2026-03-03T06:59:12.151Z] <<< [apiv2][body] GET https://firestore.googleapis.com/v1/projects/storecheck-6fdc8/databases/(default) {"name":"projects/storecheck-6fdc8/databases/(default)","uid":"69de200d-6f0f-4ce8-b2e0-ea4c449e0d76","createTime":"2026-02-15T05:51:48.383561Z","updateTime":"2026-02-15T05:51:48.383561Z","locationId":"us-east1","type":"FIRESTORE_NATIVE","concurrencyMode":"PESSIMISTIC","versionRetentionPeriod":"3600s","earliestVersionTime":"2026-03-03T05:59:12.043782Z","appEngineIntegrationMode":"DISABLED","keyPrefix":"p","pointInTimeRecoveryEnablement":"POINT_IN_TIME_RECOVERY_DISABLED","deleteProtectionState":"DELETE_PROTECTION_DISABLED","databaseEdition":"STANDARD","freeTier":true,"realtimeUpdatesMode":"REALTIME_UPDATES_MODE_ENABLED","etag":"IOGw/+yTg5MDMNHcrr/p2pID"}
[info] i  firestore: reading indexes from firebase/firestore.indexes.json... 
[info] i  cloud.firestore: checking firebase/firestore.rules for compilation errors... 
[debug] [2026-03-03T06:59:12.153Z] Checked if tokens are valid: true, expires at: 1772524590441
[debug] [2026-03-03T06:59:12.153Z] Checked if tokens are valid: true, expires at: 1772524590441
[debug] [2026-03-03T06:59:12.153Z] >>> [apiv2][query] POST https://firebaserules.googleapis.com/v1/projects/storecheck-6fdc8:test [none]
[debug] [2026-03-03T06:59:12.153Z] >>> [apiv2][body] POST https://firebaserules.googleapis.com/v1/projects/storecheck-6fdc8:test [omitted]
[debug] [2026-03-03T06:59:12.605Z] <<< [apiv2][status] POST https://firebaserules.googleapis.com/v1/projects/storecheck-6fdc8:test 200
[debug] [2026-03-03T06:59:12.606Z] <<< [apiv2][body] POST https://firebaserules.googleapis.com/v1/projects/storecheck-6fdc8:test {}
[info] ✔  cloud.firestore: rules file firebase/firestore.rules compiled successfully 
[debug] [2026-03-03T06:59:12.608Z] Checked if tokens are valid: true, expires at: 1772524590441
[debug] [2026-03-03T06:59:12.608Z] Checked if tokens are valid: true, expires at: 1772524590441
[debug] [2026-03-03T06:59:12.608Z] >>> [apiv2][query] GET https://firebaserules.googleapis.com/v1/projects/storecheck-6fdc8/releases pageSize=10&pageToken=
[debug] [2026-03-03T06:59:12.796Z] <<< [apiv2][status] GET https://firebaserules.googleapis.com/v1/projects/storecheck-6fdc8/releases 200
[debug] [2026-03-03T06:59:12.796Z] <<< [apiv2][body] GET https://firebaserules.googleapis.com/v1/projects/storecheck-6fdc8/releases {"releases":[{"name":"projects/storecheck-6fdc8/releases/cloud.firestore","rulesetName":"projects/storecheck-6fdc8/rulesets/ea9f91e9-98bf-4459-9b92-e0b39384577a","createTime":"2026-02-15T05:51:50.411153Z","updateTime":"2026-03-03T06:57:56.190502Z"}]}
[debug] [2026-03-03T06:59:12.796Z] Checked if tokens are valid: true, expires at: 1772524590441
[debug] [2026-03-03T06:59:12.796Z] Checked if tokens are valid: true, expires at: 1772524590441
[debug] [2026-03-03T06:59:12.797Z] >>> [apiv2][query] GET https://firebaserules.googleapis.com/v1/projects/storecheck-6fdc8/rulesets/ea9f91e9-98bf-4459-9b92-e0b39384577a [none]
[debug] [2026-03-03T06:59:12.907Z] <<< [apiv2][status] GET https://firebaserules.googleapis.com/v1/projects/storecheck-6fdc8/rulesets/ea9f91e9-98bf-4459-9b92-e0b39384577a 200
[debug] [2026-03-03T06:59:12.908Z] <<< [apiv2][body] GET https://firebaserules.googleapis.com/v1/projects/storecheck-6fdc8/rulesets/ea9f91e9-98bf-4459-9b92-e0b39384577a [omitted]
[info] i  firestore: uploading rules firebase/firestore.rules... 
[debug] [2026-03-03T06:59:12.909Z] Checked if tokens are valid: true, expires at: 1772524590441
[debug] [2026-03-03T06:59:12.909Z] Checked if tokens are valid: true, expires at: 1772524590441
[debug] [2026-03-03T06:59:12.910Z] >>> [apiv2][query] POST https://firebaserules.googleapis.com/v1/projects/storecheck-6fdc8/rulesets [none]
[debug] [2026-03-03T06:59:12.910Z] >>> [apiv2][body] POST https://firebaserules.googleapis.com/v1/projects/storecheck-6fdc8/rulesets [omitted]
[debug] [2026-03-03T06:59:13.326Z] <<< [apiv2][status] POST https://firebaserules.googleapis.com/v1/projects/storecheck-6fdc8/rulesets 200
[debug] [2026-03-03T06:59:13.326Z] <<< [apiv2][body] POST https://firebaserules.googleapis.com/v1/projects/storecheck-6fdc8/rulesets {"name":"projects/storecheck-6fdc8/rulesets/6e1f8a70-ef49-4693-8e6b-baa9d14ad8a5","source":{"files":[{"content":"rules_version = '2';\nservice cloud.firestore {\n  match /databases/{database}/documents {\n\n    // =========================\n    // Helpers\n    // =========================\n    function signedIn() {\n      return request.auth != null;\n    }\n\n    function myUid() {\n      return request.auth.uid;\n    }\n\n    function isSelf(uid) {\n      return signedIn() && uid == myUid();\n    }\n\n    function myUserPath() {\n      return /databases/$(database)/documents/users/$(myUid());\n    }\n\n    function myUserExists() {\n      return signedIn() && exists(myUserPath());\n    }\n\n    function myUserData() {\n      return get(myUserPath()).data;\n    }\n\n    function myUserIsActive() {\n      return myUserExists() && myUserData().isActive == true;\n    }\n\n    function myRole() {\n      return myUserExists() ? myUserData().role : null;\n    }\n\n    function activeManager() {\n      return myUserIsActive() && myRole() == \"manager\";\n    }\n\n    function isManagerStoreDoc(data) {\n      return (data.managerId is string) && (data.managerId == myUid());\n    }\n\n    function isStoreMember(storeId) {\n      return signedIn()\n        && (storeId is string)\n        && exists(/databases/$(database)/documents/stores/$(storeId)/members/$(myUid()));\n    }\n\n    function employeeAssignedToStore(storeId) {\n      return signedIn()\n        && (storeId is string)\n        && exists(/databases/$(database)/documents/employeeStores/$(myUid())/stores/$(storeId));\n    }\n\n    function canReadStore(storeId, data) {\n      return signedIn()\n        && (\n          isManagerStoreDoc(data)\n          || isStoreMember(storeId)\n          || employeeAssignedToStore(storeId)\n        );\n    }\n\n    // ✅ NEW (minimal): manager owns this storeId\n    function isStoreManager(storeId) {\n      return activeManager()\n        && (storeId is string)\n        && exists(/databases/$(database)/documents/stores/$(storeId))\n        && get(/databases/$(database)/documents/stores/$(storeId)).data.managerId == myUid();\n    }\n\n    function managerCanUpdateMemberProfile(storeId) {\n      return activeManager()\n        && isStoreManager(storeId)\n        && request.resource.data.userId == resource.data.userId\n        && request.resource.data.storeId == resource.data.storeId\n        && request.resource.data.joinedAt == resource.data.joinedAt\n        && request.resource.data.diff(resource.data).affectedKeys()\n          .hasOnly([\n            \"employeeName\",\n            \"employeeEmail\",\n            \"displayName\",\n            \"name\",\n            \"isActive\",\n            \"hourlyRate\",\n            \"updatedAt\"\n          ]);\n    }\n\n    // ✅ NEW (minimal, required): manager can ONLY edit time fields on a checkin\n    function managerEditsTimesOnly() {\n      return activeManager()\n        && (resource.data.storeId is string)\n        && isStoreManager(resource.data.storeId)\n        // lock identity fields\n        && request.resource.data.employeeId == resource.data.employeeId\n        && request.resource.data.storeId == resource.data.storeId\n        && request.resource.data.createdAt == resource.data.createdAt\n        // only allow these fields to change\n        && request.resource.data.diff(resource.data).affectedKeys()\n          .hasOnly([\"checkInTime\", \"checkOutTime\", \"updatedAt\"]);\n    }\n\n    // ==================================\n    // ✅ NEW (required): Deletion Requests\n    // deletionRequests/{uid}\n    // ==================================\n    match /deletionRequests/{uid} {\n      // user can create/update ONLY their own request\n      allow create: if isSelf(uid);\n      allow update: if isSelf(uid);\n\n      // optional but safe for debugging\n      allow get: if isSelf(uid);\n      allow list: if false;\n\n      // keep deletions backend-only\n      allow delete: if false;\n    }\n\n    // ==================================\n    // USERS\n    // ==================================\n    match /users/{uid} {\n      allow get: if isSelf(uid);\n      allow list: if false;\n\n      allow create: if isSelf(uid) && request.resource.data.role == \"employee\";\n\n      allow update: if isSelf(uid)\n        && request.resource.data.role == resource.data.role\n        && request.resource.data.createdAt == resource.data.createdAt\n        && request.resource.data.assignedStoreIds == resource.data.assignedStoreIds;\n\n      allow delete: if isSelf(uid);\n    }\n\n    // ==================================\n    // QUERY-SAFE MIRRORS (stores)\n    // ==================================\n    match /managerStores/{managerUid}/stores/{storeId} {\n      allow get, list: if request.auth != null\n        && request.auth.uid == managerUid\n        && exists(/databases/$(database)/documents/users/$(request.auth.uid))\n        && get(/databases/$(database)/documents/users/$(request.auth.uid)).data.role == \"manager\"\n        && get(/databases/$(database)/documents/users/$(request.auth.uid)).data.isActive == true;\n\n      allow create, update: if request.auth != null\n        && request.auth.uid == managerUid\n        && exists(/databases/$(database)/documents/users/$(request.auth.uid))\n        && get(/databases/$(database)/documents/users/$(request.auth.uid)).data.role == \"manager\"\n        && get(/databases/$(database)/documents/users/$(request.auth.uid)).data.isActive == true\n        && request.resource.data.managerId == request.auth.uid\n        && request.resource.data.storeId == storeId;\n\n      allow delete: if request.auth != null\n        && request.auth.uid == managerUid\n        && exists(/databases/$(database)/documents/users/$(request.auth.uid))\n        && get(/databases/$(database)/documents/users/$(request.auth.uid)).data.role == \"manager\"\n        && get(/databases/$(database)/documents/users/$(request.auth.uid)).data.isActive == true;\n    }\n\n    match /employeeStores/{employeeUid}/stores/{storeId} {\n      allow get, list: if isSelf(employeeUid) && myUserIsActive();\n\n      allow create, update: if isSelf(employeeUid)\n        && myUserIsActive()\n        && request.resource.data.employeeId == myUid()\n        && request.resource.data.storeId == storeId;\n\n      allow delete: if false;\n    }\n\n    // ==================================\n    // STORES ROOT\n    // ==================================\n    match /stores/{storeId} {\n      allow get: if canReadStore(storeId, resource.data);\n      allow list: if false;\n\n      allow create: if activeManager()\n        && request.resource.data.managerId == myUid()\n        && request.resource.data.isActive == true;\n\n      allow update: if activeManager()\n        && resource.data.managerId == myUid()\n        && request.resource.data.managerId == resource.data.managerId;\n\n      allow delete: if activeManager()\n        && resource.data.managerId == myUid();\n\n      match /members/{uid} {\n        allow get: if isSelf(uid)\n          || (activeManager()\n              && get(/databases/$(database)/documents/stores/$(storeId)).data.managerId == myUid());\n\n        allow list: if activeManager()\n          && get(/databases/$(database)/documents/stores/$(storeId)).data.managerId == myUid();\n\n        allow create: if isSelf(uid)\n          && request.resource.id == myUid()\n          && request.resource.data.userId == myUid()\n          && request.resource.data.storeId == storeId;\n\n        allow update: if isSelf(uid)\n          && request.resource.data.userId == resource.data.userId\n          && request.resource.data.storeId == resource.data.storeId\n          && request.resource.data.joinedAt == resource.data.joinedAt;\n        allow update: if managerCanUpdateMemberProfile(storeId);\n\n        allow delete: if false;\n      }\n    }\n\n    // ==================================\n    // CHECKINS ROOT\n    // ==================================\n    match /checkins/{checkinId} {\n\n      function storeDocSafe(storeId) {\n        return (storeId is string)\n          && exists(/databases/$(database)/documents/stores/$(storeId));\n      }\n\n      allow get: if signedIn() && (\n        resource.data.employeeId == myUid()\n        || (\n          activeManager()\n          && (resource.data.storeId is string)\n          && storeDocSafe(resource.data.storeId)\n          && canReadStore(\n            resource.data.storeId,\n            get(/databases/$(database)/documents/stores/$(resource.data.storeId)).data\n          )\n        )\n      );\n\n      allow list: if false;\n\n      allow create: if signedIn()\n        && request.resource.data.employeeId == myUid()\n        && (request.resource.data.storeId is string)\n        && (\n          employeeAssignedToStore(request.resource.data.storeId)\n          || isStoreMember(request.resource.data.storeId)\n        );\n\n      // ✅ CHANGE (minimal): employee can update their own (existing rules)\n      // ✅ ADD (minimal): manager can update ONLY time fields (for stores they own)\n      allow update: if (\n          signedIn()\n          && resource.data.employeeId == myUid()\n          && request.resource.data.employeeId == resource.data.employeeId\n          && request.resource.data.storeId == resource.data.storeId\n          && request.resource.data.checkInTime == resource.data.checkInTime\n          && request.resource.data.createdAt == resource.data.createdAt\n        )\n        || managerEditsTimesOnly();\n\n      // ✅ FIX (minimal): manager can delete ONLY if they own the store for this checkin\n      // (keeps employee delete working)\n      allow delete: if (signedIn() && resource.data.employeeId == myUid())\n        || (isStoreManager(resource.data.storeId));\n    }\n\n    // ==================================\n    // EMPLOYEE CHECKIN MIRROR\n    // employeeCheckins/{employeeUid}/checkins/{checkinId}\n    // ==================================\n    match /employeeCheckins/{employeeUid}/checkins/{checkinId} {\n      allow get, list: if isSelf(employeeUid) && myUserIsActive();\n\n      allow create: if isSelf(employeeUid)\n        && request.resource.data.employeeId == myUid()\n        && (request.resource.data.storeId is string)\n        && (isStoreMember(request.resource.data.storeId) || employeeAssignedToStore(request.resource.data.storeId));\n\n      // ✅ CHANGE (minimal): allow manager time edits on employee mirror too\n      allow update: if (\n          isSelf(employeeUid)\n          && resource.data.employeeId == myUid()\n          && request.resource.data.employeeId == resource.data.employeeId\n          && request.resource.data.storeId == resource.data.storeId\n          && request.resource.data.checkInTime == resource.data.checkInTime\n          && request.resource.data.createdAt == resource.data.createdAt\n        )\n        || (\n          // manager edits times only, for stores they own\n          activeManager()\n          && (resource.data.storeId is string)\n          && isStoreManager(resource.data.storeId)\n          && request.resource.data.employeeId == resource.data.employeeId\n          && request.resource.data.storeId == resource.data.storeId\n          && request.resource.data.createdAt == resource.data.createdAt\n          && request.resource.data.diff(resource.data).affectedKeys()\n            .hasOnly([\"checkInTime\", \"checkOutTime\", \"updatedAt\"])\n        );\n\n      // ✅ FIX (minimal): allow manager to delete employee mirror ONLY for their store\n      allow delete: if (isSelf(employeeUid) && myUserIsActive())\n        || (activeManager()\n            && (resource.data.storeId is string)\n            && isStoreManager(resource.data.storeId));\n    }\n\n    // ==================================\n    // MANAGER CHECKIN MIRROR\n    // managerCheckins/{managerUid}/stores/{storeId}/checkins/{checkinId}\n    // ==================================\n    match /managerCheckins/{managerUid}/stores/{storeId}/checkins/{checkinId} {\n\n      function storeExists(storeId) {\n        return (storeId is string) && exists(/databases/$(database)/documents/stores/$(storeId));\n      }\n\n      function storeManagerMatches(managerUid, storeId) {\n        return storeExists(storeId)\n          && get(/databases/$(database)/documents/stores/$(storeId)).data.managerId == managerUid;\n      }\n\n      allow get, list: if activeManager()\n        && myUid() == managerUid\n        && storeManagerMatches(managerUid, storeId);\n\n      // (keeping your existing create/update rule as-is)\n      allow create, update: if signedIn()\n        && request.resource.data.employeeId == myUid()\n        && (request.resource.data.storeId is string)\n        && request.resource.data.storeId == storeId\n        && storeManagerMatches(managerUid, storeId)\n        && (isStoreMember(storeId) || employeeAssignedToStore(storeId));\n\n      // ✅ ADD (minimal): manager can update ONLY time fields in their mirror docs\n      allow update: if (\n          activeManager()\n          && myUid() == managerUid\n          && storeManagerMatches(managerUid, storeId)\n          && request.resource.data.employeeId == resource.data.employeeId\n          && request.resource.data.storeId == resource.data.storeId\n          && request.resource.data.createdAt == resource.data.createdAt\n          && request.resource.data.diff(resource.data).affectedKeys()\n            .hasOnly([\"checkInTime\", \"checkOutTime\", \"updatedAt\"])\n        )\n        || (\n          signedIn()\n          && request.resource.data.employeeId == myUid()\n          && (request.resource.data.storeId is string)\n          && request.resource.data.storeId == storeId\n          && storeManagerMatches(managerUid, storeId)\n          && (isStoreMember(storeId) || employeeAssignedToStore(storeId))\n        );\n\n      // ✅ FIX (minimal): manager can delete their mirror docs (and employee can delete their own)\n      allow delete: if (activeManager() && myUid() == managerUid)\n        || (signedIn() && resource.data.employeeId == myUid());\n    }\n  }\n}\n","name":"firebase/firestore.rules"}]},"createTime":"2026-03-03T06:59:13.255503Z","metadata":{"services":["cloud.firestore"]}}
[debug] [2026-03-03T06:59:13.327Z] [rules] created ruleset projects/storecheck-6fdc8/rulesets/6e1f8a70-ef49-4693-8e6b-baa9d14ad8a5
[debug] [2026-03-03T06:59:13.327Z] [rules] releasing cloud.firestore/(default) with ruleset projects/storecheck-6fdc8/rulesets/6e1f8a70-ef49-4693-8e6b-baa9d14ad8a5
[debug] [2026-03-03T06:59:13.328Z] Checked if tokens are valid: true, expires at: 1772524590441
[debug] [2026-03-03T06:59:13.328Z] Checked if tokens are valid: true, expires at: 1772524590441
[debug] [2026-03-03T06:59:13.329Z] >>> [apiv2][query] PATCH https://firebaserules.googleapis.com/v1/projects/storecheck-6fdc8/releases/cloud.firestore/(default) [none]
[debug] [2026-03-03T06:59:13.329Z] >>> [apiv2][body] PATCH https://firebaserules.googleapis.com/v1/projects/storecheck-6fdc8/releases/cloud.firestore/(default) {"release":{"name":"projects/storecheck-6fdc8/releases/cloud.firestore/(default)","rulesetName":"projects/storecheck-6fdc8/rulesets/6e1f8a70-ef49-4693-8e6b-baa9d14ad8a5"}}
[debug] [2026-03-03T06:59:13.856Z] <<< [apiv2][status] PATCH https://firebaserules.googleapis.com/v1/projects/storecheck-6fdc8/releases/cloud.firestore/(default) 200
[debug] [2026-03-03T07:28:09.000Z] ----------------------------------------------------------------------
[debug] [2026-03-03T07:28:09.012Z] Command:       /usr/local/bin/node /Users/majdinagi/.npm-global/bin/firebase deploy --only functions:removeEmployeeFromStore,functions:deleteMyAccount --project storecheck-6fdc8
[debug] [2026-03-03T07:28:09.012Z] CLI Version:   15.8.0
[debug] [2026-03-03T07:28:09.013Z] Platform:      darwin
[debug] [2026-03-03T07:28:09.013Z] Node Version:  v22.12.0
[debug] [2026-03-03T07:28:09.013Z] Time:          Tue Mar 03 2026 02:28:09 GMT-0500 (Eastern Standard Time)
[debug] [2026-03-03T07:28:09.013Z] ----------------------------------------------------------------------
[debug] 
[debug] [2026-03-03T07:28:10.979Z] > command requires scopes: ["email","openid","https://www.googleapis.com/auth/cloudplatformprojects.readonly","https://www.googleapis.com/auth/firebase","https://www.googleapis.com/auth/cloud-platform"]
[debug] [2026-03-03T07:28:10.980Z] > authorizing via signed-in user (majdinagi@gmail.com)
[debug] [2026-03-03T07:28:10.980Z] [iam] checking project storecheck-6fdc8 for permissions ["cloudfunctions.functions.create","cloudfunctions.functions.delete","cloudfunctions.functions.get","cloudfunctions.functions.list","cloudfunctions.functions.update","cloudfunctions.operations.get","firebase.projects.get"]
[debug] [2026-03-03T07:28:10.983Z] Checked if tokens are valid: true, expires at: 1772524590441
[debug] [2026-03-03T07:28:10.983Z] Checked if tokens are valid: true, expires at: 1772524590441
[debug] [2026-03-03T07:28:10.985Z] >>> [apiv2][query] POST https://cloudresourcemanager.googleapis.com/v1/projects/storecheck-6fdc8:testIamPermissions [none]
[debug] [2026-03-03T07:28:10.985Z] >>> [apiv2][(partial)header] POST https://cloudresourcemanager.googleapis.com/v1/projects/storecheck-6fdc8:testIamPermissions  x-goog-user-project=storecheck-6fdc8
[debug] [2026-03-03T07:28:10.985Z] >>> [apiv2][body] POST https://cloudresourcemanager.googleapis.com/v1/projects/storecheck-6fdc8:testIamPermissions {"permissions":["cloudfunctions.functions.create","cloudfunctions.functions.delete","cloudfunctions.functions.get","cloudfunctions.functions.list","cloudfunctions.functions.update","cloudfunctions.operations.get","firebase.projects.get"]}
[debug] [2026-03-03T07:28:11.358Z] <<< [apiv2][status] POST https://cloudresourcemanager.googleapis.com/v1/projects/storecheck-6fdc8:testIamPermissions 200
[debug] [2026-03-03T07:28:11.358Z] <<< [apiv2][body] POST https://cloudresourcemanager.googleapis.com/v1/projects/storecheck-6fdc8:testIamPermissions {"permissions":["cloudfunctions.functions.create","cloudfunctions.functions.delete","cloudfunctions.functions.get","cloudfunctions.functions.list","cloudfunctions.functions.update","cloudfunctions.operations.get","firebase.projects.get"]}
[debug] [2026-03-03T07:28:11.358Z] Checked if tokens are valid: true, expires at: 1772524590441
[debug] [2026-03-03T07:28:11.358Z] Checked if tokens are valid: true, expires at: 1772524590441
[debug] [2026-03-03T07:28:11.359Z] >>> [apiv2][query] POST https://iam.googleapis.com/v1/projects/storecheck-6fdc8/serviceAccounts/storecheck-6fdc8@appspot.gserviceaccount.com:testIamPermissions [none]
[debug] [2026-03-03T07:28:11.359Z] >>> [apiv2][body] POST https://iam.googleapis.com/v1/projects/storecheck-6fdc8/serviceAccounts/storecheck-6fdc8@appspot.gserviceaccount.com:testIamPermissions {"permissions":["iam.serviceAccounts.actAs"]}
[debug] [2026-03-03T07:28:11.551Z] <<< [apiv2][status] POST https://iam.googleapis.com/v1/projects/storecheck-6fdc8/serviceAccounts/storecheck-6fdc8@appspot.gserviceaccount.com:testIamPermissions 200
[debug] [2026-03-03T07:28:11.552Z] <<< [apiv2][body] POST https://iam.googleapis.com/v1/projects/storecheck-6fdc8/serviceAccounts/storecheck-6fdc8@appspot.gserviceaccount.com:testIamPermissions {"permissions":["iam.serviceAccounts.actAs"]}
[info] 
[info] === Deploying to 'storecheck-6fdc8'...
[info] 
[info] i  deploying functions 
[debug] [2026-03-03T07:28:11.559Z] Checked if tokens are valid: true, expires at: 1772524590441
[debug] [2026-03-03T07:28:11.559Z] Checked if tokens are valid: true, expires at: 1772524590441
[debug] [2026-03-03T07:28:11.559Z] >>> [apiv2][query] GET https://cloudresourcemanager.googleapis.com/v1/projects/storecheck-6fdc8 [none]
[debug] [2026-03-03T07:28:11.740Z] <<< [apiv2][status] GET https://cloudresourcemanager.googleapis.com/v1/projects/storecheck-6fdc8 200
[debug] [2026-03-03T07:28:11.740Z] <<< [apiv2][body] GET https://cloudresourcemanager.googleapis.com/v1/projects/storecheck-6fdc8 {"projectNumber":"90689794332","projectId":"storecheck-6fdc8","lifecycleState":"ACTIVE","name":"storeCheck","labels":{"firebase":"enabled","firebase-core":"disabled"},"createTime":"2026-02-15T05:45:59.234728Z"}
[info] i  functions: preparing codebase default for deployment 
[info] i  functions: ensuring required API cloudfunctions.googleapis.com is enabled... 
[info] i  functions: ensuring required API cloudbuild.googleapis.com is enabled... 
[info] i  artifactregistry: ensuring required API artifactregistry.googleapis.com is enabled... 
[debug] [2026-03-03T07:28:11.743Z] Checked if tokens are valid: true, expires at: 1772524590441
[debug] [2026-03-03T07:28:11.744Z] Checked if tokens are valid: true, expires at: 1772524590441
[debug] [2026-03-03T07:28:11.744Z] >>> [apiv2][query] GET https://firebase.googleapis.com/v1beta1/projects/storecheck-6fdc8/adminSdkConfig [none]
[debug] [2026-03-03T07:28:12.095Z] <<< [apiv2][status] GET https://firebase.googleapis.com/v1beta1/projects/storecheck-6fdc8/adminSdkConfig 200
[debug] [2026-03-03T07:28:12.095Z] <<< [apiv2][body] GET https://firebase.googleapis.com/v1beta1/projects/storecheck-6fdc8/adminSdkConfig {"projectId":"storecheck-6fdc8","storageBucket":"storecheck-6fdc8.firebasestorage.app"}
[debug] [2026-03-03T07:28:12.096Z] Checked if tokens are valid: true, expires at: 1772524590441
[debug] [2026-03-03T07:28:12.096Z] Checked if tokens are valid: true, expires at: 1772524590441
[debug] [2026-03-03T07:28:12.096Z] >>> [apiv2][query] GET https://runtimeconfig.googleapis.com/v1beta1/projects/storecheck-6fdc8/configs [none]
[debug] [2026-03-03T07:28:12.296Z] <<< [apiv2][status] GET https://runtimeconfig.googleapis.com/v1beta1/projects/storecheck-6fdc8/configs 200
[debug] [2026-03-03T07:28:12.296Z] <<< [apiv2][body] GET https://runtimeconfig.googleapis.com/v1beta1/projects/storecheck-6fdc8/configs {}
[debug] [2026-03-03T07:28:12.299Z] Validating nodejs source
[warn] ⚠  functions: Runtime Node.js 20 will be deprecated on 2026-04-30 and will be decommissioned on 2026-10-30, after which you will not be able to deploy without upgrading. Consider upgrading now to avoid disruption. See https://cloud.google.com/functions/docs/runtime-support for full details on the lifecycle policy 
[warn] ⚠  functions: package.json indicates an outdated version of firebase-functions. Please upgrade using npm install --save firebase-functions@latest in your functions directory. 
[warn] ⚠  functions: Please note that there will be breaking changes when you upgrade. 
[debug] [2026-03-03T07:28:13.494Z] > [functions] package.json contents: {
  "name": "storecheck-functions",
  "private": true,
  "engines": {
    "node": "20"
  },
  "main": "lib/index.js",
  "scripts": {
    "build": "tsc",
    "clean": "rm -rf lib"
  },
  "dependencies": {
    "firebase-admin": "^12.0.0",
    "firebase-functions": "^5.0.0"
  },
  "devDependencies": {
    "typescript": "^5.6.3"
  }
}
[debug] [2026-03-03T07:28:13.494Z] Building nodejs source
[info] i  functions: Loading and analyzing source code for codebase default to determine what to deploy 
[debug] [2026-03-03T07:28:13.496Z] Could not find functions.yaml. Must use http discovery
[debug] [2026-03-03T07:28:13.515Z] Found firebase-functions binary at '/Users/majdinagi/Documents/StorePass/functions/node_modules/.bin/firebase-functions'
[info] Serving at port 8344

[debug] [2026-03-03T07:28:14.504Z] Got response from /__/functions.yaml {"endpoints":{"joinStoreByCode":{"availableMemoryMb":null,"timeoutSeconds":null,"minInstances":null,"maxInstances":null,"ingressSettings":null,"concurrency":null,"serviceAccountEmail":null,"vpc":null,"platform":"gcfv2","region":["us-central1"],"labels":{},"httpsTrigger":{},"entryPoint":"joinStoreByCode"},"rotateStoreCode":{"availableMemoryMb":null,"timeoutSeconds":null,"minInstances":null,"maxInstances":null,"ingressSettings":null,"concurrency":null,"serviceAccountEmail":null,"vpc":null,"platform":"gcfv2","region":["us-central1"],"labels":{},"httpsTrigger":{},"entryPoint":"rotateStoreCode"},"getStoreJoinCode":{"availableMemoryMb":null,"timeoutSeconds":null,"minInstances":null,"maxInstances":null,"ingressSettings":null,"concurrency":null,"serviceAccountEmail":null,"vpc":null,"platform":"gcfv2","region":["us-central1"],"labels":{},"httpsTrigger":{},"entryPoint":"getStoreJoinCode"},"setUserRole":{"availableMemoryMb":null,"timeoutSeconds":null,"minInstances":null,"maxInstances":null,"ingressSettings":null,"concurrency":null,"serviceAccountEmail":null,"vpc":null,"platform":"gcfv2","region":["us-central1"],"labels":{},"httpsTrigger":{},"entryPoint":"setUserRole"},"leaveStore":{"availableMemoryMb":null,"timeoutSeconds":null,"minInstances":null,"maxInstances":null,"ingressSettings":null,"concurrency":null,"serviceAccountEmail":null,"vpc":null,"platform":"gcfv2","region":["us-central1"],"labels":{},"callableTrigger":{},"entryPoint":"leaveStore"},"removeEmployeeFromStore":{"availableMemoryMb":null,"timeoutSeconds":null,"minInstances":null,"maxInstances":null,"ingressSettings":null,"concurrency":null,"serviceAccountEmail":null,"vpc":null,"platform":"gcfv2","region":["us-central1"],"labels":{},"callableTrigger":{},"entryPoint":"removeEmployeeFromStore"},"deleteMyAccount":{"availableMemoryMb":null,"timeoutSeconds":null,"minInstances":null,"maxInstances":null,"ingressSettings":null,"concurrency":null,"serviceAccountEmail":null,"vpc":null,"platform":"gcfv2","region":["us-central1"],"labels":{},"callableTrigger":{},"entryPoint":"deleteMyAccount"},"deleteManagerAccount":{"availableMemoryMb":null,"timeoutSeconds":null,"minInstances":null,"maxInstances":null,"ingressSettings":null,"concurrency":null,"serviceAccountEmail":null,"vpc":null,"platform":"gcfv2","region":["us-central1"],"labels":{},"callableTrigger":{},"entryPoint":"deleteManagerAccount"}},"specVersion":"v1alpha1","requiredAPIs":[],"extensions":{}}
[info] i  extensions: ensuring required API firebaseextensions.googleapis.com is enabled... 
[debug] [2026-03-03T07:28:18.539Z] > command requires scopes: ["email","openid","https://www.googleapis.com/auth/cloudplatformprojects.readonly","https://www.googleapis.com/auth/firebase","https://www.googleapis.com/auth/cloud-platform"]
[debug] [2026-03-03T07:28:18.539Z] > authorizing via signed-in user (majdinagi@gmail.com)
[debug] [2026-03-03T07:28:18.539Z] [iam] checking project storecheck-6fdc8 for permissions ["firebase.projects.get","firebaseextensions.instances.list"]
[debug] [2026-03-03T07:28:18.540Z] Checked if tokens are valid: true, expires at: 1772524590441
[debug] [2026-03-03T07:28:18.540Z] Checked if tokens are valid: true, expires at: 1772524590441
[debug] [2026-03-03T07:28:18.540Z] >>> [apiv2][query] POST https://cloudresourcemanager.googleapis.com/v1/projects/storecheck-6fdc8:testIamPermissions [none]
[debug] [2026-03-03T07:28:18.541Z] >>> [apiv2][(partial)header] POST https://cloudresourcemanager.googleapis.com/v1/projects/storecheck-6fdc8:testIamPermissions  x-goog-user-project=storecheck-6fdc8
[debug] [2026-03-03T07:28:18.541Z] >>> [apiv2][body] POST https://cloudresourcemanager.googleapis.com/v1/projects/storecheck-6fdc8:testIamPermissions {"permissions":["firebase.projects.get","firebaseextensions.instances.list"]}
[debug] [2026-03-03T07:28:18.859Z] <<< [apiv2][status] POST https://cloudresourcemanager.googleapis.com/v1/projects/storecheck-6fdc8:testIamPermissions 200
[debug] [2026-03-03T07:28:18.860Z] <<< [apiv2][body] POST https://cloudresourcemanager.googleapis.com/v1/projects/storecheck-6fdc8:testIamPermissions {"permissions":["firebase.projects.get","firebaseextensions.instances.list"]}
[debug] [2026-03-03T07:28:18.860Z] Checked if tokens are valid: true, expires at: 1772524590441
[debug] [2026-03-03T07:28:18.861Z] Checked if tokens are valid: true, expires at: 1772524590441
[debug] [2026-03-03T07:28:18.865Z] >>> [apiv2][query] GET https://firebaseextensions.googleapis.com/v1beta/projects/storecheck-6fdc8/instances pageSize=100&pageToken=
[debug] [2026-03-03T07:28:19.275Z] <<< [apiv2][status] GET https://firebaseextensions.googleapis.com/v1beta/projects/storecheck-6fdc8/instances 200
[debug] [2026-03-03T07:28:19.275Z] <<< [apiv2][body] GET https://firebaseextensions.googleapis.com/v1beta/projects/storecheck-6fdc8/instances {}
[info] i  functions: preparing functions directory for uploading... 
[info] i  functions: packaged /Users/majdinagi/Documents/StorePass/functions (52.71 KB) for uploading 
[debug] [2026-03-03T07:28:19.323Z] Checked if tokens are valid: true, expires at: 1772524590441
[debug] [2026-03-03T07:28:19.323Z] Checked if tokens are valid: true, expires at: 1772524590441
[debug] [2026-03-03T07:28:19.323Z] >>> [apiv2][query] GET https://cloudfunctions.googleapis.com/v1/projects/storecheck-6fdc8/locations/-/functions [none]
[debug] [2026-03-03T07:28:20.024Z] <<< [apiv2][status] GET https://cloudfunctions.googleapis.com/v1/projects/storecheck-6fdc8/locations/-/functions 200
[debug] [2026-03-03T07:28:20.024Z] <<< [apiv2][body] GET https://cloudfunctions.googleapis.com/v1/projects/storecheck-6fdc8/locations/-/functions {}
[debug] [2026-03-03T07:28:20.024Z] Checked if tokens are valid: true, expires at: 1772524590441
[debug] [2026-03-03T07:28:20.024Z] Checked if tokens are valid: true, expires at: 1772524590441
[debug] [2026-03-03T07:28:20.025Z] >>> [apiv2][query] GET https://cloudfunctions.googleapis.com/v2/projects/storecheck-6fdc8/locations/-/functions filter=environment%3D%22GEN_2%22
[debug] [2026-03-03T07:28:20.514Z] <<< [apiv2][status] GET https://cloudfunctions.googleapis.com/v2/projects/storecheck-6fdc8/locations/-/functions 200
[debug] [2026-03-03T07:28:20.514Z] <<< [apiv2][body] GET https://cloudfunctions.googleapis.com/v2/projects/storecheck-6fdc8/locations/-/functions {"functions":[{"name":"projects/storecheck-6fdc8/locations/us-central1/functions/removeEmployeeFromStore","buildConfig":{"build":"projects/90689794332/locations/us-central1/builds/ab940dbd-52ad-4b1a-aaa3-15170df50412","runtime":"nodejs20","entryPoint":"removeEmployeeFromStore","source":{"storageSource":{"bucket":"gcf-v2-sources-90689794332-us-central1","object":"removeEmployeeFromStore/function-source.zip","generation":"1772263417816466"}},"environmentVariables":{"GOOGLE_NODE_RUN_SCRIPTS":""},"dockerRepository":"projects/storecheck-6fdc8/locations/us-central1/repositories/gcf-artifacts","sourceProvenance":{"resolvedStorageSource":{"bucket":"gcf-v2-sources-90689794332-us-central1","object":"removeEmployeeFromStore/function-source.zip","generation":"1772263417816466"}},"dockerRegistry":"ARTIFACT_REGISTRY","serviceAccount":"projects/storecheck-6fdc8/serviceAccounts/90689794332-compute@developer.gserviceaccount.com","automaticUpdatePolicy":{}},"serviceConfig":{"service":"projects/storecheck-6fdc8/locations/us-central1/services/removeemployeefromstore","timeoutSeconds":60,"environmentVariables":{"FIREBASE_CONFIG":"{\"projectId\":\"storecheck-6fdc8\",\"storageBucket\":\"storecheck-6fdc8.firebasestorage.app\"}","GCLOUD_PROJECT":"storecheck-6fdc8","EVENTARC_CLOUD_EVENT_SOURCE":"projects/storecheck-6fdc8/locations/us-central1/services/removeEmployeeFromStore","FUNCTION_TARGET":"removeEmployeeFromStore","LOG_EXECUTION_ID":"true","FUNCTION_SIGNATURE_TYPE":"http"},"maxInstanceCount":20,"ingressSettings":"ALLOW_ALL","uri":"https://removeemployeefromstore-j27oidbnmq-uc.a.run.app","serviceAccountEmail":"90689794332-compute@developer.gserviceaccount.com","availableMemory":"256Mi","allTrafficOnLatestRevision":true,"revision":"removeemployeefromstore-00015-joh","maxInstanceRequestConcurrency":80,"availableCpu":"1"},"state":"ACTIVE","updateTime":"2026-02-28T07:23:43.741569876Z","labels":{"firebase-functions-hash":"7f4e72ce02ba04833950df5461fc7f1975655136","deployment-tool":"cli-firebase","deployment-callable":"true"},"environment":"GEN_2","url":"https://us-central1-storecheck-6fdc8.cloudfunctions.net/removeEmployeeFromStore","createTime":"2026-02-23T05:41:47.060613891Z","satisfiesPzi":true},{"name":"projects/storecheck-6fdc8/locations/us-central1/functions/setUserRole","buildConfig":{"build":"projects/90689794332/locations/us-central1/builds/ab940dbd-52ad-4b1a-aaa3-15170df50412","runtime":"nodejs20","entryPoint":"setUserRole","source":{"storageSource":{"bucket":"gcf-v2-sources-90689794332-us-central1","object":"setUserRole/function-source.zip","generation":"1772263417816013"}},"environmentVariables":{"GOOGLE_NODE_RUN_SCRIPTS":""},"dockerRepository":"projects/storecheck-6fdc8/locations/us-central1/repositories/gcf-artifacts","sourceProvenance":{"resolvedStorageSource":{"bucket":"gcf-v2-sources-90689794332-us-central1","object":"setUserRole/function-source.zip","generation":"1772263417816013"}},"dockerRegistry":"ARTIFACT_REGISTRY","serviceAccount":"projects/storecheck-6fdc8/serviceAccounts/90689794332-compute@developer.gserviceaccount.com","automaticUpdatePolicy":{}},"serviceConfig":{"service":"projects/storecheck-6fdc8/locations/us-central1/services/setuserrole","timeoutSeconds":60,"environmentVariables":{"FIREBASE_CONFIG":"{\"projectId\":\"storecheck-6fdc8\",\"storageBucket\":\"storecheck-6fdc8.firebasestorage.app\"}","GCLOUD_PROJECT":"storecheck-6fdc8","EVENTARC_CLOUD_EVENT_SOURCE":"projects/storecheck-6fdc8/locations/us-central1/services/setUserRole","FUNCTION_TARGET":"setUserRole","LOG_EXECUTION_ID":"true","FUNCTION_SIGNATURE_TYPE":"http"},"maxInstanceCount":20,"ingressSettings":"ALLOW_ALL","uri":"https://setuserrole-j27oidbnmq-uc.a.run.app","serviceAccountEmail":"90689794332-compute@developer.gserviceaccount.com","availableMemory":"256Mi","allTrafficOnLatestRevision":true,"revision":"setuserrole-00016-taf","maxInstanceRequestConcurrency":80,"availableCpu":"1"},"state":"ACTIVE","updateTime":"2026-02-28T07:23:44.599205315Z","labels":{"deployment-tool":"cli-firebase","firebase-functions-hash":"7f4e72ce02ba04833950df5461fc7f1975655136"},"environment":"GEN_2","url":"https://us-central1-storecheck-6fdc8.cloudfunctions.net/setUserRole","createTime":"2026-02-21T11:06:20.192140171Z","satisfiesPzi":true},{"name":"projects/storecheck-6fdc8/locations/us-central1/functions/leaveStore","buildConfig":{"build":"projects/90689794332/locations/us-central1/builds/ab940dbd-52ad-4b1a-aaa3-15170df50412","runtime":"nodejs20","entryPoint":"leaveStore","source":{"storageSource":{"bucket":"gcf-v2-sources-90689794332-us-central1","object":"leaveStore/function-source.zip","generation":"1772263417824500"}},"environmentVariables":{"GOOGLE_NODE_RUN_SCRIPTS":""},"dockerRepository":"projects/storecheck-6fdc8/locations/us-central1/repositories/gcf-artifacts","sourceProvenance":{"resolvedStorageSource":{"bucket":"gcf-v2-sources-90689794332-us-central1","object":"leaveStore/function-source.zip","generation":"1772263417824500"}},"dockerRegistry":"ARTIFACT_REGISTRY","serviceAccount":"projects/storecheck-6fdc8/serviceAccounts/90689794332-compute@developer.gserviceaccount.com","automaticUpdatePolicy":{}},"serviceConfig":{"service":"projects/storecheck-6fdc8/locations/us-central1/services/leavestore","timeoutSeconds":60,"environmentVariables":{"FIREBASE_CONFIG":"{\"projectId\":\"storecheck-6fdc8\",\"storageBucket\":\"storecheck-6fdc8.firebasestorage.app\"}","GCLOUD_PROJECT":"storecheck-6fdc8","EVENTARC_CLOUD_EVENT_SOURCE":"projects/storecheck-6fdc8/locations/us-central1/services/leaveStore","FUNCTION_TARGET":"leaveStore","LOG_EXECUTION_ID":"true","FUNCTION_SIGNATURE_TYPE":"http"},"maxInstanceCount":20,"ingressSettings":"ALLOW_ALL","uri":"https://leavestore-j27oidbnmq-uc.a.run.app","serviceAccountEmail":"90689794332-compute@developer.gserviceaccount.com","availableMemory":"256Mi","allTrafficOnLatestRevision":true,"revision":"leavestore-00015-zab","maxInstanceRequestConcurrency":80,"availableCpu":"1"},"state":"ACTIVE","updateTime":"2026-02-28T07:23:44.649181091Z","labels":{"deployment-tool":"cli-firebase","deployment-callable":"true","firebase-functions-hash":"7f4e72ce02ba04833950df5461fc7f1975655136"},"environment":"GEN_2","url":"https://us-central1-storecheck-6fdc8.cloudfunctions.net/leaveStore","createTime":"2026-02-23T05:40:48.214301519Z","satisfiesPzi":true},{"name":"projects/storecheck-6fdc8/locations/us-central1/functions/getStoreJoinCode","buildConfig":{"build":"projects/90689794332/locations/us-central1/builds/ab940dbd-52ad-4b1a-aaa3-15170df50412","runtime":"nodejs20","entryPoint":"getStoreJoinCode","source":{"storageSource":{"bucket":"gcf-v2-sources-90689794332-us-central1","object":"getStoreJoinCode/function-source.zip","generation":"1772263417763121"}},"environmentVariables":{"GOOGLE_NODE_RUN_SCRIPTS":""},"dockerRepository":"projects/storecheck-6fdc8/locations/us-central1/repositories/gcf-artifacts","sourceProvenance":{"resolvedStorageSource":{"bucket":"gcf-v2-sources-90689794332-us-central1","object":"getStoreJoinCode/function-source.zip","generation":"1772263417763121"}},"dockerRegistry":"ARTIFACT_REGISTRY","serviceAccount":"projects/storecheck-6fdc8/serviceAccounts/90689794332-compute@developer.gserviceaccount.com","automaticUpdatePolicy":{}},"serviceConfig":{"service":"projects/storecheck-6fdc8/locations/us-central1/services/getstorejoincode","timeoutSeconds":60,"environmentVariables":{"FIREBASE_CONFIG":"{\"projectId\":\"storecheck-6fdc8\",\"storageBucket\":\"storecheck-6fdc8.firebasestorage.app\"}","GCLOUD_PROJECT":"storecheck-6fdc8","EVENTARC_CLOUD_EVENT_SOURCE":"projects/storecheck-6fdc8/locations/us-central1/services/getStoreJoinCode","FUNCTION_TARGET":"getStoreJoinCode","LOG_EXECUTION_ID":"true","FUNCTION_SIGNATURE_TYPE":"http"},"maxInstanceCount":20,"ingressSettings":"ALLOW_ALL","uri":"https://getstorejoincode-j27oidbnmq-uc.a.run.app","serviceAccountEmail":"90689794332-compute@developer.gserviceaccount.com","availableMemory":"256Mi","allTrafficOnLatestRevision":true,"revision":"getstorejoincode-00017-dis","maxInstanceRequestConcurrency":80,"availableCpu":"1"},"state":"ACTIVE","updateTime":"2026-02-28T07:23:43.861439293Z","labels":{"deployment-tool":"cli-firebase","firebase-functions-hash":"7f4e72ce02ba04833950df5461fc7f1975655136"},"environment":"GEN_2","url":"https://us-central1-storecheck-6fdc8.cloudfunctions.net/getStoreJoinCode","createTime":"2026-02-21T08:13:03.293631242Z","satisfiesPzi":true},{"name":"projects/storecheck-6fdc8/locations/us-central1/functions/joinStoreByCode","buildConfig":{"build":"projects/90689794332/locations/us-central1/builds/ab940dbd-52ad-4b1a-aaa3-15170df50412","runtime":"nodejs20","entryPoint":"joinStoreByCode","source":{"storageSource":{"bucket":"gcf-v2-sources-90689794332-us-central1","object":"joinStoreByCode/function-source.zip","generation":"1772263368586471"}},"environmentVariables":{"GOOGLE_NODE_RUN_SCRIPTS":""},"dockerRepository":"projects/storecheck-6fdc8/locations/us-central1/repositories/gcf-artifacts","sourceProvenance":{"resolvedStorageSource":{"bucket":"gcf-v2-sources-90689794332-us-central1","object":"joinStoreByCode/function-source.zip","generation":"1772263368586471"}},"dockerRegistry":"ARTIFACT_REGISTRY","serviceAccount":"projects/storecheck-6fdc8/serviceAccounts/90689794332-compute@developer.gserviceaccount.com","automaticUpdatePolicy":{}},"serviceConfig":{"service":"projects/storecheck-6fdc8/locations/us-central1/services/joinstorebycode","timeoutSeconds":60,"environmentVariables":{"FIREBASE_CONFIG":"{\"projectId\":\"storecheck-6fdc8\",\"storageBucket\":\"storecheck-6fdc8.firebasestorage.app\"}","GCLOUD_PROJECT":"storecheck-6fdc8","EVENTARC_CLOUD_EVENT_SOURCE":"projects/storecheck-6fdc8/locations/us-central1/services/joinStoreByCode","FUNCTION_TARGET":"joinStoreByCode","LOG_EXECUTION_ID":"true","FUNCTION_SIGNATURE_TYPE":"http"},"maxInstanceCount":20,"ingressSettings":"ALLOW_ALL","uri":"https://joinstorebycode-j27oidbnmq-uc.a.run.app","serviceAccountEmail":"90689794332-compute@developer.gserviceaccount.com","availableMemory":"256Mi","allTrafficOnLatestRevision":true,"revision":"joinstorebycode-00017-ven","maxInstanceRequestConcurrency":80,"availableCpu":"1"},"state":"ACTIVE","updateTime":"2026-02-28T07:23:43.039840165Z","labels":{"deployment-tool":"cli-firebase","firebase-functions-hash":"7f4e72ce02ba04833950df5461fc7f1975655136"},"environment":"GEN_2","url":"https://us-central1-storecheck-6fdc8.cloudfunctions.net/joinStoreByCode","createTime":"2026-02-21T08:11:42.922325284Z","satisfiesPzi":true},{"name":"projects/storecheck-6fdc8/locations/us-central1/functions/rotateStoreCode","buildConfig":{"build":"projects/90689794332/locations/us-central1/builds/ab940dbd-52ad-4b1a-aaa3-15170df50412","runtime":"nodejs20","entryPoint":"rotateStoreCode","source":{"storageSource":{"bucket":"gcf-v2-sources-90689794332-us-central1","object":"rotateStoreCode/function-source.zip","generation":"1772263417811668"}},"environmentVariables":{"GOOGLE_NODE_RUN_SCRIPTS":""},"dockerRepository":"projects/storecheck-6fdc8/locations/us-central1/repositories/gcf-artifacts","sourceProvenance":{"resolvedStorageSource":{"bucket":"gcf-v2-sources-90689794332-us-central1","object":"rotateStoreCode/function-source.zip","generation":"1772263417811668"}},"dockerRegistry":"ARTIFACT_REGISTRY","serviceAccount":"projects/storecheck-6fdc8/serviceAccounts/90689794332-compute@developer.gserviceaccount.com","automaticUpdatePolicy":{}},"serviceConfig":{"service":"projects/storecheck-6fdc8/locations/us-central1/services/rotatestorecode","timeoutSeconds":60,"environmentVariables":{"FIREBASE_CONFIG":"{\"projectId\":\"storecheck-6fdc8\",\"storageBucket\":\"storecheck-6fdc8.firebasestorage.app\"}","GCLOUD_PROJECT":"storecheck-6fdc8","EVENTARC_CLOUD_EVENT_SOURCE":"projects/storecheck-6fdc8/locations/us-central1/services/rotateStoreCode","FUNCTION_TARGET":"rotateStoreCode","LOG_EXECUTION_ID":"true","FUNCTION_SIGNATURE_TYPE":"http"},"maxInstanceCount":20,"ingressSettings":"ALLOW_ALL","uri":"https://rotatestorecode-j27oidbnmq-uc.a.run.app","serviceAccountEmail":"90689794332-compute@developer.gserviceaccount.com","availableMemory":"256Mi","allTrafficOnLatestRevision":true,"revision":"rotatestorecode-00017-dar","maxInstanceRequestConcurrency":80,"availableCpu":"1"},"state":"ACTIVE","updateTime":"2026-02-28T07:23:44.207451773Z","labels":{"deployment-tool":"cli-firebase","firebase-functions-hash":"7f4e72ce02ba04833950df5461fc7f1975655136"},"environment":"GEN_2","url":"https://us-central1-storecheck-6fdc8.cloudfunctions.net/rotateStoreCode","createTime":"2026-02-21T08:13:03.268694037Z","satisfiesPzi":true},{"name":"projects/storecheck-6fdc8/locations/us-central1/functions/deleteManagerAccount","buildConfig":{"build":"projects/90689794332/locations/us-central1/builds/ab940dbd-52ad-4b1a-aaa3-15170df50412","runtime":"nodejs20","entryPoint":"deleteManagerAccount","source":{"storageSource":{"bucket":"gcf-v2-sources-90689794332-us-central1","object":"deleteManagerAccount/function-source.zip","generation":"1772263417823838"}},"environmentVariables":{"GOOGLE_NODE_RUN_SCRIPTS":""},"dockerRepository":"projects/storecheck-6fdc8/locations/us-central1/repositories/gcf-artifacts","sourceProvenance":{"resolvedStorageSource":{"bucket":"gcf-v2-sources-90689794332-us-central1","object":"deleteManagerAccount/function-source.zip","generation":"1772263417823838"}},"dockerRegistry":"ARTIFACT_REGISTRY","serviceAccount":"projects/storecheck-6fdc8/serviceAccounts/90689794332-compute@developer.gserviceaccount.com","automaticUpdatePolicy":{}},"serviceConfig":{"service":"projects/storecheck-6fdc8/locations/us-central1/services/deletemanageraccount","timeoutSeconds":60,"environmentVariables":{"FIREBASE_CONFIG":"{\"projectId\":\"storecheck-6fdc8\",\"storageBucket\":\"storecheck-6fdc8.firebasestorage.app\"}","GCLOUD_PROJECT":"storecheck-6fdc8","EVENTARC_CLOUD_EVENT_SOURCE":"projects/storecheck-6fdc8/locations/us-central1/services/deleteManagerAccount","FUNCTION_TARGET":"deleteManagerAccount","LOG_EXECUTION_ID":"true","FUNCTION_SIGNATURE_TYPE":"http"},"maxInstanceCount":20,"ingressSettings":"ALLOW_ALL","uri":"https://deletemanageraccount-j27oidbnmq-uc.a.run.app","serviceAccountEmail":"90689794332-compute@developer.gserviceaccount.com","availableMemory":"256Mi","allTrafficOnLatestRevision":true,"revision":"deletemanageraccount-00014-luw","maxInstanceRequestConcurrency":80,"availableCpu":"1"},"state":"ACTIVE","updateTime":"2026-02-28T07:23:44.356336178Z","labels":{"deployment-tool":"cli-firebase","deployment-callable":"true","firebase-functions-hash":"7f4e72ce02ba04833950df5461fc7f1975655136"},"environment":"GEN_2","url":"https://us-central1-storecheck-6fdc8.cloudfunctions.net/deleteManagerAccount","createTime":"2026-02-23T07:47:40.483842158Z","satisfiesPzi":true},{"name":"projects/storecheck-6fdc8/locations/us-central1/functions/deleteMyAccount","buildConfig":{"build":"projects/90689794332/locations/us-central1/builds/ab940dbd-52ad-4b1a-aaa3-15170df50412","runtime":"nodejs20","entryPoint":"deleteMyAccount","source":{"storageSource":{"bucket":"gcf-v2-sources-90689794332-us-central1","object":"deleteMyAccount/function-source.zip","generation":"1772263417720484"}},"environmentVariables":{"GOOGLE_NODE_RUN_SCRIPTS":""},"dockerRepository":"projects/storecheck-6fdc8/locations/us-central1/repositories/gcf-artifacts","sourceProvenance":{"resolvedStorageSource":{"bucket":"gcf-v2-sources-90689794332-us-central1","object":"deleteMyAccount/function-source.zip","generation":"1772263417720484"}},"dockerRegistry":"ARTIFACT_REGISTRY","serviceAccount":"projects/storecheck-6fdc8/serviceAccounts/90689794332-compute@developer.gserviceaccount.com","automaticUpdatePolicy":{}},"serviceConfig":{"service":"projects/storecheck-6fdc8/locations/us-central1/services/deletemyaccount","timeoutSeconds":60,"environmentVariables":{"FIREBASE_CONFIG":"{\"projectId\":\"storecheck-6fdc8\",\"storageBucket\":\"storecheck-6fdc8.firebasestorage.app\"}","GCLOUD_PROJECT":"storecheck-6fdc8","EVENTARC_CLOUD_EVENT_SOURCE":"projects/storecheck-6fdc8/locations/us-central1/services/deleteMyAccount","FUNCTION_TARGET":"deleteMyAccount","LOG_EXECUTION_ID":"true","FUNCTION_SIGNATURE_TYPE":"http"},"maxInstanceCount":20,"ingressSettings":"ALLOW_ALL","uri":"https://deletemyaccount-j27oidbnmq-uc.a.run.app","serviceAccountEmail":"90689794332-compute@developer.gserviceaccount.com","availableMemory":"256Mi","allTrafficOnLatestRevision":true,"revision":"deletemyaccount-00013-zem","maxInstanceRequestConcurrency":80,"availableCpu":"1"},"state":"ACTIVE","updateTime":"2026-02-28T07:23:44.686873500Z","labels":{"firebase-functions-hash":"7f4e72ce02ba04833950df5461fc7f1975655136","deployment-tool":"cli-firebase","deployment-callable":"true"},"environment":"GEN_2","url":"https://us-central1-storecheck-6fdc8.cloudfunctions.net/deleteMyAccount","createTime":"2026-02-23T08:59:00.455214369Z","satisfiesPzi":true}]}
[info] i  functions: ensuring required API run.googleapis.com is enabled... 
[info] i  functions: ensuring required API eventarc.googleapis.com is enabled... 
[info] i  functions: ensuring required API pubsub.googleapis.com is enabled... 
[info] i  functions: ensuring required API storage.googleapis.com is enabled... 
[info] i  functions: generating the service identity for pubsub.googleapis.com... 
[debug] [2026-03-03T07:28:20.525Z] Checked if tokens are valid: true, expires at: 1772524590441
[debug] [2026-03-03T07:28:20.525Z] Checked if tokens are valid: true, expires at: 1772524590441
[info] i  functions: generating the service identity for eventarc.googleapis.com... 
[debug] [2026-03-03T07:28:20.526Z] Checked if tokens are valid: true, expires at: 1772524590441
[debug] [2026-03-03T07:28:20.526Z] Checked if tokens are valid: true, expires at: 1772524590441
[debug] [2026-03-03T07:28:20.526Z] >>> [apiv2][query] POST https://serviceusage.googleapis.com/v1beta1/projects/90689794332/services/pubsub.googleapis.com:generateServiceIdentity [none]
[debug] [2026-03-03T07:28:20.527Z] >>> [apiv2][(partial)header] POST https://serviceusage.googleapis.com/v1beta1/projects/90689794332/services/pubsub.googleapis.com:generateServiceIdentity  x-goog-user-project=90689794332
[debug] [2026-03-03T07:28:20.527Z] >>> [apiv2][body] POST https://serviceusage.googleapis.com/v1beta1/projects/90689794332/services/pubsub.googleapis.com:generateServiceIdentity {}
[debug] [2026-03-03T07:28:20.531Z] >>> [apiv2][query] POST https://serviceusage.googleapis.com/v1beta1/projects/90689794332/services/eventarc.googleapis.com:generateServiceIdentity [none]
[debug] [2026-03-03T07:28:20.531Z] >>> [apiv2][(partial)header] POST https://serviceusage.googleapis.com/v1beta1/projects/90689794332/services/eventarc.googleapis.com:generateServiceIdentity  x-goog-user-project=90689794332
[debug] [2026-03-03T07:28:20.531Z] >>> [apiv2][body] POST https://serviceusage.googleapis.com/v1beta1/projects/90689794332/services/eventarc.googleapis.com:generateServiceIdentity {}
[debug] [2026-03-03T07:28:21.035Z] <<< [apiv2][status] POST https://serviceusage.googleapis.com/v1beta1/projects/90689794332/services/eventarc.googleapis.com:generateServiceIdentity 200
[debug] [2026-03-03T07:28:21.036Z] <<< [apiv2][body] POST https://serviceusage.googleapis.com/v1beta1/projects/90689794332/services/eventarc.googleapis.com:generateServiceIdentity {"name":"operations/finished.DONE_OPERATION","done":true,"response":{"@type":"type.googleapis.com/google.api.serviceusage.v1beta1.ServiceIdentity","email":"service-90689794332@gcp-sa-eventarc.iam.gserviceaccount.com","uniqueId":"108774278062214052811"}}
[debug] [2026-03-03T07:28:21.060Z] <<< [apiv2][status] POST https://serviceusage.googleapis.com/v1beta1/projects/90689794332/services/pubsub.googleapis.com:generateServiceIdentity 200
[debug] [2026-03-03T07:28:21.060Z] <<< [apiv2][body] POST https://serviceusage.googleapis.com/v1beta1/projects/90689794332/services/pubsub.googleapis.com:generateServiceIdentity {"name":"operations/finished.DONE_OPERATION","done":true,"response":{"@type":"type.googleapis.com/google.api.serviceusage.v1beta1.ServiceIdentity","email":"service-90689794332@gcp-sa-pubsub.iam.gserviceaccount.com","uniqueId":"103262922897180099960"}}
[debug] [2026-03-03T07:28:21.063Z] Checked if tokens are valid: true, expires at: 1772524590441
[debug] [2026-03-03T07:28:21.063Z] Checked if tokens are valid: true, expires at: 1772524590441
[debug] [2026-03-03T07:28:21.063Z] >>> [apiv2][query] GET https://cloudresourcemanager.googleapis.com/v1/projects/storecheck-6fdc8 [none]
[debug] [2026-03-03T07:28:21.178Z] <<< [apiv2][status] GET https://cloudresourcemanager.googleapis.com/v1/projects/storecheck-6fdc8 200
[debug] [2026-03-03T07:28:21.178Z] <<< [apiv2][body] GET https://cloudresourcemanager.googleapis.com/v1/projects/storecheck-6fdc8 {"projectNumber":"90689794332","projectId":"storecheck-6fdc8","lifecycleState":"ACTIVE","name":"storeCheck","labels":{"firebase":"enabled","firebase-core":"disabled"},"createTime":"2026-02-15T05:45:59.234728Z"}
[debug] [2026-03-03T07:28:21.178Z] Checked if tokens are valid: true, expires at: 1772524590441
[debug] [2026-03-03T07:28:21.178Z] Checked if tokens are valid: true, expires at: 1772524590441
[debug] [2026-03-03T07:28:21.178Z] >>> [apiv2][query] GET https://compute.googleapis.com/compute/v1/projects/90689794332 [none]
[debug] [2026-03-03T07:28:21.474Z] <<< [apiv2][status] GET https://compute.googleapis.com/compute/v1/projects/90689794332 403
[debug] [2026-03-03T07:28:21.475Z] <<< [apiv2][body] GET https://compute.googleapis.com/compute/v1/projects/90689794332 {"error":{"code":403,"message":"Compute Engine API has not been used in project 90689794332 before or it is disabled. Enable it by visiting https://console.developers.google.com/apis/api/compute.googleapis.com/overview?project=90689794332 then retry. If you enabled this API recently, wait a few minutes for the action to propagate to our systems and retry.","errors":[{"message":"Compute Engine API has not been used in project 90689794332 before or it is disabled. Enable it by visiting https://console.developers.google.com/apis/api/compute.googleapis.com/overview?project=90689794332 then retry. If you enabled this API recently, wait a few minutes for the action to propagate to our systems and retry.","domain":"usageLimits","reason":"accessNotConfigured","extendedHelp":"https://console.developers.google.com"}],"status":"PERMISSION_DENIED","details":[{"@type":"type.googleapis.com/google.rpc.ErrorInfo","reason":"SERVICE_DISABLED","domain":"googleapis.com","metadata":{"consumer":"projects/90689794332","containerInfo":"90689794332","service":"compute.googleapis.com","serviceTitle":"Compute Engine API","activationUrl":"https://console.developers.google.com/apis/api/compute.googleapis.com/overview?project=90689794332"}},{"@type":"type.googleapis.com/google.rpc.LocalizedMessage","locale":"en-US","message":"Compute Engine API has not been used in project 90689794332 before or it is disabled. Enable it by visiting https://console.developers.google.com/apis/api/compute.googleapis.com/overview?project=90689794332 then retry. If you enabled this API recently, wait a few minutes for the action to propagate to our systems and retry."},{"@type":"type.googleapis.com/google.rpc.Help","links":[{"description":"Google developers console API activation","url":"https://console.developers.google.com/apis/api/compute.googleapis.com/overview?project=90689794332"}]}]}}
[debug] [2026-03-03T07:28:21.475Z] unable to look up default compute service account. Falling back to 90689794332-compute@developer.gserviceaccount.com. Error: {"name":"FirebaseError","children":[],"context":{"body":{"error":{"code":403,"message":"Compute Engine API has not been used in project 90689794332 before or it is disabled. Enable it by visiting https://console.developers.google.com/apis/api/compute.googleapis.com/overview?project=90689794332 then retry. If you enabled this API recently, wait a few minutes for the action to propagate to our systems and retry.","errors":[{"message":"Compute Engine API has not been used in project 90689794332 before or it is disabled. Enable it by visiting https://console.developers.google.com/apis/api/compute.googleapis.com/overview?project=90689794332 then retry. If you enabled this API recently, wait a few minutes for the action to propagate to our systems and retry.","domain":"usageLimits","reason":"accessNotConfigured","extendedHelp":"https://console.developers.google.com"}],"status":"PERMISSION_DENIED","details":[{"@type":"type.googleapis.com/google.rpc.ErrorInfo","reason":"SERVICE_DISABLED","domain":"googleapis.com","metadata":{"consumer":"projects/90689794332","containerInfo":"90689794332","service":"compute.googleapis.com","serviceTitle":"Compute Engine API","activationUrl":"https://console.developers.google.com/apis/api/compute.googleapis.com/overview?project=90689794332"}},{"@type":"type.googleapis.com/google.rpc.LocalizedMessage","locale":"en-US","message":"Compute Engine API has not been used in project 90689794332 before or it is disabled. Enable it by visiting https://console.developers.google.com/apis/api/compute.googleapis.com/overview?project=90689794332 then retry. If you enabled this API recently, wait a few minutes for the action to propagate to our systems and retry."},{"@type":"type.googleapis.com/google.rpc.Help","links":[{"description":"Google developers console API activation","url":"https://console.developers.google.com/apis/api/compute.googleapis.com/overview?project=90689794332"}]}]}},"response":{"statusCode":403}},"exit":1,"message":"Request to https://compute.googleapis.com/compute/v1/projects/90689794332 had HTTP Error: 403, Compute Engine API has not been used in project 90689794332 before or it is disabled. Enable it by visiting https://console.developers.google.com/apis/api/compute.googleapis.com/overview?project=90689794332 then retry. If you enabled this API recently, wait a few minutes for the action to propagate to our systems and retry.","status":403}
[debug] [2026-03-03T07:28:21.476Z] Checked if tokens are valid: true, expires at: 1772524590441
[debug] [2026-03-03T07:28:21.476Z] Checked if tokens are valid: true, expires at: 1772524590441
[debug] [2026-03-03T07:28:21.476Z] >>> [apiv2][query] GET https://compute.googleapis.com/compute/v1/projects/90689794332 [none]
[debug] [2026-03-03T07:28:21.597Z] <<< [apiv2][status] GET https://compute.googleapis.com/compute/v1/projects/90689794332 403
[debug] [2026-03-03T07:28:21.597Z] <<< [apiv2][body] GET https://compute.googleapis.com/compute/v1/projects/90689794332 {"error":{"code":403,"message":"Compute Engine API has not been used in project 90689794332 before or it is disabled. Enable it by visiting https://console.developers.google.com/apis/api/compute.googleapis.com/overview?project=90689794332 then retry. If you enabled this API recently, wait a few minutes for the action to propagate to our systems and retry.","errors":[{"message":"Compute Engine API has not been used in project 90689794332 before or it is disabled. Enable it by visiting https://console.developers.google.com/apis/api/compute.googleapis.com/overview?project=90689794332 then retry. If you enabled this API recently, wait a few minutes for the action to propagate to our systems and retry.","domain":"usageLimits","reason":"accessNotConfigured","extendedHelp":"https://console.developers.google.com"}],"status":"PERMISSION_DENIED","details":[{"@type":"type.googleapis.com/google.rpc.ErrorInfo","reason":"SERVICE_DISABLED","domain":"googleapis.com","metadata":{"service":"compute.googleapis.com","activationUrl":"https://console.developers.google.com/apis/api/compute.googleapis.com/overview?project=90689794332","consumer":"projects/90689794332","serviceTitle":"Compute Engine API","containerInfo":"90689794332"}},{"@type":"type.googleapis.com/google.rpc.LocalizedMessage","locale":"en-US","message":"Compute Engine API has not been used in project 90689794332 before or it is disabled. Enable it by visiting https://console.developers.google.com/apis/api/compute.googleapis.com/overview?project=90689794332 then retry. If you enabled this API recently, wait a few minutes for the action to propagate to our systems and retry."},{"@type":"type.googleapis.com/google.rpc.Help","links":[{"description":"Google developers console API activation","url":"https://console.developers.google.com/apis/api/compute.googleapis.com/overview?project=90689794332"}]}]}}
[debug] [2026-03-03T07:28:21.598Z] unable to look up default compute service account. Falling back to 90689794332-compute@developer.gserviceaccount.com. Error: {"name":"FirebaseError","children":[],"context":{"body":{"error":{"code":403,"message":"Compute Engine API has not been used in project 90689794332 before or it is disabled. Enable it by visiting https://console.developers.google.com/apis/api/compute.googleapis.com/overview?project=90689794332 then retry. If you enabled this API recently, wait a few minutes for the action to propagate to our systems and retry.","errors":[{"message":"Compute Engine API has not been used in project 90689794332 before or it is disabled. Enable it by visiting https://console.developers.google.com/apis/api/compute.googleapis.com/overview?project=90689794332 then retry. If you enabled this API recently, wait a few minutes for the action to propagate to our systems and retry.","domain":"usageLimits","reason":"accessNotConfigured","extendedHelp":"https://console.developers.google.com"}],"status":"PERMISSION_DENIED","details":[{"@type":"type.googleapis.com/google.rpc.ErrorInfo","reason":"SERVICE_DISABLED","domain":"googleapis.com","metadata":{"service":"compute.googleapis.com","activationUrl":"https://console.developers.google.com/apis/api/compute.googleapis.com/overview?project=90689794332","consumer":"projects/90689794332","serviceTitle":"Compute Engine API","containerInfo":"90689794332"}},{"@type":"type.googleapis.com/google.rpc.LocalizedMessage","locale":"en-US","message":"Compute Engine API has not been used in project 90689794332 before or it is disabled. Enable it by visiting https://console.developers.google.com/apis/api/compute.googleapis.com/overview?project=90689794332 then retry. If you enabled this API recently, wait a few minutes for the action to propagate to our systems and retry."},{"@type":"type.googleapis.com/google.rpc.Help","links":[{"description":"Google developers console API activation","url":"https://console.developers.google.com/apis/api/compute.googleapis.com/overview?project=90689794332"}]}]}},"response":{"statusCode":403}},"exit":1,"message":"Request to https://compute.googleapis.com/compute/v1/projects/90689794332 had HTTP Error: 403, Compute Engine API has not been used in project 90689794332 before or it is disabled. Enable it by visiting https://console.developers.google.com/apis/api/compute.googleapis.com/overview?project=90689794332 then retry. If you enabled this API recently, wait a few minutes for the action to propagate to our systems and retry.","status":403}
[debug] [2026-03-03T07:28:21.601Z] Checked if tokens are valid: true, expires at: 1772524590441
[debug] [2026-03-03T07:28:21.602Z] Checked if tokens are valid: true, expires at: 1772524590441
[debug] [2026-03-03T07:28:21.602Z] >>> [apiv2][query] GET https://cloudbilling.googleapis.com/v1/projects/storecheck-6fdc8/billingInfo [none]
[debug] [2026-03-03T07:28:21.976Z] <<< [apiv2][status] GET https://cloudbilling.googleapis.com/v1/projects/storecheck-6fdc8/billingInfo 200
[debug] [2026-03-03T07:28:21.977Z] <<< [apiv2][body] GET https://cloudbilling.googleapis.com/v1/projects/storecheck-6fdc8/billingInfo {"name":"projects/storecheck-6fdc8/billingInfo","projectId":"storecheck-6fdc8","billingAccountName":"billingAccounts/015FE0-FED1C1-4DD237","billingEnabled":true}
[debug] [2026-03-03T07:28:21.979Z] Checked if tokens are valid: true, expires at: 1772524590441
[debug] [2026-03-03T07:28:21.980Z] Checked if tokens are valid: true, expires at: 1772524590441
[debug] [2026-03-03T07:28:21.980Z] >>> [apiv2][query] POST https://cloudfunctions.googleapis.com/v2/projects/storecheck-6fdc8/locations/us-central1/functions:generateUploadUrl [none]
[debug] [2026-03-03T07:28:22.506Z] <<< [apiv2][status] POST https://cloudfunctions.googleapis.com/v2/projects/storecheck-6fdc8/locations/us-central1/functions:generateUploadUrl 200
[debug] [2026-03-03T07:28:22.506Z] <<< [apiv2][body] POST https://cloudfunctions.googleapis.com/v2/projects/storecheck-6fdc8/locations/us-central1/functions:generateUploadUrl {"uploadUrl":"https://storage.googleapis.com/gcf-v2-uploads-90689794332.us-central1.cloudfunctions.appspot.com/66ee4753-dc34-4adc-acc5-a538da0e0b9a.zip?GoogleAccessId=service-90689794332@gcf-admin-robot.iam.gserviceaccount.com&Expires=1772524702&Signature=bkm9l3Q7ydQgnmt9Ld2LcZ4saoP5BnWsP43G8wHVv%2FBv0ZSRlDbVTHyrK3hKKoTIAyWPEZGCe3LWai4qJ53pOr14iWdcB%2BmMM4XIBi4TtXqA4rwrpz0SZ93aQeXRoFjjzmUNzJywYkkwTMpNTpJbfAk1UT5jfUT8u5GtOoCTRxbgmcFhvztwAZUhS225D772UUDlFBnDsNxPfe0%2FhJN%2FB5lPi0%2BMdvcAk9Kz5gdvYVT5g0SvutUIoflJeazk8%2BdAC1gedOGz5mvAoz3nEl6Sy7sqpYwxwAhKuo0SHCrjmnabyORVoliOoCfhLg5gMBzqjDAEBiAC9YTrRczXrnEVig%3D%3D","storageSource":{"bucket":"gcf-v2-uploads-90689794332.us-central1.cloudfunctions.appspot.com","object":"66ee4753-dc34-4adc-acc5-a538da0e0b9a.zip"}}
[debug] [2026-03-03T07:28:22.507Z] >>> [apiv2][query] PUT https://storage.googleapis.com/gcf-v2-uploads-90689794332.us-central1.cloudfunctions.appspot.com/66ee4753-dc34-4adc-acc5-a538da0e0b9a.zip GoogleAccessId=service-90689794332%40gcf-admin-robot.iam.gserviceaccount.com&Expires=1772524702&Signature=bkm9l3Q7ydQgnmt9Ld2LcZ4saoP5BnWsP43G8wHVv%2FBv0ZSRlDbVTHyrK3hKKoTIAyWPEZGCe3LWai4qJ53pOr14iWdcB%2BmMM4XIBi4TtXqA4rwrpz0SZ93aQeXRoFjjzmUNzJywYkkwTMpNTpJbfAk1UT5jfUT8u5GtOoCTRxbgmcFhvztwAZUhS225D772UUDlFBnDsNxPfe0%2FhJN%2FB5lPi0%2BMdvcAk9Kz5gdvYVT5g0SvutUIoflJeazk8%2BdAC1gedOGz5mvAoz3nEl6Sy7sqpYwxwAhKuo0SHCrjmnabyORVoliOoCfhLg5gMBzqjDAEBiAC9YTrRczXrnEVig%3D%3D
[debug] [2026-03-03T07:28:22.507Z] >>> [apiv2][body] PUT https://storage.googleapis.com/gcf-v2-uploads-90689794332.us-central1.cloudfunctions.appspot.com/66ee4753-dc34-4adc-acc5-a538da0e0b9a.zip [stream]
[debug] [2026-03-03T07:28:23.039Z] <<< [apiv2][status] PUT https://storage.googleapis.com/gcf-v2-uploads-90689794332.us-central1.cloudfunctions.appspot.com/66ee4753-dc34-4adc-acc5-a538da0e0b9a.zip 200
[debug] [2026-03-03T07:28:23.039Z] <<< [apiv2][body] PUT https://storage.googleapis.com/gcf-v2-uploads-90689794332.us-central1.cloudfunctions.appspot.com/66ee4753-dc34-4adc-acc5-a538da0e0b9a.zip [omitted]
[info] ✔  functions: functions source uploaded successfully 
[info] i  functions: updating Node.js 20 (2nd Gen) function removeEmployeeFromStore(us-central1)... 
[info] i  functions: updating Node.js 20 (2nd Gen) function deleteMyAccount(us-central1)... 
[debug] [2026-03-03T07:28:23.046Z] Checked if tokens are valid: true, expires at: 1772524590441
[debug] [2026-03-03T07:28:23.046Z] Checked if tokens are valid: true, expires at: 1772524590441
[debug] [2026-03-03T07:28:23.047Z] >>> [apiv2][query] PATCH https://cloudfunctions.googleapis.com/v2/projects/storecheck-6fdc8/locations/us-central1/functions/removeEmployeeFromStore updateMask=name%2CbuildConfig.runtime%2CbuildConfig.entryPoint%2CbuildConfig.source.storageSource.bucket%2CbuildConfig.source.storageSource.object%2CbuildConfig.environmentVariables%2CbuildConfig.sourceToken%2CserviceConfig.environmentVariables%2CserviceConfig.ingressSettings%2CserviceConfig.timeoutSeconds%2CserviceConfig.serviceAccountEmail%2CserviceConfig.availableMemory%2CserviceConfig.minInstanceCount%2CserviceConfig.maxInstanceCount%2CserviceConfig.maxInstanceRequestConcurrency%2CserviceConfig.availableCpu%2CserviceConfig.vpcConnector%2CserviceConfig.vpcConnectorEgressSettings%2Clabels
[debug] [2026-03-03T07:28:23.047Z] >>> [apiv2][body] PATCH https://cloudfunctions.googleapis.com/v2/projects/storecheck-6fdc8/locations/us-central1/functions/removeEmployeeFromStore {"name":"projects/storecheck-6fdc8/locations/us-central1/functions/removeEmployeeFromStore","buildConfig":{"runtime":"nodejs20","entryPoint":"removeEmployeeFromStore","source":{"storageSource":{"bucket":"gcf-v2-uploads-90689794332.us-central1.cloudfunctions.appspot.com","object":"66ee4753-dc34-4adc-acc5-a538da0e0b9a.zip"}},"environmentVariables":{"GOOGLE_NODE_RUN_SCRIPTS":""}},"serviceConfig":{"environmentVariables":{"FIREBASE_CONFIG":"{\"projectId\":\"storecheck-6fdc8\",\"storageBucket\":\"storecheck-6fdc8.firebasestorage.app\"}","GCLOUD_PROJECT":"storecheck-6fdc8","EVENTARC_CLOUD_EVENT_SOURCE":"projects/storecheck-6fdc8/locations/us-central1/services/removeEmployeeFromStore","FUNCTION_TARGET":"removeEmployeeFromStore","LOG_EXECUTION_ID":"true","FUNCTION_SIGNATURE_TYPE":"http"},"ingressSettings":null,"timeoutSeconds":null,"serviceAccountEmail":null,"availableMemory":"256Mi","minInstanceCount":null,"maxInstanceCount":null,"maxInstanceRequestConcurrency":80,"availableCpu":"1","vpcConnector":null,"vpcConnectorEgressSettings":null},"labels":{"deployment-tool":"cli-firebase","deployment-callable":"true","firebase-functions-hash":"332b57c40de031c24d04cf54ac79efd55db287b1"}}
[debug] [2026-03-03T07:28:24.188Z] <<< [apiv2][status] PATCH https://cloudfunctions.googleapis.com/v2/projects/storecheck-6fdc8/locations/us-central1/functions/removeEmployeeFromStore 200
[debug] [2026-03-03T07:28:24.188Z] <<< [apiv2][body] PATCH https://cloudfunctions.googleapis.com/v2/projects/storecheck-6fdc8/locations/us-central1/functions/removeEmployeeFromStore {"name":"projects/storecheck-6fdc8/locations/us-central1/operations/operation-1772522903270-64c19a60173fd-61e9ebc8-5de346f6","metadata":{"@type":"type.googleapis.com/google.cloud.functions.v2.OperationMetadata","createTime":"2026-03-03T07:28:24.155716438Z","target":"projects/storecheck-6fdc8/locations/us-central1/functions/removeEmployeeFromStore","verb":"update","cancelRequested":false,"apiVersion":"v2"},"done":false}
[debug] [2026-03-03T07:28:24.189Z] Checked if tokens are valid: true, expires at: 1772524590441
[debug] [2026-03-03T07:28:24.189Z] Checked if tokens are valid: true, expires at: 1772524590441
[debug] [2026-03-03T07:28:24.190Z] >>> [apiv2][query] GET https://cloudfunctions.googleapis.com/v2/projects/storecheck-6fdc8/locations/us-central1/operations/operation-1772522903270-64c19a60173fd-61e9ebc8-5de346f6 [none]
[debug] [2026-03-03T07:28:24.459Z] <<< [apiv2][status] GET https://cloudfunctions.googleapis.com/v2/projects/storecheck-6fdc8/locations/us-central1/operations/operation-1772522903270-64c19a60173fd-61e9ebc8-5de346f6 200
[debug] [2026-03-03T07:28:24.460Z] <<< [apiv2][body] GET https://cloudfunctions.googleapis.com/v2/projects/storecheck-6fdc8/locations/us-central1/operations/operation-1772522903270-64c19a60173fd-61e9ebc8-5de346f6 {"name":"projects/storecheck-6fdc8/locations/us-central1/operations/operation-1772522903270-64c19a60173fd-61e9ebc8-5de346f6","metadata":{"@type":"type.googleapis.com/google.cloud.functions.v2.OperationMetadata","createTime":"2026-03-03T07:28:24.155716438Z","target":"projects/storecheck-6fdc8/locations/us-central1/functions/removeEmployeeFromStore","verb":"update","cancelRequested":false,"apiVersion":"v2","requestResource":{"@type":"type.googleapis.com/google.cloud.functions.v2.Function","name":"projects/storecheck-6fdc8/locations/us-central1/functions/removeEmployeeFromStore","buildConfig":{"runtime":"nodejs20","entryPoint":"removeEmployeeFromStore","source":{"storageSource":{"bucket":"gcf-v2-sources-90689794332-us-central1","object":"removeEmployeeFromStore/function-source.zip","generation":"1772522904107137"}},"environmentVariables":{"GOOGLE_NODE_RUN_SCRIPTS":""},"dockerRepository":"projects/storecheck-6fdc8/locations/us-central1/repositories/gcf-artifacts","sourceProvenance":{"resolvedStorageSource":{"bucket":"gcf-v2-sources-90689794332-us-central1","object":"removeEmployeeFromStore/function-source.zip","generation":"1772263417816466"}},"dockerRegistry":"ARTIFACT_REGISTRY","serviceAccount":"projects/storecheck-6fdc8/serviceAccounts/90689794332-compute@developer.gserviceaccount.com","automaticUpdatePolicy":{}},"serviceConfig":{"service":"projects/storecheck-6fdc8/locations/us-central1/services/removeemployeefromstore","timeoutSeconds":60,"environmentVariables":{"FIREBASE_CONFIG":"{\"projectId\":\"storecheck-6fdc8\",\"storageBucket\":\"storecheck-6fdc8.firebasestorage.app\"}","GCLOUD_PROJECT":"storecheck-6fdc8","EVENTARC_CLOUD_EVENT_SOURCE":"projects/storecheck-6fdc8/locations/us-central1/services/removeEmployeeFromStore","FUNCTION_TARGET":"removeEmployeeFromStore","LOG_EXECUTION_ID":"true","FUNCTION_SIGNATURE_TYPE":"http"},"ingressSettings":"ALLOW_ALL","uri":"https://removeemployeefromstore-j27oidbnmq-uc.a.run.app","serviceAccountEmail":"90689794332-compute@developer.gserviceaccount.com","availableMemory":"256Mi","allTrafficOnLatestRevision":true,"revision":"removeemployeefromstore-00015-joh","maxInstanceRequestConcurrency":80,"availableCpu":"1"},"state":"ACTIVE","labels":{"deployment-tool":"cli-firebase","deployment-callable":"true","firebase-functions-hash":"332b57c40de031c24d04cf54ac79efd55db287b1"},"environment":"GEN_2","url":"https://us-central1-storecheck-6fdc8.cloudfunctions.net/removeEmployeeFromStore","satisfiesPzi":true},"stages":[{"name":"BUILD","state":"NOT_STARTED","stateMessages":[{"severity":"WARNING","type":"BuildAnalysisWarning","message":"Node.js 20 is no longer supported by the Node.js community as of 30 April, 2026. Node.js 20 will be deprecated on 2026-04-30. We recommend you to upgrade to the latest version of Node.js as soon as possible."}]},{"name":"SERVICE","state":"NOT_STARTED"}],"operationType":"UPDATE_FUNCTION"},"done":false}
[debug] [2026-03-03T07:28:24.962Z] [update-default-us-central1-removeEmployeeFromStore] Retrying task index 0
[debug] [2026-03-03T07:28:24.962Z] Checked if tokens are valid: true, expires at: 1772524590441
[debug] [2026-03-03T07:28:24.963Z] Checked if tokens are valid: true, expires at: 1772524590441
[debug] [2026-03-03T07:28:24.963Z] >>> [apiv2][query] GET https://cloudfunctions.googleapis.com/v2/projects/storecheck-6fdc8/locations/us-central1/operations/operation-1772522903270-64c19a60173fd-61e9ebc8-5de346f6 [none]
[debug] [2026-03-03T07:28:25.204Z] <<< [apiv2][status] GET https://cloudfunctions.googleapis.com/v2/projects/storecheck-6fdc8/locations/us-central1/operations/operation-1772522903270-64c19a60173fd-61e9ebc8-5de346f6 200
[debug] [2026-03-03T07:28:25.204Z] <<< [apiv2][body] GET https://cloudfunctions.googleapis.com/v2/projects/storecheck-6fdc8/locations/us-central1/operations/operation-1772522903270-64c19a60173fd-61e9ebc8-5de346f6 {"name":"projects/storecheck-6fdc8/locations/us-central1/operations/operation-1772522903270-64c19a60173fd-61e9ebc8-5de346f6","metadata":{"@type":"type.googleapis.com/google.cloud.functions.v2.OperationMetadata","createTime":"2026-03-03T07:28:24.155716438Z","target":"projects/storecheck-6fdc8/locations/us-central1/functions/removeEmployeeFromStore","verb":"update","cancelRequested":false,"apiVersion":"v2","requestResource":{"@type":"type.googleapis.com/google.cloud.functions.v2.Function","name":"projects/storecheck-6fdc8/locations/us-central1/functions/removeEmployeeFromStore","buildConfig":{"runtime":"nodejs20","entryPoint":"removeEmployeeFromStore","source":{"storageSource":{"bucket":"gcf-v2-sources-90689794332-us-central1","object":"removeEmployeeFromStore/function-source.zip","generation":"1772522904107137"}},"environmentVariables":{"GOOGLE_NODE_RUN_SCRIPTS":""},"dockerRepository":"projects/storecheck-6fdc8/locations/us-central1/repositories/gcf-artifacts","sourceProvenance":{"resolvedStorageSource":{"bucket":"gcf-v2-sources-90689794332-us-central1","object":"removeEmployeeFromStore/function-source.zip","generation":"1772263417816466"}},"dockerRegistry":"ARTIFACT_REGISTRY","serviceAccount":"projects/storecheck-6fdc8/serviceAccounts/90689794332-compute@developer.gserviceaccount.com","automaticUpdatePolicy":{}},"serviceConfig":{"service":"projects/storecheck-6fdc8/locations/us-central1/services/removeemployeefromstore","timeoutSeconds":60,"environmentVariables":{"FIREBASE_CONFIG":"{\"projectId\":\"storecheck-6fdc8\",\"storageBucket\":\"storecheck-6fdc8.firebasestorage.app\"}","GCLOUD_PROJECT":"storecheck-6fdc8","EVENTARC_CLOUD_EVENT_SOURCE":"projects/storecheck-6fdc8/locations/us-central1/services/removeEmployeeFromStore","FUNCTION_TARGET":"removeEmployeeFromStore","LOG_EXECUTION_ID":"true","FUNCTION_SIGNATURE_TYPE":"http"},"ingressSettings":"ALLOW_ALL","uri":"https://removeemployeefromstore-j27oidbnmq-uc.a.run.app","serviceAccountEmail":"90689794332-compute@developer.gserviceaccount.com","availableMemory":"256Mi","allTrafficOnLatestRevision":true,"revision":"removeemployeefromstore-00015-joh","maxInstanceRequestConcurrency":80,"availableCpu":"1"},"state":"ACTIVE","labels":{"deployment-tool":"cli-firebase","deployment-callable":"true","firebase-functions-hash":"332b57c40de031c24d04cf54ac79efd55db287b1"},"environment":"GEN_2","url":"https://us-central1-storecheck-6fdc8.cloudfunctions.net/removeEmployeeFromStore","satisfiesPzi":true},"stages":[{"name":"BUILD","message":"Build in progress","state":"IN_PROGRESS","resource":"projects/90689794332/locations/us-central1/builds/2cc4d99d-2cc9-4616-b8c3-d406c22748e3","resourceUri":"https://console.cloud.google.com/cloud-build/builds;region=us-central1/2cc4d99d-2cc9-4616-b8c3-d406c22748e3?project=90689794332"},{"name":"SERVICE","state":"NOT_STARTED"}],"operationType":"UPDATE_FUNCTION","buildName":"projects/90689794332/locations/us-central1/builds/2cc4d99d-2cc9-4616-b8c3-d406c22748e3"},"done":false}
[debug] [2026-03-03T07:28:26.205Z] [update-default-us-central1-removeEmployeeFromStore] Retrying task index 0
[debug] [2026-03-03T07:28:26.205Z] Checked if tokens are valid: true, expires at: 1772524590441
[debug] [2026-03-03T07:28:26.206Z] Checked if tokens are valid: true, expires at: 1772524590441
[debug] [2026-03-03T07:28:26.206Z] >>> [apiv2][query] GET https://cloudfunctions.googleapis.com/v2/projects/storecheck-6fdc8/locations/us-central1/operations/operation-1772522903270-64c19a60173fd-61e9ebc8-5de346f6 [none]
[debug] [2026-03-03T07:28:26.436Z] <<< [apiv2][status] GET https://cloudfunctions.googleapis.com/v2/projects/storecheck-6fdc8/locations/us-central1/operations/operation-1772522903270-64c19a60173fd-61e9ebc8-5de346f6 200
[debug] [2026-03-03T07:28:26.436Z] <<< [apiv2][body] GET https://cloudfunctions.googleapis.com/v2/projects/storecheck-6fdc8/locations/us-central1/operations/operation-1772522903270-64c19a60173fd-61e9ebc8-5de346f6 {"name":"projects/storecheck-6fdc8/locations/us-central1/operations/operation-1772522903270-64c19a60173fd-61e9ebc8-5de346f6","metadata":{"@type":"type.googleapis.com/google.cloud.functions.v2.OperationMetadata","createTime":"2026-03-03T07:28:24.155716438Z","target":"projects/storecheck-6fdc8/locations/us-central1/functions/removeEmployeeFromStore","verb":"update","cancelRequested":false,"apiVersion":"v2","requestResource":{"@type":"type.googleapis.com/google.cloud.functions.v2.Function","name":"projects/storecheck-6fdc8/locations/us-central1/functions/removeEmployeeFromStore","buildConfig":{"runtime":"nodejs20","entryPoint":"removeEmployeeFromStore","source":{"storageSource":{"bucket":"gcf-v2-sources-90689794332-us-central1","object":"removeEmployeeFromStore/function-source.zip","generation":"1772522904107137"}},"environmentVariables":{"GOOGLE_NODE_RUN_SCRIPTS":""},"dockerRepository":"projects/storecheck-6fdc8/locations/us-central1/repositories/gcf-artifacts","sourceProvenance":{"resolvedStorageSource":{"bucket":"gcf-v2-sources-90689794332-us-central1","object":"removeEmployeeFromStore/function-source.zip","generation":"1772263417816466"}},"dockerRegistry":"ARTIFACT_REGISTRY","serviceAccount":"projects/storecheck-6fdc8/serviceAccounts/90689794332-compute@developer.gserviceaccount.com","automaticUpdatePolicy":{}},"serviceConfig":{"service":"projects/storecheck-6fdc8/locations/us-central1/services/removeemployeefromstore","timeoutSeconds":60,"environmentVariables":{"FIREBASE_CONFIG":"{\"projectId\":\"storecheck-6fdc8\",\"storageBucket\":\"storecheck-6fdc8.firebasestorage.app\"}","GCLOUD_PROJECT":"storecheck-6fdc8","EVENTARC_CLOUD_EVENT_SOURCE":"projects/storecheck-6fdc8/locations/us-central1/services/removeEmployeeFromStore","FUNCTION_TARGET":"removeEmployeeFromStore","LOG_EXECUTION_ID":"true","FUNCTION_SIGNATURE_TYPE":"http"},"ingressSettings":"ALLOW_ALL","uri":"https://removeemployeefromstore-j27oidbnmq-uc.a.run.app","serviceAccountEmail":"90689794332-compute@developer.gserviceaccount.com","availableMemory":"256Mi","allTrafficOnLatestRevision":true,"revision":"removeemployeefromstore-00015-joh","maxInstanceRequestConcurrency":80,"availableCpu":"1"},"state":"ACTIVE","labels":{"deployment-tool":"cli-firebase","deployment-callable":"true","firebase-functions-hash":"332b57c40de031c24d04cf54ac79efd55db287b1"},"environment":"GEN_2","url":"https://us-central1-storecheck-6fdc8.cloudfunctions.net/removeEmployeeFromStore","satisfiesPzi":true},"stages":[{"name":"BUILD","message":"Build in progress","state":"IN_PROGRESS","resource":"projects/90689794332/locations/us-central1/builds/2cc4d99d-2cc9-4616-b8c3-d406c22748e3","resourceUri":"https://console.cloud.google.com/cloud-build/builds;region=us-central1/2cc4d99d-2cc9-4616-b8c3-d406c22748e3?project=90689794332"},{"name":"SERVICE","state":"NOT_STARTED"}],"operationType":"UPDATE_FUNCTION","buildName":"projects/90689794332/locations/us-central1/builds/2cc4d99d-2cc9-4616-b8c3-d406c22748e3"},"done":false}
[debug] [2026-03-03T07:28:28.438Z] [update-default-us-central1-removeEmployeeFromStore] Retrying task index 0
[debug] [2026-03-03T07:28:28.438Z] Checked if tokens are valid: true, expires at: 1772524590441
[debug] [2026-03-03T07:28:28.438Z] Checked if tokens are valid: true, expires at: 1772524590441
[debug] [2026-03-03T07:28:28.439Z] >>> [apiv2][query] GET https://cloudfunctions.googleapis.com/v2/projects/storecheck-6fdc8/locations/us-central1/operations/operation-1772522903270-64c19a60173fd-61e9ebc8-5de346f6 [none]
[debug] [2026-03-03T07:28:28.721Z] <<< [apiv2][status] GET https://cloudfunctions.googleapis.com/v2/projects/storecheck-6fdc8/locations/us-central1/operations/operation-1772522903270-64c19a60173fd-61e9ebc8-5de346f6 200
[debug] [2026-03-03T07:28:28.721Z] <<< [apiv2][body] GET https://cloudfunctions.googleapis.com/v2/projects/storecheck-6fdc8/locations/us-central1/operations/operation-1772522903270-64c19a60173fd-61e9ebc8-5de346f6 {"name":"projects/storecheck-6fdc8/locations/us-central1/operations/operation-1772522903270-64c19a60173fd-61e9ebc8-5de346f6","metadata":{"@type":"type.googleapis.com/google.cloud.functions.v2.OperationMetadata","createTime":"2026-03-03T07:28:24.155716438Z","target":"projects/storecheck-6fdc8/locations/us-central1/functions/removeEmployeeFromStore","verb":"update","cancelRequested":false,"apiVersion":"v2","requestResource":{"@type":"type.googleapis.com/google.cloud.functions.v2.Function","name":"projects/storecheck-6fdc8/locations/us-central1/functions/removeEmployeeFromStore","buildConfig":{"runtime":"nodejs20","entryPoint":"removeEmployeeFromStore","source":{"storageSource":{"bucket":"gcf-v2-sources-90689794332-us-central1","object":"removeEmployeeFromStore/function-source.zip","generation":"1772522904107137"}},"environmentVariables":{"GOOGLE_NODE_RUN_SCRIPTS":""},"dockerRepository":"projects/storecheck-6fdc8/locations/us-central1/repositories/gcf-artifacts","sourceProvenance":{"resolvedStorageSource":{"bucket":"gcf-v2-sources-90689794332-us-central1","object":"removeEmployeeFromStore/function-source.zip","generation":"1772263417816466"}},"dockerRegistry":"ARTIFACT_REGISTRY","serviceAccount":"projects/storecheck-6fdc8/serviceAccounts/90689794332-compute@developer.gserviceaccount.com","automaticUpdatePolicy":{}},"serviceConfig":{"service":"projects/storecheck-6fdc8/locations/us-central1/services/removeemployeefromstore","timeoutSeconds":60,"environmentVariables":{"FIREBASE_CONFIG":"{\"projectId\":\"storecheck-6fdc8\",\"storageBucket\":\"storecheck-6fdc8.firebasestorage.app\"}","GCLOUD_PROJECT":"storecheck-6fdc8","EVENTARC_CLOUD_EVENT_SOURCE":"projects/storecheck-6fdc8/locations/us-central1/services/removeEmployeeFromStore","FUNCTION_TARGET":"removeEmployeeFromStore","LOG_EXECUTION_ID":"true","FUNCTION_SIGNATURE_TYPE":"http"},"ingressSettings":"ALLOW_ALL","uri":"https://removeemployeefromstore-j27oidbnmq-uc.a.run.app","serviceAccountEmail":"90689794332-compute@developer.gserviceaccount.com","availableMemory":"256Mi","allTrafficOnLatestRevision":true,"revision":"removeemployeefromstore-00015-joh","maxInstanceRequestConcurrency":80,"availableCpu":"1"},"state":"ACTIVE","labels":{"deployment-tool":"cli-firebase","deployment-callable":"true","firebase-functions-hash":"332b57c40de031c24d04cf54ac79efd55db287b1"},"environment":"GEN_2","url":"https://us-central1-storecheck-6fdc8.cloudfunctions.net/removeEmployeeFromStore","satisfiesPzi":true},"stages":[{"name":"BUILD","message":"Build in progress","state":"IN_PROGRESS","resource":"projects/90689794332/locations/us-central1/builds/2cc4d99d-2cc9-4616-b8c3-d406c22748e3","resourceUri":"https://console.cloud.google.com/cloud-build/builds;region=us-central1/2cc4d99d-2cc9-4616-b8c3-d406c22748e3?project=90689794332"},{"name":"SERVICE","state":"NOT_STARTED"}],"operationType":"UPDATE_FUNCTION","buildName":"projects/90689794332/locations/us-central1/builds/2cc4d99d-2cc9-4616-b8c3-d406c22748e3"},"done":false}
[debug] [2026-03-03T07:28:32.722Z] [update-default-us-central1-removeEmployeeFromStore] Retrying task index 0
[debug] [2026-03-03T07:28:32.723Z] Checked if tokens are valid: true, expires at: 1772524590441
[debug] [2026-03-03T07:28:32.723Z] Checked if tokens are valid: true, expires at: 1772524590441
[debug] [2026-03-03T07:28:32.723Z] >>> [apiv2][query] GET https://cloudfunctions.googleapis.com/v2/projects/storecheck-6fdc8/locations/us-central1/operations/operation-1772522903270-64c19a60173fd-61e9ebc8-5de346f6 [none]
[debug] [2026-03-03T07:28:32.881Z] <<< [apiv2][status] GET https://cloudfunctions.googleapis.com/v2/projects/storecheck-6fdc8/locations/us-central1/operations/operation-1772522903270-64c19a60173fd-61e9ebc8-5de346f6 200
[debug] [2026-03-03T07:28:32.881Z] <<< [apiv2][body] GET https://cloudfunctions.googleapis.com/v2/projects/storecheck-6fdc8/locations/us-central1/operations/operation-1772522903270-64c19a60173fd-61e9ebc8-5de346f6 {"name":"projects/storecheck-6fdc8/locations/us-central1/operations/operation-1772522903270-64c19a60173fd-61e9ebc8-5de346f6","metadata":{"@type":"type.googleapis.com/google.cloud.functions.v2.OperationMetadata","createTime":"2026-03-03T07:28:24.155716438Z","target":"projects/storecheck-6fdc8/locations/us-central1/functions/removeEmployeeFromStore","verb":"update","cancelRequested":false,"apiVersion":"v2","requestResource":{"@type":"type.googleapis.com/google.cloud.functions.v2.Function","name":"projects/storecheck-6fdc8/locations/us-central1/functions/removeEmployeeFromStore","buildConfig":{"runtime":"nodejs20","entryPoint":"removeEmployeeFromStore","source":{"storageSource":{"bucket":"gcf-v2-sources-90689794332-us-central1","object":"removeEmployeeFromStore/function-source.zip","generation":"1772522904107137"}},"environmentVariables":{"GOOGLE_NODE_RUN_SCRIPTS":""},"dockerRepository":"projects/storecheck-6fdc8/locations/us-central1/repositories/gcf-artifacts","sourceProvenance":{"resolvedStorageSource":{"bucket":"gcf-v2-sources-90689794332-us-central1","object":"removeEmployeeFromStore/function-source.zip","generation":"1772263417816466"}},"dockerRegistry":"ARTIFACT_REGISTRY","serviceAccount":"projects/storecheck-6fdc8/serviceAccounts/90689794332-compute@developer.gserviceaccount.com","automaticUpdatePolicy":{}},"serviceConfig":{"service":"projects/storecheck-6fdc8/locations/us-central1/services/removeemployeefromstore","timeoutSeconds":60,"environmentVariables":{"FIREBASE_CONFIG":"{\"projectId\":\"storecheck-6fdc8\",\"storageBucket\":\"storecheck-6fdc8.firebasestorage.app\"}","GCLOUD_PROJECT":"storecheck-6fdc8","EVENTARC_CLOUD_EVENT_SOURCE":"projects/storecheck-6fdc8/locations/us-central1/services/removeEmployeeFromStore","FUNCTION_TARGET":"removeEmployeeFromStore","LOG_EXECUTION_ID":"true","FUNCTION_SIGNATURE_TYPE":"http"},"ingressSettings":"ALLOW_ALL","uri":"https://removeemployeefromstore-j27oidbnmq-uc.a.run.app","serviceAccountEmail":"90689794332-compute@developer.gserviceaccount.com","availableMemory":"256Mi","allTrafficOnLatestRevision":true,"revision":"removeemployeefromstore-00015-joh","maxInstanceRequestConcurrency":80,"availableCpu":"1"},"state":"ACTIVE","labels":{"deployment-tool":"cli-firebase","deployment-callable":"true","firebase-functions-hash":"332b57c40de031c24d04cf54ac79efd55db287b1"},"environment":"GEN_2","url":"https://us-central1-storecheck-6fdc8.cloudfunctions.net/removeEmployeeFromStore","satisfiesPzi":true},"stages":[{"name":"BUILD","message":"Build in progress","state":"IN_PROGRESS","resource":"projects/90689794332/locations/us-central1/builds/2cc4d99d-2cc9-4616-b8c3-d406c22748e3","resourceUri":"https://console.cloud.google.com/cloud-build/builds;region=us-central1/2cc4d99d-2cc9-4616-b8c3-d406c22748e3?project=90689794332"},{"name":"SERVICE","state":"NOT_STARTED"}],"operationType":"UPDATE_FUNCTION","buildName":"projects/90689794332/locations/us-central1/builds/2cc4d99d-2cc9-4616-b8c3-d406c22748e3"},"done":false}
[debug] [2026-03-03T07:28:40.882Z] [update-default-us-central1-removeEmployeeFromStore] Retrying task index 0
[debug] [2026-03-03T07:28:40.882Z] Checked if tokens are valid: true, expires at: 1772524590441
[debug] [2026-03-03T07:28:40.883Z] Checked if tokens are valid: true, expires at: 1772524590441
[debug] [2026-03-03T07:28:40.883Z] >>> [apiv2][query] GET https://cloudfunctions.googleapis.com/v2/projects/storecheck-6fdc8/locations/us-central1/operations/operation-1772522903270-64c19a60173fd-61e9ebc8-5de346f6 [none]
[debug] [2026-03-03T07:28:41.299Z] <<< [apiv2][status] GET https://cloudfunctions.googleapis.com/v2/projects/storecheck-6fdc8/locations/us-central1/operations/operation-1772522903270-64c19a60173fd-61e9ebc8-5de346f6 200
[debug] [2026-03-03T07:28:41.300Z] <<< [apiv2][body] GET https://cloudfunctions.googleapis.com/v2/projects/storecheck-6fdc8/locations/us-central1/operations/operation-1772522903270-64c19a60173fd-61e9ebc8-5de346f6 {"name":"projects/storecheck-6fdc8/locations/us-central1/operations/operation-1772522903270-64c19a60173fd-61e9ebc8-5de346f6","metadata":{"@type":"type.googleapis.com/google.cloud.functions.v2.OperationMetadata","createTime":"2026-03-03T07:28:24.155716438Z","target":"projects/storecheck-6fdc8/locations/us-central1/functions/removeEmployeeFromStore","verb":"update","cancelRequested":false,"apiVersion":"v2","requestResource":{"@type":"type.googleapis.com/google.cloud.functions.v2.Function","name":"projects/storecheck-6fdc8/locations/us-central1/functions/removeEmployeeFromStore","buildConfig":{"runtime":"nodejs20","entryPoint":"removeEmployeeFromStore","source":{"storageSource":{"bucket":"gcf-v2-sources-90689794332-us-central1","object":"removeEmployeeFromStore/function-source.zip","generation":"1772522904107137"}},"environmentVariables":{"GOOGLE_NODE_RUN_SCRIPTS":""},"dockerRepository":"projects/storecheck-6fdc8/locations/us-central1/repositories/gcf-artifacts","sourceProvenance":{"resolvedStorageSource":{"bucket":"gcf-v2-sources-90689794332-us-central1","object":"removeEmployeeFromStore/function-source.zip","generation":"1772263417816466"}},"dockerRegistry":"ARTIFACT_REGISTRY","serviceAccount":"projects/storecheck-6fdc8/serviceAccounts/90689794332-compute@developer.gserviceaccount.com","automaticUpdatePolicy":{}},"serviceConfig":{"service":"projects/storecheck-6fdc8/locations/us-central1/services/removeemployeefromstore","timeoutSeconds":60,"environmentVariables":{"FIREBASE_CONFIG":"{\"projectId\":\"storecheck-6fdc8\",\"storageBucket\":\"storecheck-6fdc8.firebasestorage.app\"}","GCLOUD_PROJECT":"storecheck-6fdc8","EVENTARC_CLOUD_EVENT_SOURCE":"projects/storecheck-6fdc8/locations/us-central1/services/removeEmployeeFromStore","FUNCTION_TARGET":"removeEmployeeFromStore","LOG_EXECUTION_ID":"true","FUNCTION_SIGNATURE_TYPE":"http"},"ingressSettings":"ALLOW_ALL","uri":"https://removeemployeefromstore-j27oidbnmq-uc.a.run.app","serviceAccountEmail":"90689794332-compute@developer.gserviceaccount.com","availableMemory":"256Mi","allTrafficOnLatestRevision":true,"revision":"removeemployeefromstore-00015-joh","maxInstanceRequestConcurrency":80,"availableCpu":"1"},"state":"ACTIVE","labels":{"deployment-tool":"cli-firebase","deployment-callable":"true","firebase-functions-hash":"332b57c40de031c24d04cf54ac79efd55db287b1"},"environment":"GEN_2","url":"https://us-central1-storecheck-6fdc8.cloudfunctions.net/removeEmployeeFromStore","satisfiesPzi":true},"stages":[{"name":"BUILD","message":"Build in progress","state":"IN_PROGRESS","resource":"projects/90689794332/locations/us-central1/builds/2cc4d99d-2cc9-4616-b8c3-d406c22748e3","resourceUri":"https://console.cloud.google.com/cloud-build/builds;region=us-central1/2cc4d99d-2cc9-4616-b8c3-d406c22748e3?project=90689794332"},{"name":"SERVICE","state":"NOT_STARTED"}],"operationType":"UPDATE_FUNCTION","buildName":"projects/90689794332/locations/us-central1/builds/2cc4d99d-2cc9-4616-b8c3-d406c22748e3"},"done":false}
[debug] [2026-03-03T07:28:51.300Z] [update-default-us-central1-removeEmployeeFromStore] Retrying task index 0
[debug] [2026-03-03T07:28:51.300Z] Checked if tokens are valid: true, expires at: 1772524590441
[debug] [2026-03-03T07:28:51.300Z] Checked if tokens are valid: true, expires at: 1772524590441
[debug] [2026-03-03T07:28:51.300Z] >>> [apiv2][query] GET https://cloudfunctions.googleapis.com/v2/projects/storecheck-6fdc8/locations/us-central1/operations/operation-1772522903270-64c19a60173fd-61e9ebc8-5de346f6 [none]
[debug] [2026-03-03T07:28:51.460Z] <<< [apiv2][status] GET https://cloudfunctions.googleapis.com/v2/projects/storecheck-6fdc8/locations/us-central1/operations/operation-1772522903270-64c19a60173fd-61e9ebc8-5de346f6 200
[debug] [2026-03-03T07:28:51.460Z] <<< [apiv2][body] GET https://cloudfunctions.googleapis.com/v2/projects/storecheck-6fdc8/locations/us-central1/operations/operation-1772522903270-64c19a60173fd-61e9ebc8-5de346f6 {"name":"projects/storecheck-6fdc8/locations/us-central1/operations/operation-1772522903270-64c19a60173fd-61e9ebc8-5de346f6","metadata":{"@type":"type.googleapis.com/google.cloud.functions.v2.OperationMetadata","createTime":"2026-03-03T07:28:24.155716438Z","target":"projects/storecheck-6fdc8/locations/us-central1/functions/removeEmployeeFromStore","verb":"update","cancelRequested":false,"apiVersion":"v2","requestResource":{"@type":"type.googleapis.com/google.cloud.functions.v2.Function","name":"projects/storecheck-6fdc8/locations/us-central1/functions/removeEmployeeFromStore","buildConfig":{"runtime":"nodejs20","entryPoint":"removeEmployeeFromStore","source":{"storageSource":{"bucket":"gcf-v2-sources-90689794332-us-central1","object":"removeEmployeeFromStore/function-source.zip","generation":"1772522904107137"}},"environmentVariables":{"GOOGLE_NODE_RUN_SCRIPTS":""},"dockerRepository":"projects/storecheck-6fdc8/locations/us-central1/repositories/gcf-artifacts","sourceProvenance":{"resolvedStorageSource":{"bucket":"gcf-v2-sources-90689794332-us-central1","object":"removeEmployeeFromStore/function-source.zip","generation":"1772263417816466"}},"dockerRegistry":"ARTIFACT_REGISTRY","serviceAccount":"projects/storecheck-6fdc8/serviceAccounts/90689794332-compute@developer.gserviceaccount.com","automaticUpdatePolicy":{}},"serviceConfig":{"service":"projects/storecheck-6fdc8/locations/us-central1/services/removeemployeefromstore","timeoutSeconds":60,"environmentVariables":{"FIREBASE_CONFIG":"{\"projectId\":\"storecheck-6fdc8\",\"storageBucket\":\"storecheck-6fdc8.firebasestorage.app\"}","GCLOUD_PROJECT":"storecheck-6fdc8","EVENTARC_CLOUD_EVENT_SOURCE":"projects/storecheck-6fdc8/locations/us-central1/services/removeEmployeeFromStore","FUNCTION_TARGET":"removeEmployeeFromStore","LOG_EXECUTION_ID":"true","FUNCTION_SIGNATURE_TYPE":"http"},"ingressSettings":"ALLOW_ALL","uri":"https://removeemployeefromstore-j27oidbnmq-uc.a.run.app","serviceAccountEmail":"90689794332-compute@developer.gserviceaccount.com","availableMemory":"256Mi","allTrafficOnLatestRevision":true,"revision":"removeemployeefromstore-00015-joh","maxInstanceRequestConcurrency":80,"availableCpu":"1"},"state":"ACTIVE","labels":{"deployment-tool":"cli-firebase","deployment-callable":"true","firebase-functions-hash":"332b57c40de031c24d04cf54ac79efd55db287b1"},"environment":"GEN_2","url":"https://us-central1-storecheck-6fdc8.cloudfunctions.net/removeEmployeeFromStore","satisfiesPzi":true},"stages":[{"name":"BUILD","message":"Build in progress","state":"IN_PROGRESS","resource":"projects/90689794332/locations/us-central1/builds/2cc4d99d-2cc9-4616-b8c3-d406c22748e3","resourceUri":"https://console.cloud.google.com/cloud-build/builds;region=us-central1/2cc4d99d-2cc9-4616-b8c3-d406c22748e3?project=90689794332"},{"name":"SERVICE","state":"NOT_STARTED"}],"operationType":"UPDATE_FUNCTION","buildName":"projects/90689794332/locations/us-central1/builds/2cc4d99d-2cc9-4616-b8c3-d406c22748e3"},"done":false}
[debug] [2026-03-03T07:29:01.462Z] [update-default-us-central1-removeEmployeeFromStore] Retrying task index 0
[debug] [2026-03-03T07:29:01.462Z] Checked if tokens are valid: true, expires at: 1772524590441
[debug] [2026-03-03T07:29:01.462Z] Checked if tokens are valid: true, expires at: 1772524590441
[debug] [2026-03-03T07:29:01.462Z] >>> [apiv2][query] GET https://cloudfunctions.googleapis.com/v2/projects/storecheck-6fdc8/locations/us-central1/operations/operation-1772522903270-64c19a60173fd-61e9ebc8-5de346f6 [none]
[debug] [2026-03-03T07:29:01.686Z] <<< [apiv2][status] GET https://cloudfunctions.googleapis.com/v2/projects/storecheck-6fdc8/locations/us-central1/operations/operation-1772522903270-64c19a60173fd-61e9ebc8-5de346f6 200
[debug] [2026-03-03T07:29:01.686Z] <<< [apiv2][body] GET https://cloudfunctions.googleapis.com/v2/projects/storecheck-6fdc8/locations/us-central1/operations/operation-1772522903270-64c19a60173fd-61e9ebc8-5de346f6 {"name":"projects/storecheck-6fdc8/locations/us-central1/operations/operation-1772522903270-64c19a60173fd-61e9ebc8-5de346f6","metadata":{"@type":"type.googleapis.com/google.cloud.functions.v2.OperationMetadata","createTime":"2026-03-03T07:28:24.155716438Z","target":"projects/storecheck-6fdc8/locations/us-central1/functions/removeEmployeeFromStore","verb":"update","cancelRequested":false,"apiVersion":"v2","requestResource":{"@type":"type.googleapis.com/google.cloud.functions.v2.Function","name":"projects/storecheck-6fdc8/locations/us-central1/functions/removeEmployeeFromStore","buildConfig":{"runtime":"nodejs20","entryPoint":"removeEmployeeFromStore","source":{"storageSource":{"bucket":"gcf-v2-sources-90689794332-us-central1","object":"removeEmployeeFromStore/function-source.zip","generation":"1772522904107137"}},"environmentVariables":{"GOOGLE_NODE_RUN_SCRIPTS":""},"dockerRepository":"projects/storecheck-6fdc8/locations/us-central1/repositories/gcf-artifacts","sourceProvenance":{"resolvedStorageSource":{"bucket":"gcf-v2-sources-90689794332-us-central1","object":"removeEmployeeFromStore/function-source.zip","generation":"1772263417816466"}},"dockerRegistry":"ARTIFACT_REGISTRY","serviceAccount":"projects/storecheck-6fdc8/serviceAccounts/90689794332-compute@developer.gserviceaccount.com","automaticUpdatePolicy":{}},"serviceConfig":{"service":"projects/storecheck-6fdc8/locations/us-central1/services/removeemployeefromstore","timeoutSeconds":60,"environmentVariables":{"FIREBASE_CONFIG":"{\"projectId\":\"storecheck-6fdc8\",\"storageBucket\":\"storecheck-6fdc8.firebasestorage.app\"}","GCLOUD_PROJECT":"storecheck-6fdc8","EVENTARC_CLOUD_EVENT_SOURCE":"projects/storecheck-6fdc8/locations/us-central1/services/removeEmployeeFromStore","FUNCTION_TARGET":"removeEmployeeFromStore","LOG_EXECUTION_ID":"true","FUNCTION_SIGNATURE_TYPE":"http"},"ingressSettings":"ALLOW_ALL","uri":"https://removeemployeefromstore-j27oidbnmq-uc.a.run.app","serviceAccountEmail":"90689794332-compute@developer.gserviceaccount.com","availableMemory":"256Mi","allTrafficOnLatestRevision":true,"revision":"removeemployeefromstore-00015-joh","maxInstanceRequestConcurrency":80,"availableCpu":"1"},"state":"ACTIVE","labels":{"deployment-tool":"cli-firebase","deployment-callable":"true","firebase-functions-hash":"332b57c40de031c24d04cf54ac79efd55db287b1"},"environment":"GEN_2","url":"https://us-central1-storecheck-6fdc8.cloudfunctions.net/removeEmployeeFromStore","satisfiesPzi":true},"stages":[{"name":"BUILD","message":"Build in progress","state":"IN_PROGRESS","resource":"projects/90689794332/locations/us-central1/builds/2cc4d99d-2cc9-4616-b8c3-d406c22748e3","resourceUri":"https://console.cloud.google.com/cloud-build/builds;region=us-central1/2cc4d99d-2cc9-4616-b8c3-d406c22748e3?project=90689794332"},{"name":"SERVICE","state":"NOT_STARTED"}],"operationType":"UPDATE_FUNCTION","buildName":"projects/90689794332/locations/us-central1/builds/2cc4d99d-2cc9-4616-b8c3-d406c22748e3"},"done":false}
[debug] [2026-03-03T07:29:11.688Z] [update-default-us-central1-removeEmployeeFromStore] Retrying task index 0
[debug] [2026-03-03T07:29:11.689Z] Checked if tokens are valid: true, expires at: 1772524590441
[debug] [2026-03-03T07:29:11.689Z] Checked if tokens are valid: true, expires at: 1772524590441
[debug] [2026-03-03T07:29:11.689Z] >>> [apiv2][query] GET https://cloudfunctions.googleapis.com/v2/projects/storecheck-6fdc8/locations/us-central1/operations/operation-1772522903270-64c19a60173fd-61e9ebc8-5de346f6 [none]
[debug] [2026-03-03T07:29:12.021Z] <<< [apiv2][status] GET https://cloudfunctions.googleapis.com/v2/projects/storecheck-6fdc8/locations/us-central1/operations/operation-1772522903270-64c19a60173fd-61e9ebc8-5de346f6 200
[debug] [2026-03-03T07:29:12.021Z] <<< [apiv2][body] GET https://cloudfunctions.googleapis.com/v2/projects/storecheck-6fdc8/locations/us-central1/operations/operation-1772522903270-64c19a60173fd-61e9ebc8-5de346f6 {"name":"projects/storecheck-6fdc8/locations/us-central1/operations/operation-1772522903270-64c19a60173fd-61e9ebc8-5de346f6","metadata":{"@type":"type.googleapis.com/google.cloud.functions.v2.OperationMetadata","createTime":"2026-03-03T07:28:24.155716438Z","target":"projects/storecheck-6fdc8/locations/us-central1/functions/removeEmployeeFromStore","verb":"update","cancelRequested":false,"apiVersion":"v2","requestResource":{"@type":"type.googleapis.com/google.cloud.functions.v2.Function","name":"projects/storecheck-6fdc8/locations/us-central1/functions/removeEmployeeFromStore","buildConfig":{"runtime":"nodejs20","entryPoint":"removeEmployeeFromStore","source":{"storageSource":{"bucket":"gcf-v2-sources-90689794332-us-central1","object":"removeEmployeeFromStore/function-source.zip","generation":"1772522904107137"}},"environmentVariables":{"GOOGLE_NODE_RUN_SCRIPTS":""},"dockerRepository":"projects/storecheck-6fdc8/locations/us-central1/repositories/gcf-artifacts","sourceProvenance":{"resolvedStorageSource":{"bucket":"gcf-v2-sources-90689794332-us-central1","object":"removeEmployeeFromStore/function-source.zip","generation":"1772263417816466"}},"dockerRegistry":"ARTIFACT_REGISTRY","serviceAccount":"projects/storecheck-6fdc8/serviceAccounts/90689794332-compute@developer.gserviceaccount.com","automaticUpdatePolicy":{}},"serviceConfig":{"service":"projects/storecheck-6fdc8/locations/us-central1/services/removeemployeefromstore","timeoutSeconds":60,"environmentVariables":{"FIREBASE_CONFIG":"{\"projectId\":\"storecheck-6fdc8\",\"storageBucket\":\"storecheck-6fdc8.firebasestorage.app\"}","GCLOUD_PROJECT":"storecheck-6fdc8","EVENTARC_CLOUD_EVENT_SOURCE":"projects/storecheck-6fdc8/locations/us-central1/services/removeEmployeeFromStore","FUNCTION_TARGET":"removeEmployeeFromStore","LOG_EXECUTION_ID":"true","FUNCTION_SIGNATURE_TYPE":"http"},"ingressSettings":"ALLOW_ALL","uri":"https://removeemployeefromstore-j27oidbnmq-uc.a.run.app","serviceAccountEmail":"90689794332-compute@developer.gserviceaccount.com","availableMemory":"256Mi","allTrafficOnLatestRevision":true,"revision":"removeemployeefromstore-00015-joh","maxInstanceRequestConcurrency":80,"availableCpu":"1"},"state":"ACTIVE","labels":{"deployment-tool":"cli-firebase","deployment-callable":"true","firebase-functions-hash":"332b57c40de031c24d04cf54ac79efd55db287b1"},"environment":"GEN_2","url":"https://us-central1-storecheck-6fdc8.cloudfunctions.net/removeEmployeeFromStore","satisfiesPzi":true},"stages":[{"name":"BUILD","message":"Build in progress","state":"IN_PROGRESS","resource":"projects/90689794332/locations/us-central1/builds/2cc4d99d-2cc9-4616-b8c3-d406c22748e3","resourceUri":"https://console.cloud.google.com/cloud-build/builds;region=us-central1/2cc4d99d-2cc9-4616-b8c3-d406c22748e3?project=90689794332"},{"name":"SERVICE","state":"NOT_STARTED"}],"operationType":"UPDATE_FUNCTION","buildName":"projects/90689794332/locations/us-central1/builds/2cc4d99d-2cc9-4616-b8c3-d406c22748e3"},"done":false}
[debug] [2026-03-03T07:29:22.022Z] [update-default-us-central1-removeEmployeeFromStore] Retrying task index 0
[debug] [2026-03-03T07:29:22.023Z] Checked if tokens are valid: true, expires at: 1772524590441
[debug] [2026-03-03T07:29:22.023Z] Checked if tokens are valid: true, expires at: 1772524590441
[debug] [2026-03-03T07:29:22.023Z] >>> [apiv2][query] GET https://cloudfunctions.googleapis.com/v2/projects/storecheck-6fdc8/locations/us-central1/operations/operation-1772522903270-64c19a60173fd-61e9ebc8-5de346f6 [none]
[debug] [2026-03-03T07:29:22.312Z] <<< [apiv2][status] GET https://cloudfunctions.googleapis.com/v2/projects/storecheck-6fdc8/locations/us-central1/operations/operation-1772522903270-64c19a60173fd-61e9ebc8-5de346f6 200
[debug] [2026-03-03T07:29:22.312Z] <<< [apiv2][body] GET https://cloudfunctions.googleapis.com/v2/projects/storecheck-6fdc8/locations/us-central1/operations/operation-1772522903270-64c19a60173fd-61e9ebc8-5de346f6 {"name":"projects/storecheck-6fdc8/locations/us-central1/operations/operation-1772522903270-64c19a60173fd-61e9ebc8-5de346f6","metadata":{"@type":"type.googleapis.com/google.cloud.functions.v2.OperationMetadata","createTime":"2026-03-03T07:28:24.155716438Z","target":"projects/storecheck-6fdc8/locations/us-central1/functions/removeEmployeeFromStore","verb":"update","cancelRequested":false,"apiVersion":"v2","requestResource":{"@type":"type.googleapis.com/google.cloud.functions.v2.Function","name":"projects/storecheck-6fdc8/locations/us-central1/functions/removeEmployeeFromStore","buildConfig":{"runtime":"nodejs20","entryPoint":"removeEmployeeFromStore","source":{"storageSource":{"bucket":"gcf-v2-sources-90689794332-us-central1","object":"removeEmployeeFromStore/function-source.zip","generation":"1772522904107137"}},"environmentVariables":{"GOOGLE_NODE_RUN_SCRIPTS":""},"dockerRepository":"projects/storecheck-6fdc8/locations/us-central1/repositories/gcf-artifacts","sourceProvenance":{"resolvedStorageSource":{"bucket":"gcf-v2-sources-90689794332-us-central1","object":"removeEmployeeFromStore/function-source.zip","generation":"1772263417816466"}},"dockerRegistry":"ARTIFACT_REGISTRY","serviceAccount":"projects/storecheck-6fdc8/serviceAccounts/90689794332-compute@developer.gserviceaccount.com","automaticUpdatePolicy":{}},"serviceConfig":{"service":"projects/storecheck-6fdc8/locations/us-central1/services/removeemployeefromstore","timeoutSeconds":60,"environmentVariables":{"FIREBASE_CONFIG":"{\"projectId\":\"storecheck-6fdc8\",\"storageBucket\":\"storecheck-6fdc8.firebasestorage.app\"}","GCLOUD_PROJECT":"storecheck-6fdc8","EVENTARC_CLOUD_EVENT_SOURCE":"projects/storecheck-6fdc8/locations/us-central1/services/removeEmployeeFromStore","FUNCTION_TARGET":"removeEmployeeFromStore","LOG_EXECUTION_ID":"true","FUNCTION_SIGNATURE_TYPE":"http"},"ingressSettings":"ALLOW_ALL","uri":"https://removeemployeefromstore-j27oidbnmq-uc.a.run.app","serviceAccountEmail":"90689794332-compute@developer.gserviceaccount.com","availableMemory":"256Mi","allTrafficOnLatestRevision":true,"revision":"removeemployeefromstore-00015-joh","maxInstanceRequestConcurrency":80,"availableCpu":"1"},"state":"ACTIVE","labels":{"deployment-tool":"cli-firebase","deployment-callable":"true","firebase-functions-hash":"332b57c40de031c24d04cf54ac79efd55db287b1"},"environment":"GEN_2","url":"https://us-central1-storecheck-6fdc8.cloudfunctions.net/removeEmployeeFromStore","satisfiesPzi":true},"stages":[{"name":"BUILD","message":"Build finished","state":"COMPLETE","resource":"projects/90689794332/locations/us-central1/builds/2cc4d99d-2cc9-4616-b8c3-d406c22748e3","resourceUri":"https://console.cloud.google.com/cloud-build/builds;region=us-central1/2cc4d99d-2cc9-4616-b8c3-d406c22748e3?project=90689794332"},{"name":"SERVICE","message":"Updating Cloud Run service","state":"IN_PROGRESS","resource":"projects/storecheck-6fdc8/locations/us-central1/services/removeemployeefromstore","resourceUri":"https://console.cloud.google.com/run/detail/us-central1/removeemployeefromstore?project=storecheck-6fdc8","stateMessages":[{"severity":"INFO","type":"CloudRunServiceNewRevisionTrafficInfo","message":"A new revision will be deployed serving with 100% traffic."}]}],"sourceToken":"ClZwcm9qZWN0cy85MDY4OTc5NDMzMi9sb2NhdGlvbnMvdXMtY2VudHJhbDEvYnVpbGRzLzJjYzRkOTlkLTJjYzktNDYxNi1iOGMzLWQ0MDZjMjI3NDhlMxJ/dXMtY2VudHJhbDEtZG9ja2VyLnBrZy5kZXYvc3RvcmVjaGVjay02ZmRjOC9nY2YtYXJ0aWZhY3RzL3N0b3JlY2hlY2stLTZmZGM4X191cy0tY2VudHJhbDFfX3JlbW92ZV9lbXBsb3llZV9mcm9tX3N0b3JlOnZlcnNpb25fMRic4qHs0QIiUXByb2plY3RzL3N0b3JlY2hlY2stNmZkYzgvbG9jYXRpb25zL3VzLWNlbnRyYWwxL2Z1bmN0aW9ucy9yZW1vdmVFbXBsb3llZUZyb21TdG9yZSoMCM2bms0GEPDFzbwDMghub2RlanMyMDp2CiNnY3IuaW8vZ2FlLXJ1bnRpbWVzL25vZGVqczIwOnN0YWJsZRJPdXMtY2VudHJhbDEtZG9ja2VyLnBrZy5kZXYvc2VydmVybGVzcy1ydW50aW1lcy9nb29nbGUtMjItZnVsbC9ydW50aW1lcy9ub2RlanMyMEAB","operationType":"UPDATE_FUNCTION","buildName":"projects/90689794332/locations/us-central1/builds/2cc4d99d-2cc9-4616-b8c3-d406c22748e3"},"done":false}
[debug] [2026-03-03T07:29:22.312Z] Got source token ClZwcm9qZWN0cy85MDY4OTc5NDMzMi9sb2NhdGlvbnMvdXMtY2VudHJhbDEvYnVpbGRzLzJjYzRkOTlkLTJjYzktNDYxNi1iOGMzLWQ0MDZjMjI3NDhlMxJ/dXMtY2VudHJhbDEtZG9ja2VyLnBrZy5kZXYvc3RvcmVjaGVjay02ZmRjOC9nY2YtYXJ0aWZhY3RzL3N0b3JlY2hlY2stLTZmZGM4X191cy0tY2VudHJhbDFfX3JlbW92ZV9lbXBsb3llZV9mcm9tX3N0b3JlOnZlcnNpb25fMRic4qHs0QIiUXByb2plY3RzL3N0b3JlY2hlY2stNmZkYzgvbG9jYXRpb25zL3VzLWNlbnRyYWwxL2Z1bmN0aW9ucy9yZW1vdmVFbXBsb3llZUZyb21TdG9yZSoMCM2bms0GEPDFzbwDMghub2RlanMyMDp2CiNnY3IuaW8vZ2FlLXJ1bnRpbWVzL25vZGVqczIwOnN0YWJsZRJPdXMtY2VudHJhbDEtZG9ja2VyLnBrZy5kZXYvc2VydmVybGVzcy1ydW50aW1lcy9nb29nbGUtMjItZnVsbC9ydW50aW1lcy9ub2RlanMyMEAB for region us-central1
[debug] [2026-03-03T07:29:22.312Z] Checked if tokens are valid: true, expires at: 1772524590441
[debug] [2026-03-03T07:29:22.313Z] Checked if tokens are valid: true, expires at: 1772524590441
[debug] [2026-03-03T07:29:22.313Z] >>> [apiv2][query] PATCH https://cloudfunctions.googleapis.com/v2/projects/storecheck-6fdc8/locations/us-central1/functions/deleteMyAccount updateMask=name%2CbuildConfig.runtime%2CbuildConfig.entryPoint%2CbuildConfig.source.storageSource.bucket%2CbuildConfig.source.storageSource.object%2CbuildConfig.environmentVariables%2CbuildConfig.sourceToken%2CserviceConfig.environmentVariables%2CserviceConfig.ingressSettings%2CserviceConfig.timeoutSeconds%2CserviceConfig.serviceAccountEmail%2CserviceConfig.availableMemory%2CserviceConfig.minInstanceCount%2CserviceConfig.maxInstanceCount%2CserviceConfig.maxInstanceRequestConcurrency%2CserviceConfig.availableCpu%2CserviceConfig.vpcConnector%2CserviceConfig.vpcConnectorEgressSettings%2Clabels
[debug] [2026-03-03T07:29:22.313Z] >>> [apiv2][body] PATCH https://cloudfunctions.googleapis.com/v2/projects/storecheck-6fdc8/locations/us-central1/functions/deleteMyAccount {"name":"projects/storecheck-6fdc8/locations/us-central1/functions/deleteMyAccount","buildConfig":{"runtime":"nodejs20","entryPoint":"deleteMyAccount","source":{"storageSource":{"bucket":"gcf-v2-uploads-90689794332.us-central1.cloudfunctions.appspot.com","object":"66ee4753-dc34-4adc-acc5-a538da0e0b9a.zip"}},"environmentVariables":{"GOOGLE_NODE_RUN_SCRIPTS":""},"sourceToken":"ClZwcm9qZWN0cy85MDY4OTc5NDMzMi9sb2NhdGlvbnMvdXMtY2VudHJhbDEvYnVpbGRzLzJjYzRkOTlkLTJjYzktNDYxNi1iOGMzLWQ0MDZjMjI3NDhlMxJ/dXMtY2VudHJhbDEtZG9ja2VyLnBrZy5kZXYvc3RvcmVjaGVjay02ZmRjOC9nY2YtYXJ0aWZhY3RzL3N0b3JlY2hlY2stLTZmZGM4X191cy0tY2VudHJhbDFfX3JlbW92ZV9lbXBsb3llZV9mcm9tX3N0b3JlOnZlcnNpb25fMRic4qHs0QIiUXByb2plY3RzL3N0b3JlY2hlY2stNmZkYzgvbG9jYXRpb25zL3VzLWNlbnRyYWwxL2Z1bmN0aW9ucy9yZW1vdmVFbXBsb3llZUZyb21TdG9yZSoMCM2bms0GEPDFzbwDMghub2RlanMyMDp2CiNnY3IuaW8vZ2FlLXJ1bnRpbWVzL25vZGVqczIwOnN0YWJsZRJPdXMtY2VudHJhbDEtZG9ja2VyLnBrZy5kZXYvc2VydmVybGVzcy1ydW50aW1lcy9nb29nbGUtMjItZnVsbC9ydW50aW1lcy9ub2RlanMyMEAB"},"serviceConfig":{"environmentVariables":{"FIREBASE_CONFIG":"{\"projectId\":\"storecheck-6fdc8\",\"storageBucket\":\"storecheck-6fdc8.firebasestorage.app\"}","GCLOUD_PROJECT":"storecheck-6fdc8","EVENTARC_CLOUD_EVENT_SOURCE":"projects/storecheck-6fdc8/locations/us-central1/services/deleteMyAccount","FUNCTION_TARGET":"deleteMyAccount","LOG_EXECUTION_ID":"true","FUNCTION_SIGNATURE_TYPE":"http"},"ingressSettings":null,"timeoutSeconds":null,"serviceAccountEmail":null,"availableMemory":"256Mi","minInstanceCount":null,"maxInstanceCount":null,"maxInstanceRequestConcurrency":80,"availableCpu":"1","vpcConnector":null,"vpcConnectorEgressSettings":null},"labels":{"deployment-tool":"cli-firebase","deployment-callable":"true","firebase-functions-hash":"332b57c40de031c24d04cf54ac79efd55db287b1"}}
[debug] [2026-03-03T07:29:23.703Z] <<< [apiv2][status] PATCH https://cloudfunctions.googleapis.com/v2/projects/storecheck-6fdc8/locations/us-central1/functions/deleteMyAccount 200
[debug] [2026-03-03T07:29:23.703Z] <<< [apiv2][body] PATCH https://cloudfunctions.googleapis.com/v2/projects/storecheck-6fdc8/locations/us-central1/functions/deleteMyAccount {"name":"projects/storecheck-6fdc8/locations/us-central1/operations/operation-1772522962546-64c19a989ef8f-5610d379-2557cc60","metadata":{"@type":"type.googleapis.com/google.cloud.functions.v2.OperationMetadata","createTime":"2026-03-03T07:29:23.604336699Z","target":"projects/storecheck-6fdc8/locations/us-central1/functions/deleteMyAccount","verb":"update","cancelRequested":false,"apiVersion":"v2"},"done":false}
[debug] [2026-03-03T07:29:23.703Z] Checked if tokens are valid: true, expires at: 1772524590441
[debug] [2026-03-03T07:29:23.704Z] Checked if tokens are valid: true, expires at: 1772524590441
[debug] [2026-03-03T07:29:23.704Z] >>> [apiv2][query] GET https://cloudfunctions.googleapis.com/v2/projects/storecheck-6fdc8/locations/us-central1/operations/operation-1772522962546-64c19a989ef8f-5610d379-2557cc60 [none]
[debug] [2026-03-03T07:29:23.938Z] <<< [apiv2][status] GET https://cloudfunctions.googleapis.com/v2/projects/storecheck-6fdc8/locations/us-central1/operations/operation-1772522962546-64c19a989ef8f-5610d379-2557cc60 200
[debug] [2026-03-03T07:29:23.938Z] <<< [apiv2][body] GET https://cloudfunctions.googleapis.com/v2/projects/storecheck-6fdc8/locations/us-central1/operations/operation-1772522962546-64c19a989ef8f-5610d379-2557cc60 {"name":"projects/storecheck-6fdc8/locations/us-central1/operations/operation-1772522962546-64c19a989ef8f-5610d379-2557cc60","metadata":{"@type":"type.googleapis.com/google.cloud.functions.v2.OperationMetadata","createTime":"2026-03-03T07:29:23.604336699Z","target":"projects/storecheck-6fdc8/locations/us-central1/functions/deleteMyAccount","verb":"update","cancelRequested":false,"apiVersion":"v2","requestResource":{"@type":"type.googleapis.com/google.cloud.functions.v2.Function","name":"projects/storecheck-6fdc8/locations/us-central1/functions/deleteMyAccount","buildConfig":{"runtime":"nodejs20","entryPoint":"deleteMyAccount","source":{"storageSource":{"bucket":"gcf-v2-sources-90689794332-us-central1","object":"deleteMyAccount/function-source.zip","generation":"1772522963547430"}},"environmentVariables":{"GOOGLE_NODE_RUN_SCRIPTS":""},"dockerRepository":"projects/storecheck-6fdc8/locations/us-central1/repositories/gcf-artifacts","sourceProvenance":{"resolvedStorageSource":{"bucket":"gcf-v2-sources-90689794332-us-central1","object":"deleteMyAccount/function-source.zip","generation":"1772263417720484"}},"dockerRegistry":"ARTIFACT_REGISTRY","sourceToken":"ClZwcm9qZWN0cy85MDY4OTc5NDMzMi9sb2NhdGlvbnMvdXMtY2VudHJhbDEvYnVpbGRzLzJjYzRkOTlkLTJjYzktNDYxNi1iOGMzLWQ0MDZjMjI3NDhlMxJ/dXMtY2VudHJhbDEtZG9ja2VyLnBrZy5kZXYvc3RvcmVjaGVjay02ZmRjOC9nY2YtYXJ0aWZhY3RzL3N0b3JlY2hlY2stLTZmZGM4X191cy0tY2VudHJhbDFfX3JlbW92ZV9lbXBsb3llZV9mcm9tX3N0b3JlOnZlcnNpb25fMRic4qHs0QIiUXByb2plY3RzL3N0b3JlY2hlY2stNmZkYzgvbG9jYXRpb25zL3VzLWNlbnRyYWwxL2Z1bmN0aW9ucy9yZW1vdmVFbXBsb3llZUZyb21TdG9yZSoMCM2bms0GEPDFzbwDMghub2RlanMyMDp2CiNnY3IuaW8vZ2FlLXJ1bnRpbWVzL25vZGVqczIwOnN0YWJsZRJPdXMtY2VudHJhbDEtZG9ja2VyLnBrZy5kZXYvc2VydmVybGVzcy1ydW50aW1lcy9nb29nbGUtMjItZnVsbC9ydW50aW1lcy9ub2RlanMyMEAB","serviceAccount":"projects/storecheck-6fdc8/serviceAccounts/90689794332-compute@developer.gserviceaccount.com","automaticUpdatePolicy":{}},"serviceConfig":{"service":"projects/storecheck-6fdc8/locations/us-central1/services/deletemyaccount","timeoutSeconds":60,"environmentVariables":{"FIREBASE_CONFIG":"{\"projectId\":\"storecheck-6fdc8\",\"storageBucket\":\"storecheck-6fdc8.firebasestorage.app\"}","GCLOUD_PROJECT":"storecheck-6fdc8","EVENTARC_CLOUD_EVENT_SOURCE":"projects/storecheck-6fdc8/locations/us-central1/services/deleteMyAccount","FUNCTION_TARGET":"deleteMyAccount","LOG_EXECUTION_ID":"true","FUNCTION_SIGNATURE_TYPE":"http"},"ingressSettings":"ALLOW_ALL","uri":"https://deletemyaccount-j27oidbnmq-uc.a.run.app","serviceAccountEmail":"90689794332-compute@developer.gserviceaccount.com","availableMemory":"256Mi","allTrafficOnLatestRevision":true,"revision":"deletemyaccount-00013-zem","maxInstanceRequestConcurrency":80,"availableCpu":"1"},"state":"ACTIVE","labels":{"deployment-tool":"cli-firebase","deployment-callable":"true","firebase-functions-hash":"332b57c40de031c24d04cf54ac79efd55db287b1"},"environment":"GEN_2","url":"https://us-central1-storecheck-6fdc8.cloudfunctions.net/deleteMyAccount","satisfiesPzi":true},"stages":[{"name":"BUILD","message":"Reusing build","state":"COMPLETE","resource":"projects/90689794332/locations/us-central1/builds/2cc4d99d-2cc9-4616-b8c3-d406c22748e3","stateMessages":[{"severity":"WARNING","type":"BuildAnalysisWarning","message":"Node.js 20 is no longer supported by the Node.js community as of 30 April, 2026. Node.js 20 will be deprecated on 2026-04-30. We recommend you to upgrade to the latest version of Node.js as soon as possible."}]},{"name":"SERVICE","state":"NOT_STARTED"}],"sourceToken":"ClZwcm9qZWN0cy85MDY4OTc5NDMzMi9sb2NhdGlvbnMvdXMtY2VudHJhbDEvYnVpbGRzLzJjYzRkOTlkLTJjYzktNDYxNi1iOGMzLWQ0MDZjMjI3NDhlMxJ/dXMtY2VudHJhbDEtZG9ja2VyLnBrZy5kZXYvc3RvcmVjaGVjay02ZmRjOC9nY2YtYXJ0aWZhY3RzL3N0b3JlY2hlY2stLTZmZGM4X191cy0tY2VudHJhbDFfX3JlbW92ZV9lbXBsb3llZV9mcm9tX3N0b3JlOnZlcnNpb25fMRic4qHs0QIiUXByb2plY3RzL3N0b3JlY2hlY2stNmZkYzgvbG9jYXRpb25zL3VzLWNlbnRyYWwxL2Z1bmN0aW9ucy9yZW1vdmVFbXBsb3llZUZyb21TdG9yZSoMCM2bms0GEPDFzbwDMghub2RlanMyMDp2CiNnY3IuaW8vZ2FlLXJ1bnRpbWVzL25vZGVqczIwOnN0YWJsZRJPdXMtY2VudHJhbDEtZG9ja2VyLnBrZy5kZXYvc2VydmVybGVzcy1ydW50aW1lcy9nb29nbGUtMjItZnVsbC9ydW50aW1lcy9ub2RlanMyMEAB","operationType":"UPDATE_FUNCTION","buildName":"projects/90689794332/locations/us-central1/builds/2cc4d99d-2cc9-4616-b8c3-d406c22748e3"},"done":false}
[debug] [2026-03-03T07:29:23.938Z] Got source token ClZwcm9qZWN0cy85MDY4OTc5NDMzMi9sb2NhdGlvbnMvdXMtY2VudHJhbDEvYnVpbGRzLzJjYzRkOTlkLTJjYzktNDYxNi1iOGMzLWQ0MDZjMjI3NDhlMxJ/dXMtY2VudHJhbDEtZG9ja2VyLnBrZy5kZXYvc3RvcmVjaGVjay02ZmRjOC9nY2YtYXJ0aWZhY3RzL3N0b3JlY2hlY2stLTZmZGM4X191cy0tY2VudHJhbDFfX3JlbW92ZV9lbXBsb3llZV9mcm9tX3N0b3JlOnZlcnNpb25fMRic4qHs0QIiUXByb2plY3RzL3N0b3JlY2hlY2stNmZkYzgvbG9jYXRpb25zL3VzLWNlbnRyYWwxL2Z1bmN0aW9ucy9yZW1vdmVFbXBsb3llZUZyb21TdG9yZSoMCM2bms0GEPDFzbwDMghub2RlanMyMDp2CiNnY3IuaW8vZ2FlLXJ1bnRpbWVzL25vZGVqczIwOnN0YWJsZRJPdXMtY2VudHJhbDEtZG9ja2VyLnBrZy5kZXYvc2VydmVybGVzcy1ydW50aW1lcy9nb29nbGUtMjItZnVsbC9ydW50aW1lcy9ub2RlanMyMEAB for region us-central1
[debug] [2026-03-03T07:29:24.439Z] [update-default-us-central1-deleteMyAccount] Retrying task index 0
[debug] [2026-03-03T07:29:24.439Z] Checked if tokens are valid: true, expires at: 1772524590441
[debug] [2026-03-03T07:29:24.439Z] Checked if tokens are valid: true, expires at: 1772524590441
[debug] [2026-03-03T07:29:24.440Z] >>> [apiv2][query] GET https://cloudfunctions.googleapis.com/v2/projects/storecheck-6fdc8/locations/us-central1/operations/operation-1772522962546-64c19a989ef8f-5610d379-2557cc60 [none]
[debug] [2026-03-03T07:29:24.751Z] <<< [apiv2][status] GET https://cloudfunctions.googleapis.com/v2/projects/storecheck-6fdc8/locations/us-central1/operations/operation-1772522962546-64c19a989ef8f-5610d379-2557cc60 200
[debug] [2026-03-03T07:29:24.751Z] <<< [apiv2][body] GET https://cloudfunctions.googleapis.com/v2/projects/storecheck-6fdc8/locations/us-central1/operations/operation-1772522962546-64c19a989ef8f-5610d379-2557cc60 {"name":"projects/storecheck-6fdc8/locations/us-central1/operations/operation-1772522962546-64c19a989ef8f-5610d379-2557cc60","metadata":{"@type":"type.googleapis.com/google.cloud.functions.v2.OperationMetadata","createTime":"2026-03-03T07:29:23.604336699Z","target":"projects/storecheck-6fdc8/locations/us-central1/functions/deleteMyAccount","verb":"update","cancelRequested":false,"apiVersion":"v2","requestResource":{"@type":"type.googleapis.com/google.cloud.functions.v2.Function","name":"projects/storecheck-6fdc8/locations/us-central1/functions/deleteMyAccount","buildConfig":{"runtime":"nodejs20","entryPoint":"deleteMyAccount","source":{"storageSource":{"bucket":"gcf-v2-sources-90689794332-us-central1","object":"deleteMyAccount/function-source.zip","generation":"1772522963547430"}},"environmentVariables":{"GOOGLE_NODE_RUN_SCRIPTS":""},"dockerRepository":"projects/storecheck-6fdc8/locations/us-central1/repositories/gcf-artifacts","sourceProvenance":{"resolvedStorageSource":{"bucket":"gcf-v2-sources-90689794332-us-central1","object":"deleteMyAccount/function-source.zip","generation":"1772263417720484"}},"dockerRegistry":"ARTIFACT_REGISTRY","sourceToken":"ClZwcm9qZWN0cy85MDY4OTc5NDMzMi9sb2NhdGlvbnMvdXMtY2VudHJhbDEvYnVpbGRzLzJjYzRkOTlkLTJjYzktNDYxNi1iOGMzLWQ0MDZjMjI3NDhlMxJ/dXMtY2VudHJhbDEtZG9ja2VyLnBrZy5kZXYvc3RvcmVjaGVjay02ZmRjOC9nY2YtYXJ0aWZhY3RzL3N0b3JlY2hlY2stLTZmZGM4X191cy0tY2VudHJhbDFfX3JlbW92ZV9lbXBsb3llZV9mcm9tX3N0b3JlOnZlcnNpb25fMRic4qHs0QIiUXByb2plY3RzL3N0b3JlY2hlY2stNmZkYzgvbG9jYXRpb25zL3VzLWNlbnRyYWwxL2Z1bmN0aW9ucy9yZW1vdmVFbXBsb3llZUZyb21TdG9yZSoMCM2bms0GEPDFzbwDMghub2RlanMyMDp2CiNnY3IuaW8vZ2FlLXJ1bnRpbWVzL25vZGVqczIwOnN0YWJsZRJPdXMtY2VudHJhbDEtZG9ja2VyLnBrZy5kZXYvc2VydmVybGVzcy1ydW50aW1lcy9nb29nbGUtMjItZnVsbC9ydW50aW1lcy9ub2RlanMyMEAB","serviceAccount":"projects/storecheck-6fdc8/serviceAccounts/90689794332-compute@developer.gserviceaccount.com","automaticUpdatePolicy":{}},"serviceConfig":{"service":"projects/storecheck-6fdc8/locations/us-central1/services/deletemyaccount","timeoutSeconds":60,"environmentVariables":{"FIREBASE_CONFIG":"{\"projectId\":\"storecheck-6fdc8\",\"storageBucket\":\"storecheck-6fdc8.firebasestorage.app\"}","GCLOUD_PROJECT":"storecheck-6fdc8","EVENTARC_CLOUD_EVENT_SOURCE":"projects/storecheck-6fdc8/locations/us-central1/services/deleteMyAccount","FUNCTION_TARGET":"deleteMyAccount","LOG_EXECUTION_ID":"true","FUNCTION_SIGNATURE_TYPE":"http"},"ingressSettings":"ALLOW_ALL","uri":"https://deletemyaccount-j27oidbnmq-uc.a.run.app","serviceAccountEmail":"90689794332-compute@developer.gserviceaccount.com","availableMemory":"256Mi","allTrafficOnLatestRevision":true,"revision":"deletemyaccount-00013-zem","maxInstanceRequestConcurrency":80,"availableCpu":"1"},"state":"ACTIVE","labels":{"deployment-tool":"cli-firebase","deployment-callable":"true","firebase-functions-hash":"332b57c40de031c24d04cf54ac79efd55db287b1"},"environment":"GEN_2","url":"https://us-central1-storecheck-6fdc8.cloudfunctions.net/deleteMyAccount","satisfiesPzi":true},"stages":[{"name":"BUILD","message":"Reusing build","state":"COMPLETE","resource":"projects/90689794332/locations/us-central1/builds/2cc4d99d-2cc9-4616-b8c3-d406c22748e3","stateMessages":[{"severity":"WARNING","type":"BuildAnalysisWarning","message":"Node.js 20 is no longer supported by the Node.js community as of 30 April, 2026. Node.js 20 will be deprecated on 2026-04-30. We recommend you to upgrade to the latest version of Node.js as soon as possible."}]},{"name":"SERVICE","message":"Updating Cloud Run service","state":"IN_PROGRESS","resource":"projects/storecheck-6fdc8/locations/us-central1/services/deletemyaccount","resourceUri":"https://console.cloud.google.com/run/detail/us-central1/deletemyaccount?project=storecheck-6fdc8","stateMessages":[{"severity":"INFO","type":"CloudRunServiceNewRevisionTrafficInfo","message":"A new revision will be deployed serving with 100% traffic."}]}],"sourceToken":"ClZwcm9qZWN0cy85MDY4OTc5NDMzMi9sb2NhdGlvbnMvdXMtY2VudHJhbDEvYnVpbGRzLzJjYzRkOTlkLTJjYzktNDYxNi1iOGMzLWQ0MDZjMjI3NDhlMxJ/dXMtY2VudHJhbDEtZG9ja2VyLnBrZy5kZXYvc3RvcmVjaGVjay02ZmRjOC9nY2YtYXJ0aWZhY3RzL3N0b3JlY2hlY2stLTZmZGM4X191cy0tY2VudHJhbDFfX3JlbW92ZV9lbXBsb3llZV9mcm9tX3N0b3JlOnZlcnNpb25fMRic4qHs0QIiUXByb2plY3RzL3N0b3JlY2hlY2stNmZkYzgvbG9jYXRpb25zL3VzLWNlbnRyYWwxL2Z1bmN0aW9ucy9yZW1vdmVFbXBsb3llZUZyb21TdG9yZSoMCM2bms0GEPDFzbwDMghub2RlanMyMDp2CiNnY3IuaW8vZ2FlLXJ1bnRpbWVzL25vZGVqczIwOnN0YWJsZRJPdXMtY2VudHJhbDEtZG9ja2VyLnBrZy5kZXYvc2VydmVybGVzcy1ydW50aW1lcy9nb29nbGUtMjItZnVsbC9ydW50aW1lcy9ub2RlanMyMEAB","operationType":"UPDATE_FUNCTION","buildName":"projects/90689794332/locations/us-central1/builds/2cc4d99d-2cc9-4616-b8c3-d406c22748e3"},"done":false}
[debug] [2026-03-03T07:29:24.751Z] Got source token ClZwcm9qZWN0cy85MDY4OTc5NDMzMi9sb2NhdGlvbnMvdXMtY2VudHJhbDEvYnVpbGRzLzJjYzRkOTlkLTJjYzktNDYxNi1iOGMzLWQ0MDZjMjI3NDhlMxJ/dXMtY2VudHJhbDEtZG9ja2VyLnBrZy5kZXYvc3RvcmVjaGVjay02ZmRjOC9nY2YtYXJ0aWZhY3RzL3N0b3JlY2hlY2stLTZmZGM4X191cy0tY2VudHJhbDFfX3JlbW92ZV9lbXBsb3llZV9mcm9tX3N0b3JlOnZlcnNpb25fMRic4qHs0QIiUXByb2plY3RzL3N0b3JlY2hlY2stNmZkYzgvbG9jYXRpb25zL3VzLWNlbnRyYWwxL2Z1bmN0aW9ucy9yZW1vdmVFbXBsb3llZUZyb21TdG9yZSoMCM2bms0GEPDFzbwDMghub2RlanMyMDp2CiNnY3IuaW8vZ2FlLXJ1bnRpbWVzL25vZGVqczIwOnN0YWJsZRJPdXMtY2VudHJhbDEtZG9ja2VyLnBrZy5kZXYvc2VydmVybGVzcy1ydW50aW1lcy9nb29nbGUtMjItZnVsbC9ydW50aW1lcy9ub2RlanMyMEAB for region us-central1
[debug] [2026-03-03T07:29:25.752Z] [update-default-us-central1-deleteMyAccount] Retrying task index 0
[debug] [2026-03-03T07:29:25.752Z] Checked if tokens are valid: true, expires at: 1772524590441
[debug] [2026-03-03T07:29:25.752Z] Checked if tokens are valid: true, expires at: 1772524590441
[debug] [2026-03-03T07:29:25.753Z] >>> [apiv2][query] GET https://cloudfunctions.googleapis.com/v2/projects/storecheck-6fdc8/locations/us-central1/operations/operation-1772522962546-64c19a989ef8f-5610d379-2557cc60 [none]
[debug] [2026-03-03T07:29:26.026Z] <<< [apiv2][status] GET https://cloudfunctions.googleapis.com/v2/projects/storecheck-6fdc8/locations/us-central1/operations/operation-1772522962546-64c19a989ef8f-5610d379-2557cc60 200
[debug] [2026-03-03T07:29:26.027Z] <<< [apiv2][body] GET https://cloudfunctions.googleapis.com/v2/projects/storecheck-6fdc8/locations/us-central1/operations/operation-1772522962546-64c19a989ef8f-5610d379-2557cc60 {"name":"projects/storecheck-6fdc8/locations/us-central1/operations/operation-1772522962546-64c19a989ef8f-5610d379-2557cc60","metadata":{"@type":"type.googleapis.com/google.cloud.functions.v2.OperationMetadata","createTime":"2026-03-03T07:29:23.604336699Z","target":"projects/storecheck-6fdc8/locations/us-central1/functions/deleteMyAccount","verb":"update","cancelRequested":false,"apiVersion":"v2","requestResource":{"@type":"type.googleapis.com/google.cloud.functions.v2.Function","name":"projects/storecheck-6fdc8/locations/us-central1/functions/deleteMyAccount","buildConfig":{"runtime":"nodejs20","entryPoint":"deleteMyAccount","source":{"storageSource":{"bucket":"gcf-v2-sources-90689794332-us-central1","object":"deleteMyAccount/function-source.zip","generation":"1772522963547430"}},"environmentVariables":{"GOOGLE_NODE_RUN_SCRIPTS":""},"dockerRepository":"projects/storecheck-6fdc8/locations/us-central1/repositories/gcf-artifacts","sourceProvenance":{"resolvedStorageSource":{"bucket":"gcf-v2-sources-90689794332-us-central1","object":"deleteMyAccount/function-source.zip","generation":"1772263417720484"}},"dockerRegistry":"ARTIFACT_REGISTRY","sourceToken":"ClZwcm9qZWN0cy85MDY4OTc5NDMzMi9sb2NhdGlvbnMvdXMtY2VudHJhbDEvYnVpbGRzLzJjYzRkOTlkLTJjYzktNDYxNi1iOGMzLWQ0MDZjMjI3NDhlMxJ/dXMtY2VudHJhbDEtZG9ja2VyLnBrZy5kZXYvc3RvcmVjaGVjay02ZmRjOC9nY2YtYXJ0aWZhY3RzL3N0b3JlY2hlY2stLTZmZGM4X191cy0tY2VudHJhbDFfX3JlbW92ZV9lbXBsb3llZV9mcm9tX3N0b3JlOnZlcnNpb25fMRic4qHs0QIiUXByb2plY3RzL3N0b3JlY2hlY2stNmZkYzgvbG9jYXRpb25zL3VzLWNlbnRyYWwxL2Z1bmN0aW9ucy9yZW1vdmVFbXBsb3llZUZyb21TdG9yZSoMCM2bms0GEPDFzbwDMghub2RlanMyMDp2CiNnY3IuaW8vZ2FlLXJ1bnRpbWVzL25vZGVqczIwOnN0YWJsZRJPdXMtY2VudHJhbDEtZG9ja2VyLnBrZy5kZXYvc2VydmVybGVzcy1ydW50aW1lcy9nb29nbGUtMjItZnVsbC9ydW50aW1lcy9ub2RlanMyMEAB","serviceAccount":"projects/storecheck-6fdc8/serviceAccounts/90689794332-compute@developer.gserviceaccount.com","automaticUpdatePolicy":{}},"serviceConfig":{"service":"projects/storecheck-6fdc8/locations/us-central1/services/deletemyaccount","timeoutSeconds":60,"environmentVariables":{"FIREBASE_CONFIG":"{\"projectId\":\"storecheck-6fdc8\",\"storageBucket\":\"storecheck-6fdc8.firebasestorage.app\"}","GCLOUD_PROJECT":"storecheck-6fdc8","EVENTARC_CLOUD_EVENT_SOURCE":"projects/storecheck-6fdc8/locations/us-central1/services/deleteMyAccount","FUNCTION_TARGET":"deleteMyAccount","LOG_EXECUTION_ID":"true","FUNCTION_SIGNATURE_TYPE":"http"},"ingressSettings":"ALLOW_ALL","uri":"https://deletemyaccount-j27oidbnmq-uc.a.run.app","serviceAccountEmail":"90689794332-compute@developer.gserviceaccount.com","availableMemory":"256Mi","allTrafficOnLatestRevision":true,"revision":"deletemyaccount-00013-zem","maxInstanceRequestConcurrency":80,"availableCpu":"1"},"state":"ACTIVE","labels":{"deployment-tool":"cli-firebase","deployment-callable":"true","firebase-functions-hash":"332b57c40de031c24d04cf54ac79efd55db287b1"},"environment":"GEN_2","url":"https://us-central1-storecheck-6fdc8.cloudfunctions.net/deleteMyAccount","satisfiesPzi":true},"stages":[{"name":"BUILD","message":"Reusing build","state":"COMPLETE","resource":"projects/90689794332/locations/us-central1/builds/2cc4d99d-2cc9-4616-b8c3-d406c22748e3","stateMessages":[{"severity":"WARNING","type":"BuildAnalysisWarning","message":"Node.js 20 is no longer supported by the Node.js community as of 30 April, 2026. Node.js 20 will be deprecated on 2026-04-30. We recommend you to upgrade to the latest version of Node.js as soon as possible."}]},{"name":"SERVICE","message":"Updating Cloud Run service","state":"IN_PROGRESS","resource":"projects/storecheck-6fdc8/locations/us-central1/services/deletemyaccount","resourceUri":"https://console.cloud.google.com/run/detail/us-central1/deletemyaccount?project=storecheck-6fdc8","stateMessages":[{"severity":"INFO","type":"CloudRunServiceNewRevisionTrafficInfo","message":"A new revision will be deployed serving with 100% traffic."}]}],"sourceToken":"ClZwcm9qZWN0cy85MDY4OTc5NDMzMi9sb2NhdGlvbnMvdXMtY2VudHJhbDEvYnVpbGRzLzJjYzRkOTlkLTJjYzktNDYxNi1iOGMzLWQ0MDZjMjI3NDhlMxJ/dXMtY2VudHJhbDEtZG9ja2VyLnBrZy5kZXYvc3RvcmVjaGVjay02ZmRjOC9nY2YtYXJ0aWZhY3RzL3N0b3JlY2hlY2stLTZmZGM4X191cy0tY2VudHJhbDFfX3JlbW92ZV9lbXBsb3llZV9mcm9tX3N0b3JlOnZlcnNpb25fMRic4qHs0QIiUXByb2plY3RzL3N0b3JlY2hlY2stNmZkYzgvbG9jYXRpb25zL3VzLWNlbnRyYWwxL2Z1bmN0aW9ucy9yZW1vdmVFbXBsb3llZUZyb21TdG9yZSoMCM2bms0GEPDFzbwDMghub2RlanMyMDp2CiNnY3IuaW8vZ2FlLXJ1bnRpbWVzL25vZGVqczIwOnN0YWJsZRJPdXMtY2VudHJhbDEtZG9ja2VyLnBrZy5kZXYvc2VydmVybGVzcy1ydW50aW1lcy9nb29nbGUtMjItZnVsbC9ydW50aW1lcy9ub2RlanMyMEAB","operationType":"UPDATE_FUNCTION","buildName":"projects/90689794332/locations/us-central1/builds/2cc4d99d-2cc9-4616-b8c3-d406c22748e3"},"done":false}
[debug] [2026-03-03T07:29:26.027Z] Got source token ClZwcm9qZWN0cy85MDY4OTc5NDMzMi9sb2NhdGlvbnMvdXMtY2VudHJhbDEvYnVpbGRzLzJjYzRkOTlkLTJjYzktNDYxNi1iOGMzLWQ0MDZjMjI3NDhlMxJ/dXMtY2VudHJhbDEtZG9ja2VyLnBrZy5kZXYvc3RvcmVjaGVjay02ZmRjOC9nY2YtYXJ0aWZhY3RzL3N0b3JlY2hlY2stLTZmZGM4X191cy0tY2VudHJhbDFfX3JlbW92ZV9lbXBsb3llZV9mcm9tX3N0b3JlOnZlcnNpb25fMRic4qHs0QIiUXByb2plY3RzL3N0b3JlY2hlY2stNmZkYzgvbG9jYXRpb25zL3VzLWNlbnRyYWwxL2Z1bmN0aW9ucy9yZW1vdmVFbXBsb3llZUZyb21TdG9yZSoMCM2bms0GEPDFzbwDMghub2RlanMyMDp2CiNnY3IuaW8vZ2FlLXJ1bnRpbWVzL25vZGVqczIwOnN0YWJsZRJPdXMtY2VudHJhbDEtZG9ja2VyLnBrZy5kZXYvc2VydmVybGVzcy1ydW50aW1lcy9nb29nbGUtMjItZnVsbC9ydW50aW1lcy9ub2RlanMyMEAB for region us-central1
[debug] [2026-03-03T07:29:28.028Z] [update-default-us-central1-deleteMyAccount] Retrying task index 0
[debug] [2026-03-03T07:29:28.028Z] Checked if tokens are valid: true, expires at: 1772524590441
[debug] [2026-03-03T07:29:28.028Z] Checked if tokens are valid: true, expires at: 1772524590441
[debug] [2026-03-03T07:29:28.028Z] >>> [apiv2][query] GET https://cloudfunctions.googleapis.com/v2/projects/storecheck-6fdc8/locations/us-central1/operations/operation-1772522962546-64c19a989ef8f-5610d379-2557cc60 [none]
[debug] [2026-03-03T07:29:28.287Z] <<< [apiv2][status] GET https://cloudfunctions.googleapis.com/v2/projects/storecheck-6fdc8/locations/us-central1/operations/operation-1772522962546-64c19a989ef8f-5610d379-2557cc60 200
[debug] [2026-03-03T07:29:28.288Z] <<< [apiv2][body] GET https://cloudfunctions.googleapis.com/v2/projects/storecheck-6fdc8/locations/us-central1/operations/operation-1772522962546-64c19a989ef8f-5610d379-2557cc60 {"name":"projects/storecheck-6fdc8/locations/us-central1/operations/operation-1772522962546-64c19a989ef8f-5610d379-2557cc60","metadata":{"@type":"type.googleapis.com/google.cloud.functions.v2.OperationMetadata","createTime":"2026-03-03T07:29:23.604336699Z","target":"projects/storecheck-6fdc8/locations/us-central1/functions/deleteMyAccount","verb":"update","cancelRequested":false,"apiVersion":"v2","requestResource":{"@type":"type.googleapis.com/google.cloud.functions.v2.Function","name":"projects/storecheck-6fdc8/locations/us-central1/functions/deleteMyAccount","buildConfig":{"runtime":"nodejs20","entryPoint":"deleteMyAccount","source":{"storageSource":{"bucket":"gcf-v2-sources-90689794332-us-central1","object":"deleteMyAccount/function-source.zip","generation":"1772522963547430"}},"environmentVariables":{"GOOGLE_NODE_RUN_SCRIPTS":""},"dockerRepository":"projects/storecheck-6fdc8/locations/us-central1/repositories/gcf-artifacts","sourceProvenance":{"resolvedStorageSource":{"bucket":"gcf-v2-sources-90689794332-us-central1","object":"deleteMyAccount/function-source.zip","generation":"1772263417720484"}},"dockerRegistry":"ARTIFACT_REGISTRY","sourceToken":"ClZwcm9qZWN0cy85MDY4OTc5NDMzMi9sb2NhdGlvbnMvdXMtY2VudHJhbDEvYnVpbGRzLzJjYzRkOTlkLTJjYzktNDYxNi1iOGMzLWQ0MDZjMjI3NDhlMxJ/dXMtY2VudHJhbDEtZG9ja2VyLnBrZy5kZXYvc3RvcmVjaGVjay02ZmRjOC9nY2YtYXJ0aWZhY3RzL3N0b3JlY2hlY2stLTZmZGM4X191cy0tY2VudHJhbDFfX3JlbW92ZV9lbXBsb3llZV9mcm9tX3N0b3JlOnZlcnNpb25fMRic4qHs0QIiUXByb2plY3RzL3N0b3JlY2hlY2stNmZkYzgvbG9jYXRpb25zL3VzLWNlbnRyYWwxL2Z1bmN0aW9ucy9yZW1vdmVFbXBsb3llZUZyb21TdG9yZSoMCM2bms0GEPDFzbwDMghub2RlanMyMDp2CiNnY3IuaW8vZ2FlLXJ1bnRpbWVzL25vZGVqczIwOnN0YWJsZRJPdXMtY2VudHJhbDEtZG9ja2VyLnBrZy5kZXYvc2VydmVybGVzcy1ydW50aW1lcy9nb29nbGUtMjItZnVsbC9ydW50aW1lcy9ub2RlanMyMEAB","serviceAccount":"projects/storecheck-6fdc8/serviceAccounts/90689794332-compute@developer.gserviceaccount.com","automaticUpdatePolicy":{}},"serviceConfig":{"service":"projects/storecheck-6fdc8/locations/us-central1/services/deletemyaccount","timeoutSeconds":60,"environmentVariables":{"FIREBASE_CONFIG":"{\"projectId\":\"storecheck-6fdc8\",\"storageBucket\":\"storecheck-6fdc8.firebasestorage.app\"}","GCLOUD_PROJECT":"storecheck-6fdc8","EVENTARC_CLOUD_EVENT_SOURCE":"projects/storecheck-6fdc8/locations/us-central1/services/deleteMyAccount","FUNCTION_TARGET":"deleteMyAccount","LOG_EXECUTION_ID":"true","FUNCTION_SIGNATURE_TYPE":"http"},"ingressSettings":"ALLOW_ALL","uri":"https://deletemyaccount-j27oidbnmq-uc.a.run.app","serviceAccountEmail":"90689794332-compute@developer.gserviceaccount.com","availableMemory":"256Mi","allTrafficOnLatestRevision":true,"revision":"deletemyaccount-00013-zem","maxInstanceRequestConcurrency":80,"availableCpu":"1"},"state":"ACTIVE","labels":{"deployment-tool":"cli-firebase","deployment-callable":"true","firebase-functions-hash":"332b57c40de031c24d04cf54ac79efd55db287b1"},"environment":"GEN_2","url":"https://us-central1-storecheck-6fdc8.cloudfunctions.net/deleteMyAccount","satisfiesPzi":true},"stages":[{"name":"BUILD","message":"Reusing build","state":"COMPLETE","resource":"projects/90689794332/locations/us-central1/builds/2cc4d99d-2cc9-4616-b8c3-d406c22748e3","stateMessages":[{"severity":"WARNING","type":"BuildAnalysisWarning","message":"Node.js 20 is no longer supported by the Node.js community as of 30 April, 2026. Node.js 20 will be deprecated on 2026-04-30. We recommend you to upgrade to the latest version of Node.js as soon as possible."}]},{"name":"SERVICE","message":"Updating Cloud Run service","state":"IN_PROGRESS","resource":"projects/storecheck-6fdc8/locations/us-central1/services/deletemyaccount","resourceUri":"https://console.cloud.google.com/run/detail/us-central1/deletemyaccount?project=storecheck-6fdc8","stateMessages":[{"severity":"INFO","type":"CloudRunServiceNewRevisionTrafficInfo","message":"A new revision will be deployed serving with 100% traffic."}]}],"sourceToken":"ClZwcm9qZWN0cy85MDY4OTc5NDMzMi9sb2NhdGlvbnMvdXMtY2VudHJhbDEvYnVpbGRzLzJjYzRkOTlkLTJjYzktNDYxNi1iOGMzLWQ0MDZjMjI3NDhlMxJ/dXMtY2VudHJhbDEtZG9ja2VyLnBrZy5kZXYvc3RvcmVjaGVjay02ZmRjOC9nY2YtYXJ0aWZhY3RzL3N0b3JlY2hlY2stLTZmZGM4X191cy0tY2VudHJhbDFfX3JlbW92ZV9lbXBsb3llZV9mcm9tX3N0b3JlOnZlcnNpb25fMRic4qHs0QIiUXByb2plY3RzL3N0b3JlY2hlY2stNmZkYzgvbG9jYXRpb25zL3VzLWNlbnRyYWwxL2Z1bmN0aW9ucy9yZW1vdmVFbXBsb3llZUZyb21TdG9yZSoMCM2bms0GEPDFzbwDMghub2RlanMyMDp2CiNnY3IuaW8vZ2FlLXJ1bnRpbWVzL25vZGVqczIwOnN0YWJsZRJPdXMtY2VudHJhbDEtZG9ja2VyLnBrZy5kZXYvc2VydmVybGVzcy1ydW50aW1lcy9nb29nbGUtMjItZnVsbC9ydW50aW1lcy9ub2RlanMyMEAB","operationType":"UPDATE_FUNCTION","buildName":"projects/90689794332/locations/us-central1/builds/2cc4d99d-2cc9-4616-b8c3-d406c22748e3"},"done":false}
[debug] [2026-03-03T07:29:28.288Z] Got source token ClZwcm9qZWN0cy85MDY4OTc5NDMzMi9sb2NhdGlvbnMvdXMtY2VudHJhbDEvYnVpbGRzLzJjYzRkOTlkLTJjYzktNDYxNi1iOGMzLWQ0MDZjMjI3NDhlMxJ/dXMtY2VudHJhbDEtZG9ja2VyLnBrZy5kZXYvc3RvcmVjaGVjay02ZmRjOC9nY2YtYXJ0aWZhY3RzL3N0b3JlY2hlY2stLTZmZGM4X191cy0tY2VudHJhbDFfX3JlbW92ZV9lbXBsb3llZV9mcm9tX3N0b3JlOnZlcnNpb25fMRic4qHs0QIiUXByb2plY3RzL3N0b3JlY2hlY2stNmZkYzgvbG9jYXRpb25zL3VzLWNlbnRyYWwxL2Z1bmN0aW9ucy9yZW1vdmVFbXBsb3llZUZyb21TdG9yZSoMCM2bms0GEPDFzbwDMghub2RlanMyMDp2CiNnY3IuaW8vZ2FlLXJ1bnRpbWVzL25vZGVqczIwOnN0YWJsZRJPdXMtY2VudHJhbDEtZG9ja2VyLnBrZy5kZXYvc2VydmVybGVzcy1ydW50aW1lcy9nb29nbGUtMjItZnVsbC9ydW50aW1lcy9ub2RlanMyMEAB for region us-central1
[debug] [2026-03-03T07:29:32.289Z] [update-default-us-central1-deleteMyAccount] Retrying task index 0
[debug] [2026-03-03T07:29:32.289Z] Checked if tokens are valid: true, expires at: 1772524590441
[debug] [2026-03-03T07:29:32.289Z] Checked if tokens are valid: true, expires at: 1772524590441
[debug] [2026-03-03T07:29:32.290Z] >>> [apiv2][query] GET https://cloudfunctions.googleapis.com/v2/projects/storecheck-6fdc8/locations/us-central1/operations/operation-1772522962546-64c19a989ef8f-5610d379-2557cc60 [none]
[debug] [2026-03-03T07:29:32.312Z] [update-default-us-central1-removeEmployeeFromStore] Retrying task index 0
[debug] [2026-03-03T07:29:32.313Z] Checked if tokens are valid: true, expires at: 1772524590441
[debug] [2026-03-03T07:29:32.313Z] Checked if tokens are valid: true, expires at: 1772524590441
[debug] [2026-03-03T07:29:32.313Z] >>> [apiv2][query] GET https://cloudfunctions.googleapis.com/v2/projects/storecheck-6fdc8/locations/us-central1/operations/operation-1772522903270-64c19a60173fd-61e9ebc8-5de346f6 [none]
[debug] [2026-03-03T07:29:32.519Z] <<< [apiv2][status] GET https://cloudfunctions.googleapis.com/v2/projects/storecheck-6fdc8/locations/us-central1/operations/operation-1772522962546-64c19a989ef8f-5610d379-2557cc60 200
[debug] [2026-03-03T07:29:32.519Z] <<< [apiv2][body] GET https://cloudfunctions.googleapis.com/v2/projects/storecheck-6fdc8/locations/us-central1/operations/operation-1772522962546-64c19a989ef8f-5610d379-2557cc60 {"name":"projects/storecheck-6fdc8/locations/us-central1/operations/operation-1772522962546-64c19a989ef8f-5610d379-2557cc60","metadata":{"@type":"type.googleapis.com/google.cloud.functions.v2.OperationMetadata","createTime":"2026-03-03T07:29:23.604336699Z","target":"projects/storecheck-6fdc8/locations/us-central1/functions/deleteMyAccount","verb":"update","cancelRequested":false,"apiVersion":"v2","requestResource":{"@type":"type.googleapis.com/google.cloud.functions.v2.Function","name":"projects/storecheck-6fdc8/locations/us-central1/functions/deleteMyAccount","buildConfig":{"runtime":"nodejs20","entryPoint":"deleteMyAccount","source":{"storageSource":{"bucket":"gcf-v2-sources-90689794332-us-central1","object":"deleteMyAccount/function-source.zip","generation":"1772522963547430"}},"environmentVariables":{"GOOGLE_NODE_RUN_SCRIPTS":""},"dockerRepository":"projects/storecheck-6fdc8/locations/us-central1/repositories/gcf-artifacts","sourceProvenance":{"resolvedStorageSource":{"bucket":"gcf-v2-sources-90689794332-us-central1","object":"deleteMyAccount/function-source.zip","generation":"1772263417720484"}},"dockerRegistry":"ARTIFACT_REGISTRY","sourceToken":"ClZwcm9qZWN0cy85MDY4OTc5NDMzMi9sb2NhdGlvbnMvdXMtY2VudHJhbDEvYnVpbGRzLzJjYzRkOTlkLTJjYzktNDYxNi1iOGMzLWQ0MDZjMjI3NDhlMxJ/dXMtY2VudHJhbDEtZG9ja2VyLnBrZy5kZXYvc3RvcmVjaGVjay02ZmRjOC9nY2YtYXJ0aWZhY3RzL3N0b3JlY2hlY2stLTZmZGM4X191cy0tY2VudHJhbDFfX3JlbW92ZV9lbXBsb3llZV9mcm9tX3N0b3JlOnZlcnNpb25fMRic4qHs0QIiUXByb2plY3RzL3N0b3JlY2hlY2stNmZkYzgvbG9jYXRpb25zL3VzLWNlbnRyYWwxL2Z1bmN0aW9ucy9yZW1vdmVFbXBsb3llZUZyb21TdG9yZSoMCM2bms0GEPDFzbwDMghub2RlanMyMDp2CiNnY3IuaW8vZ2FlLXJ1bnRpbWVzL25vZGVqczIwOnN0YWJsZRJPdXMtY2VudHJhbDEtZG9ja2VyLnBrZy5kZXYvc2VydmVybGVzcy1ydW50aW1lcy9nb29nbGUtMjItZnVsbC9ydW50aW1lcy9ub2RlanMyMEAB","serviceAccount":"projects/storecheck-6fdc8/serviceAccounts/90689794332-compute@developer.gserviceaccount.com","automaticUpdatePolicy":{}},"serviceConfig":{"service":"projects/storecheck-6fdc8/locations/us-central1/services/deletemyaccount","timeoutSeconds":60,"environmentVariables":{"FIREBASE_CONFIG":"{\"projectId\":\"storecheck-6fdc8\",\"storageBucket\":\"storecheck-6fdc8.firebasestorage.app\"}","GCLOUD_PROJECT":"storecheck-6fdc8","EVENTARC_CLOUD_EVENT_SOURCE":"projects/storecheck-6fdc8/locations/us-central1/services/deleteMyAccount","FUNCTION_TARGET":"deleteMyAccount","LOG_EXECUTION_ID":"true","FUNCTION_SIGNATURE_TYPE":"http"},"ingressSettings":"ALLOW_ALL","uri":"https://deletemyaccount-j27oidbnmq-uc.a.run.app","serviceAccountEmail":"90689794332-compute@developer.gserviceaccount.com","availableMemory":"256Mi","allTrafficOnLatestRevision":true,"revision":"deletemyaccount-00013-zem","maxInstanceRequestConcurrency":80,"availableCpu":"1"},"state":"ACTIVE","labels":{"deployment-tool":"cli-firebase","deployment-callable":"true","firebase-functions-hash":"332b57c40de031c24d04cf54ac79efd55db287b1"},"environment":"GEN_2","url":"https://us-central1-storecheck-6fdc8.cloudfunctions.net/deleteMyAccount","satisfiesPzi":true},"stages":[{"name":"BUILD","message":"Reusing build","state":"COMPLETE","resource":"projects/90689794332/locations/us-central1/builds/2cc4d99d-2cc9-4616-b8c3-d406c22748e3","stateMessages":[{"severity":"WARNING","type":"BuildAnalysisWarning","message":"Node.js 20 is no longer supported by the Node.js community as of 30 April, 2026. Node.js 20 will be deprecated on 2026-04-30. We recommend you to upgrade to the latest version of Node.js as soon as possible."}]},{"name":"SERVICE","message":"Updating Cloud Run service","state":"IN_PROGRESS","resource":"projects/storecheck-6fdc8/locations/us-central1/services/deletemyaccount","resourceUri":"https://console.cloud.google.com/run/detail/us-central1/deletemyaccount?project=storecheck-6fdc8","stateMessages":[{"severity":"INFO","type":"CloudRunServiceNewRevisionTrafficInfo","message":"A new revision will be deployed serving with 100% traffic."}]}],"sourceToken":"ClZwcm9qZWN0cy85MDY4OTc5NDMzMi9sb2NhdGlvbnMvdXMtY2VudHJhbDEvYnVpbGRzLzJjYzRkOTlkLTJjYzktNDYxNi1iOGMzLWQ0MDZjMjI3NDhlMxJ/dXMtY2VudHJhbDEtZG9ja2VyLnBrZy5kZXYvc3RvcmVjaGVjay02ZmRjOC9nY2YtYXJ0aWZhY3RzL3N0b3JlY2hlY2stLTZmZGM4X191cy0tY2VudHJhbDFfX3JlbW92ZV9lbXBsb3llZV9mcm9tX3N0b3JlOnZlcnNpb25fMRic4qHs0QIiUXByb2plY3RzL3N0b3JlY2hlY2stNmZkYzgvbG9jYXRpb25zL3VzLWNlbnRyYWwxL2Z1bmN0aW9ucy9yZW1vdmVFbXBsb3llZUZyb21TdG9yZSoMCM2bms0GEPDFzbwDMghub2RlanMyMDp2CiNnY3IuaW8vZ2FlLXJ1bnRpbWVzL25vZGVqczIwOnN0YWJsZRJPdXMtY2VudHJhbDEtZG9ja2VyLnBrZy5kZXYvc2VydmVybGVzcy1ydW50aW1lcy9nb29nbGUtMjItZnVsbC9ydW50aW1lcy9ub2RlanMyMEAB","operationType":"UPDATE_FUNCTION","buildName":"projects/90689794332/locations/us-central1/builds/2cc4d99d-2cc9-4616-b8c3-d406c22748e3"},"done":false}
[debug] [2026-03-03T07:29:32.519Z] Got source token ClZwcm9qZWN0cy85MDY4OTc5NDMzMi9sb2NhdGlvbnMvdXMtY2VudHJhbDEvYnVpbGRzLzJjYzRkOTlkLTJjYzktNDYxNi1iOGMzLWQ0MDZjMjI3NDhlMxJ/dXMtY2VudHJhbDEtZG9ja2VyLnBrZy5kZXYvc3RvcmVjaGVjay02ZmRjOC9nY2YtYXJ0aWZhY3RzL3N0b3JlY2hlY2stLTZmZGM4X191cy0tY2VudHJhbDFfX3JlbW92ZV9lbXBsb3llZV9mcm9tX3N0b3JlOnZlcnNpb25fMRic4qHs0QIiUXByb2plY3RzL3N0b3JlY2hlY2stNmZkYzgvbG9jYXRpb25zL3VzLWNlbnRyYWwxL2Z1bmN0aW9ucy9yZW1vdmVFbXBsb3llZUZyb21TdG9yZSoMCM2bms0GEPDFzbwDMghub2RlanMyMDp2CiNnY3IuaW8vZ2FlLXJ1bnRpbWVzL25vZGVqczIwOnN0YWJsZRJPdXMtY2VudHJhbDEtZG9ja2VyLnBrZy5kZXYvc2VydmVybGVzcy1ydW50aW1lcy9nb29nbGUtMjItZnVsbC9ydW50aW1lcy9ub2RlanMyMEAB for region us-central1
[debug] [2026-03-03T07:29:32.761Z] <<< [apiv2][status] GET https://cloudfunctions.googleapis.com/v2/projects/storecheck-6fdc8/locations/us-central1/operations/operation-1772522903270-64c19a60173fd-61e9ebc8-5de346f6 200
[debug] [2026-03-03T07:29:32.761Z] <<< [apiv2][body] GET https://cloudfunctions.googleapis.com/v2/projects/storecheck-6fdc8/locations/us-central1/operations/operation-1772522903270-64c19a60173fd-61e9ebc8-5de346f6 {"name":"projects/storecheck-6fdc8/locations/us-central1/operations/operation-1772522903270-64c19a60173fd-61e9ebc8-5de346f6","metadata":{"@type":"type.googleapis.com/google.cloud.functions.v2.OperationMetadata","createTime":"2026-03-03T07:28:24.155716438Z","endTime":"2026-03-03T07:29:29.713404127Z","target":"projects/storecheck-6fdc8/locations/us-central1/functions/removeEmployeeFromStore","verb":"update","cancelRequested":false,"apiVersion":"v2","requestResource":{"@type":"type.googleapis.com/google.cloud.functions.v2.Function","name":"projects/storecheck-6fdc8/locations/us-central1/functions/removeEmployeeFromStore","buildConfig":{"runtime":"nodejs20","entryPoint":"removeEmployeeFromStore","source":{"storageSource":{"bucket":"gcf-v2-sources-90689794332-us-central1","object":"removeEmployeeFromStore/function-source.zip","generation":"1772522904107137"}},"environmentVariables":{"GOOGLE_NODE_RUN_SCRIPTS":""},"dockerRepository":"projects/storecheck-6fdc8/locations/us-central1/repositories/gcf-artifacts","sourceProvenance":{"resolvedStorageSource":{"bucket":"gcf-v2-sources-90689794332-us-central1","object":"removeEmployeeFromStore/function-source.zip","generation":"1772263417816466"}},"dockerRegistry":"ARTIFACT_REGISTRY","serviceAccount":"projects/storecheck-6fdc8/serviceAccounts/90689794332-compute@developer.gserviceaccount.com","automaticUpdatePolicy":{}},"serviceConfig":{"service":"projects/storecheck-6fdc8/locations/us-central1/services/removeemployeefromstore","timeoutSeconds":60,"environmentVariables":{"FIREBASE_CONFIG":"{\"projectId\":\"storecheck-6fdc8\",\"storageBucket\":\"storecheck-6fdc8.firebasestorage.app\"}","GCLOUD_PROJECT":"storecheck-6fdc8","EVENTARC_CLOUD_EVENT_SOURCE":"projects/storecheck-6fdc8/locations/us-central1/services/removeEmployeeFromStore","FUNCTION_TARGET":"removeEmployeeFromStore","LOG_EXECUTION_ID":"true","FUNCTION_SIGNATURE_TYPE":"http"},"ingressSettings":"ALLOW_ALL","uri":"https://removeemployeefromstore-j27oidbnmq-uc.a.run.app","serviceAccountEmail":"90689794332-compute@developer.gserviceaccount.com","availableMemory":"256Mi","allTrafficOnLatestRevision":true,"revision":"removeemployeefromstore-00015-joh","maxInstanceRequestConcurrency":80,"availableCpu":"1"},"state":"ACTIVE","labels":{"deployment-tool":"cli-firebase","deployment-callable":"true","firebase-functions-hash":"332b57c40de031c24d04cf54ac79efd55db287b1"},"environment":"GEN_2","url":"https://us-central1-storecheck-6fdc8.cloudfunctions.net/removeEmployeeFromStore","satisfiesPzi":true},"stages":[{"name":"BUILD","message":"Build finished","state":"COMPLETE","resource":"projects/90689794332/locations/us-central1/builds/2cc4d99d-2cc9-4616-b8c3-d406c22748e3","resourceUri":"https://console.cloud.google.com/cloud-build/builds;region=us-central1/2cc4d99d-2cc9-4616-b8c3-d406c22748e3?project=90689794332"},{"name":"SERVICE","message":"Updating Cloud Run service","state":"COMPLETE","resource":"projects/storecheck-6fdc8/locations/us-central1/services/removeemployeefromstore","resourceUri":"https://console.cloud.google.com/run/detail/us-central1/removeemployeefromstore?project=storecheck-6fdc8","stateMessages":[{"severity":"INFO","type":"CloudRunServiceNewRevisionTrafficInfo","message":"A new revision will be deployed serving with 100% traffic."}]}],"sourceToken":"ClZwcm9qZWN0cy85MDY4OTc5NDMzMi9sb2NhdGlvbnMvdXMtY2VudHJhbDEvYnVpbGRzLzJjYzRkOTlkLTJjYzktNDYxNi1iOGMzLWQ0MDZjMjI3NDhlMxJ/dXMtY2VudHJhbDEtZG9ja2VyLnBrZy5kZXYvc3RvcmVjaGVjay02ZmRjOC9nY2YtYXJ0aWZhY3RzL3N0b3JlY2hlY2stLTZmZGM4X191cy0tY2VudHJhbDFfX3JlbW92ZV9lbXBsb3llZV9mcm9tX3N0b3JlOnZlcnNpb25fMRic4qHs0QIiUXByb2plY3RzL3N0b3JlY2hlY2stNmZkYzgvbG9jYXRpb25zL3VzLWNlbnRyYWwxL2Z1bmN0aW9ucy9yZW1vdmVFbXBsb3llZUZyb21TdG9yZSoMCM2bms0GEPDFzbwDMghub2RlanMyMDp2CiNnY3IuaW8vZ2FlLXJ1bnRpbWVzL25vZGVqczIwOnN0YWJsZRJPdXMtY2VudHJhbDEtZG9ja2VyLnBrZy5kZXYvc2VydmVybGVzcy1ydW50aW1lcy9nb29nbGUtMjItZnVsbC9ydW50aW1lcy9ub2RlanMyMEAB","operationType":"UPDATE_FUNCTION","buildName":"projects/90689794332/locations/us-central1/builds/2cc4d99d-2cc9-4616-b8c3-d406c22748e3"},"done":true,"response":{"@type":"type.googleapis.com/google.cloud.functions.v2.Function","name":"projects/storecheck-6fdc8/locations/us-central1/functions/removeEmployeeFromStore","buildConfig":{"build":"projects/90689794332/locations/us-central1/builds/2cc4d99d-2cc9-4616-b8c3-d406c22748e3","runtime":"nodejs20","entryPoint":"removeEmployeeFromStore","source":{"storageSource":{"bucket":"gcf-v2-sources-90689794332-us-central1","object":"removeEmployeeFromStore/function-source.zip","generation":"1772522904107137"}},"environmentVariables":{"GOOGLE_NODE_RUN_SCRIPTS":""},"dockerRepository":"projects/storecheck-6fdc8/locations/us-central1/repositories/gcf-artifacts","sourceProvenance":{"resolvedStorageSource":{"bucket":"gcf-v2-sources-90689794332-us-central1","object":"removeEmployeeFromStore/function-source.zip","generation":"1772522904107137"}},"dockerRegistry":"ARTIFACT_REGISTRY","serviceAccount":"projects/storecheck-6fdc8/serviceAccounts/90689794332-compute@developer.gserviceaccount.com","automaticUpdatePolicy":{}},"serviceConfig":{"service":"projects/storecheck-6fdc8/locations/us-central1/services/removeemployeefromstore","timeoutSeconds":60,"environmentVariables":{"FIREBASE_CONFIG":"{\"projectId\":\"storecheck-6fdc8\",\"storageBucket\":\"storecheck-6fdc8.firebasestorage.app\"}","GCLOUD_PROJECT":"storecheck-6fdc8","EVENTARC_CLOUD_EVENT_SOURCE":"projects/storecheck-6fdc8/locations/us-central1/services/removeEmployeeFromStore","FUNCTION_TARGET":"removeEmployeeFromStore","LOG_EXECUTION_ID":"true","FUNCTION_SIGNATURE_TYPE":"http"},"maxInstanceCount":20,"ingressSettings":"ALLOW_ALL","uri":"https://removeemployeefromstore-j27oidbnmq-uc.a.run.app","serviceAccountEmail":"90689794332-compute@developer.gserviceaccount.com","availableMemory":"256Mi","allTrafficOnLatestRevision":true,"revision":"removeemployeefromstore-00016-zap","maxInstanceRequestConcurrency":80,"availableCpu":"1"},"state":"ACTIVE","updateTime":"2026-03-03T07:28:24.158172638Z","labels":{"deployment-tool":"cli-firebase","deployment-callable":"true","firebase-functions-hash":"332b57c40de031c24d04cf54ac79efd55db287b1"},"environment":"GEN_2","url":"https://us-central1-storecheck-6fdc8.cloudfunctions.net/removeEmployeeFromStore","createTime":"2026-02-23T05:41:47.060613891Z","satisfiesPzi":true}}
[debug] [2026-03-03T07:29:32.762Z] Got source token ClZwcm9qZWN0cy85MDY4OTc5NDMzMi9sb2NhdGlvbnMvdXMtY2VudHJhbDEvYnVpbGRzLzJjYzRkOTlkLTJjYzktNDYxNi1iOGMzLWQ0MDZjMjI3NDhlMxJ/dXMtY2VudHJhbDEtZG9ja2VyLnBrZy5kZXYvc3RvcmVjaGVjay02ZmRjOC9nY2YtYXJ0aWZhY3RzL3N0b3JlY2hlY2stLTZmZGM4X191cy0tY2VudHJhbDFfX3JlbW92ZV9lbXBsb3llZV9mcm9tX3N0b3JlOnZlcnNpb25fMRic4qHs0QIiUXByb2plY3RzL3N0b3JlY2hlY2stNmZkYzgvbG9jYXRpb25zL3VzLWNlbnRyYWwxL2Z1bmN0aW9ucy9yZW1vdmVFbXBsb3llZUZyb21TdG9yZSoMCM2bms0GEPDFzbwDMghub2RlanMyMDp2CiNnY3IuaW8vZ2FlLXJ1bnRpbWVzL25vZGVqczIwOnN0YWJsZRJPdXMtY2VudHJhbDEtZG9ja2VyLnBrZy5kZXYvc2VydmVybGVzcy1ydW50aW1lcy9nb29nbGUtMjItZnVsbC9ydW50aW1lcy9ub2RlanMyMEAB for region us-central1
[info] ✔  functions[removeEmployeeFromStore(us-central1)] Successful update operation. 
[debug] [2026-03-03T07:29:40.520Z] [update-default-us-central1-deleteMyAccount] Retrying task index 0
[debug] [2026-03-03T07:29:40.520Z] Checked if tokens are valid: true, expires at: 1772524590441
[debug] [2026-03-03T07:29:40.520Z] Checked if tokens are valid: true, expires at: 1772524590441
[debug] [2026-03-03T07:29:40.521Z] >>> [apiv2][query] GET https://cloudfunctions.googleapis.com/v2/projects/storecheck-6fdc8/locations/us-central1/operations/operation-1772522962546-64c19a989ef8f-5610d379-2557cc60 [none]
[debug] [2026-03-03T07:29:40.871Z] <<< [apiv2][status] GET https://cloudfunctions.googleapis.com/v2/projects/storecheck-6fdc8/locations/us-central1/operations/operation-1772522962546-64c19a989ef8f-5610d379-2557cc60 200
[debug] [2026-03-03T07:29:40.871Z] <<< [apiv2][body] GET https://cloudfunctions.googleapis.com/v2/projects/storecheck-6fdc8/locations/us-central1/operations/operation-1772522962546-64c19a989ef8f-5610d379-2557cc60 {"name":"projects/storecheck-6fdc8/locations/us-central1/operations/operation-1772522962546-64c19a989ef8f-5610d379-2557cc60","metadata":{"@type":"type.googleapis.com/google.cloud.functions.v2.OperationMetadata","createTime":"2026-03-03T07:29:23.604336699Z","endTime":"2026-03-03T07:29:38.940718692Z","target":"projects/storecheck-6fdc8/locations/us-central1/functions/deleteMyAccount","verb":"update","cancelRequested":false,"apiVersion":"v2","requestResource":{"@type":"type.googleapis.com/google.cloud.functions.v2.Function","name":"projects/storecheck-6fdc8/locations/us-central1/functions/deleteMyAccount","buildConfig":{"runtime":"nodejs20","entryPoint":"deleteMyAccount","source":{"storageSource":{"bucket":"gcf-v2-sources-90689794332-us-central1","object":"deleteMyAccount/function-source.zip","generation":"1772522963547430"}},"environmentVariables":{"GOOGLE_NODE_RUN_SCRIPTS":""},"dockerRepository":"projects/storecheck-6fdc8/locations/us-central1/repositories/gcf-artifacts","sourceProvenance":{"resolvedStorageSource":{"bucket":"gcf-v2-sources-90689794332-us-central1","object":"deleteMyAccount/function-source.zip","generation":"1772263417720484"}},"dockerRegistry":"ARTIFACT_REGISTRY","sourceToken":"ClZwcm9qZWN0cy85MDY4OTc5NDMzMi9sb2NhdGlvbnMvdXMtY2VudHJhbDEvYnVpbGRzLzJjYzRkOTlkLTJjYzktNDYxNi1iOGMzLWQ0MDZjMjI3NDhlMxJ/dXMtY2VudHJhbDEtZG9ja2VyLnBrZy5kZXYvc3RvcmVjaGVjay02ZmRjOC9nY2YtYXJ0aWZhY3RzL3N0b3JlY2hlY2stLTZmZGM4X191cy0tY2VudHJhbDFfX3JlbW92ZV9lbXBsb3llZV9mcm9tX3N0b3JlOnZlcnNpb25fMRic4qHs0QIiUXByb2plY3RzL3N0b3JlY2hlY2stNmZkYzgvbG9jYXRpb25zL3VzLWNlbnRyYWwxL2Z1bmN0aW9ucy9yZW1vdmVFbXBsb3llZUZyb21TdG9yZSoMCM2bms0GEPDFzbwDMghub2RlanMyMDp2CiNnY3IuaW8vZ2FlLXJ1bnRpbWVzL25vZGVqczIwOnN0YWJsZRJPdXMtY2VudHJhbDEtZG9ja2VyLnBrZy5kZXYvc2VydmVybGVzcy1ydW50aW1lcy9nb29nbGUtMjItZnVsbC9ydW50aW1lcy9ub2RlanMyMEAB","serviceAccount":"projects/storecheck-6fdc8/serviceAccounts/90689794332-compute@developer.gserviceaccount.com","automaticUpdatePolicy":{}},"serviceConfig":{"service":"projects/storecheck-6fdc8/locations/us-central1/services/deletemyaccount","timeoutSeconds":60,"environmentVariables":{"FIREBASE_CONFIG":"{\"projectId\":\"storecheck-6fdc8\",\"storageBucket\":\"storecheck-6fdc8.firebasestorage.app\"}","GCLOUD_PROJECT":"storecheck-6fdc8","EVENTARC_CLOUD_EVENT_SOURCE":"projects/storecheck-6fdc8/locations/us-central1/services/deleteMyAccount","FUNCTION_TARGET":"deleteMyAccount","LOG_EXECUTION_ID":"true","FUNCTION_SIGNATURE_TYPE":"http"},"ingressSettings":"ALLOW_ALL","uri":"https://deletemyaccount-j27oidbnmq-uc.a.run.app","serviceAccountEmail":"90689794332-compute@developer.gserviceaccount.com","availableMemory":"256Mi","allTrafficOnLatestRevision":true,"revision":"deletemyaccount-00013-zem","maxInstanceRequestConcurrency":80,"availableCpu":"1"},"state":"ACTIVE","labels":{"deployment-tool":"cli-firebase","deployment-callable":"true","firebase-functions-hash":"332b57c40de031c24d04cf54ac79efd55db287b1"},"environment":"GEN_2","url":"https://us-central1-storecheck-6fdc8.cloudfunctions.net/deleteMyAccount","satisfiesPzi":true},"stages":[{"name":"BUILD","message":"Reusing build","state":"COMPLETE","resource":"projects/90689794332/locations/us-central1/builds/2cc4d99d-2cc9-4616-b8c3-d406c22748e3","stateMessages":[{"severity":"WARNING","type":"BuildAnalysisWarning","message":"Node.js 20 is no longer supported by the Node.js community as of 30 April, 2026. Node.js 20 will be deprecated on 2026-04-30. We recommend you to upgrade to the latest version of Node.js as soon as possible."}]},{"name":"SERVICE","message":"Updating Cloud Run service","state":"COMPLETE","resource":"projects/storecheck-6fdc8/locations/us-central1/services/deletemyaccount","resourceUri":"https://console.cloud.google.com/run/detail/us-central1/deletemyaccount?project=storecheck-6fdc8","stateMessages":[{"severity":"INFO","type":"CloudRunServiceNewRevisionTrafficInfo","message":"A new revision will be deployed serving with 100% traffic."}]}],"sourceToken":"ClZwcm9qZWN0cy85MDY4OTc5NDMzMi9sb2NhdGlvbnMvdXMtY2VudHJhbDEvYnVpbGRzLzJjYzRkOTlkLTJjYzktNDYxNi1iOGMzLWQ0MDZjMjI3NDhlMxJ/dXMtY2VudHJhbDEtZG9ja2VyLnBrZy5kZXYvc3RvcmVjaGVjay02ZmRjOC9nY2YtYXJ0aWZhY3RzL3N0b3JlY2hlY2stLTZmZGM4X191cy0tY2VudHJhbDFfX3JlbW92ZV9lbXBsb3llZV9mcm9tX3N0b3JlOnZlcnNpb25fMRic4qHs0QIiUXByb2plY3RzL3N0b3JlY2hlY2stNmZkYzgvbG9jYXRpb25zL3VzLWNlbnRyYWwxL2Z1bmN0aW9ucy9yZW1vdmVFbXBsb3llZUZyb21TdG9yZSoMCM2bms0GEPDFzbwDMghub2RlanMyMDp2CiNnY3IuaW8vZ2FlLXJ1bnRpbWVzL25vZGVqczIwOnN0YWJsZRJPdXMtY2VudHJhbDEtZG9ja2VyLnBrZy5kZXYvc2VydmVybGVzcy1ydW50aW1lcy9nb29nbGUtMjItZnVsbC9ydW50aW1lcy9ub2RlanMyMEAB","operationType":"UPDATE_FUNCTION","buildName":"projects/90689794332/locations/us-central1/builds/2cc4d99d-2cc9-4616-b8c3-d406c22748e3"},"done":true,"response":{"@type":"type.googleapis.com/google.cloud.functions.v2.Function","name":"projects/storecheck-6fdc8/locations/us-central1/functions/deleteMyAccount","buildConfig":{"build":"projects/90689794332/locations/us-central1/builds/2cc4d99d-2cc9-4616-b8c3-d406c22748e3","runtime":"nodejs20","entryPoint":"deleteMyAccount","source":{"storageSource":{"bucket":"gcf-v2-sources-90689794332-us-central1","object":"deleteMyAccount/function-source.zip","generation":"1772522963547430"}},"environmentVariables":{"GOOGLE_NODE_RUN_SCRIPTS":""},"dockerRepository":"projects/storecheck-6fdc8/locations/us-central1/repositories/gcf-artifacts","sourceProvenance":{"resolvedStorageSource":{"bucket":"gcf-v2-sources-90689794332-us-central1","object":"deleteMyAccount/function-source.zip","generation":"1772522963547430"}},"dockerRegistry":"ARTIFACT_REGISTRY","serviceAccount":"projects/storecheck-6fdc8/serviceAccounts/90689794332-compute@developer.gserviceaccount.com","automaticUpdatePolicy":{}},"serviceConfig":{"service":"projects/storecheck-6fdc8/locations/us-central1/services/deletemyaccount","timeoutSeconds":60,"environmentVariables":{"FIREBASE_CONFIG":"{\"projectId\":\"storecheck-6fdc8\",\"storageBucket\":\"storecheck-6fdc8.firebasestorage.app\"}","GCLOUD_PROJECT":"storecheck-6fdc8","EVENTARC_CLOUD_EVENT_SOURCE":"projects/storecheck-6fdc8/locations/us-central1/services/deleteMyAccount","FUNCTION_TARGET":"deleteMyAccount","LOG_EXECUTION_ID":"true","FUNCTION_SIGNATURE_TYPE":"http"},"maxInstanceCount":20,"ingressSettings":"ALLOW_ALL","uri":"https://deletemyaccount-j27oidbnmq-uc.a.run.app","serviceAccountEmail":"90689794332-compute@developer.gserviceaccount.com","availableMemory":"256Mi","allTrafficOnLatestRevision":true,"revision":"deletemyaccount-00014-qup","maxInstanceRequestConcurrency":80,"availableCpu":"1"},"state":"ACTIVE","updateTime":"2026-03-03T07:29:23.606909814Z","labels":{"deployment-tool":"cli-firebase","deployment-callable":"true","firebase-functions-hash":"332b57c40de031c24d04cf54ac79efd55db287b1"},"environment":"GEN_2","url":"https://us-central1-storecheck-6fdc8.cloudfunctions.net/deleteMyAccount","createTime":"2026-02-23T08:59:00.455214369Z","satisfiesPzi":true}}
[debug] [2026-03-03T07:29:40.872Z] Got source token ClZwcm9qZWN0cy85MDY4OTc5NDMzMi9sb2NhdGlvbnMvdXMtY2VudHJhbDEvYnVpbGRzLzJjYzRkOTlkLTJjYzktNDYxNi1iOGMzLWQ0MDZjMjI3NDhlMxJ/dXMtY2VudHJhbDEtZG9ja2VyLnBrZy5kZXYvc3RvcmVjaGVjay02ZmRjOC9nY2YtYXJ0aWZhY3RzL3N0b3JlY2hlY2stLTZmZGM4X191cy0tY2VudHJhbDFfX3JlbW92ZV9lbXBsb3llZV9mcm9tX3N0b3JlOnZlcnNpb25fMRic4qHs0QIiUXByb2plY3RzL3N0b3JlY2hlY2stNmZkYzgvbG9jYXRpb25zL3VzLWNlbnRyYWwxL2Z1bmN0aW9ucy9yZW1vdmVFbXBsb3llZUZyb21TdG9yZSoMCM2bms0GEPDFzbwDMghub2RlanMyMDp2CiNnY3IuaW8vZ2FlLXJ1bnRpbWVzL25vZGVqczIwOnN0YWJsZRJPdXMtY2VudHJhbDEtZG9ja2VyLnBrZy5kZXYvc2VydmVybGVzcy1ydW50aW1lcy9nb29nbGUtMjItZnVsbC9ydW50aW1lcy9ub2RlanMyMEAB for region us-central1
[info] ✔  functions[deleteMyAccount(us-central1)] Successful update operation. 
[debug] [2026-03-03T07:29:40.874Z] Total Function Deployment time: 77829
[debug] [2026-03-03T07:29:40.874Z] 2 Functions Deployed
[debug] [2026-03-03T07:29:40.874Z] 0 Functions Errored
[debug] [2026-03-03T07:29:40.874Z] 0 Function Deployments Aborted
[debug] [2026-03-03T07:29:40.874Z] Average Function Deployment time: 73773
[debug] [2026-03-03T07:29:40.875Z] Not printing URL for HTTPS function. Typically this means it didn't match a filter or we failed deployment
[debug] [2026-03-03T07:29:40.875Z] Not printing URL for HTTPS function. Typically this means it didn't match a filter or we failed deployment
[debug] [2026-03-03T07:29:40.875Z] Not printing URL for HTTPS function. Typically this means it didn't match a filter or we failed deployment
[debug] [2026-03-03T07:29:40.875Z] Not printing URL for HTTPS function. Typically this means it didn't match a filter or we failed deployment
[debug] [2026-03-03T07:29:40.876Z] Checked if tokens are valid: true, expires at: 1772524590441
[debug] [2026-03-03T07:29:40.877Z] Checked if tokens are valid: true, expires at: 1772524590441
[debug] [2026-03-03T07:29:40.877Z] >>> [apiv2][query] GET https://artifactregistry.googleapis.com/v1/projects/storecheck-6fdc8/locations/us-central1/repositories/gcf-artifacts [none]
[debug] [2026-03-03T07:29:41.183Z] <<< [apiv2][status] GET https://artifactregistry.googleapis.com/v1/projects/storecheck-6fdc8/locations/us-central1/repositories/gcf-artifacts 200
[debug] [2026-03-03T08:08:35.133Z] ----------------------------------------------------------------------
[debug] [2026-03-03T08:08:35.145Z] Command:       /usr/local/bin/node /Users/majdinagi/.npm-global/bin/firebase deploy --only storage --project storecheck-6fdc8
[debug] [2026-03-03T08:08:35.145Z] CLI Version:   15.8.0
[debug] [2026-03-03T08:08:35.146Z] Platform:      darwin
[debug] [2026-03-03T08:08:35.146Z] Node Version:  v22.12.0
[debug] [2026-03-03T08:08:35.146Z] Time:          Tue Mar 03 2026 03:08:35 GMT-0500 (Eastern Standard Time)
[debug] [2026-03-03T08:08:35.147Z] ----------------------------------------------------------------------
[debug] 
[debug] [2026-03-03T08:08:37.545Z] > command requires scopes: ["email","openid","https://www.googleapis.com/auth/cloudplatformprojects.readonly","https://www.googleapis.com/auth/firebase","https://www.googleapis.com/auth/cloud-platform"]
[debug] [2026-03-03T08:08:37.545Z] > authorizing via signed-in user (majdinagi@gmail.com)
[debug] [2026-03-03T08:08:37.546Z] [iam] checking project storecheck-6fdc8 for permissions ["firebase.projects.get","firebaserules.releases.create","firebaserules.releases.update","firebaserules.rulesets.create"]
[debug] [2026-03-03T08:08:37.548Z] Checked if tokens are valid: false, expires at: 1772524590441
[debug] [2026-03-03T08:08:37.549Z] Checked if tokens are valid: false, expires at: 1772524590441
[debug] [2026-03-03T08:08:37.549Z] > refreshing access token with scopes: []
[debug] [2026-03-03T08:08:37.553Z] >>> [apiv2][query] POST https://www.googleapis.com/oauth2/v3/token [none]
[debug] [2026-03-03T08:08:37.553Z] >>> [apiv2][body] POST https://www.googleapis.com/oauth2/v3/token [omitted]
[debug] [2026-03-03T08:08:37.943Z] <<< [apiv2][status] POST https://www.googleapis.com/oauth2/v3/token 200
[debug] [2026-03-03T08:08:37.944Z] <<< [apiv2][body] POST https://www.googleapis.com/oauth2/v3/token [omitted]
[debug] [2026-03-03T08:08:37.987Z] >>> [apiv2][query] POST https://cloudresourcemanager.googleapis.com/v1/projects/storecheck-6fdc8:testIamPermissions [none]
[debug] [2026-03-03T08:08:37.987Z] >>> [apiv2][(partial)header] POST https://cloudresourcemanager.googleapis.com/v1/projects/storecheck-6fdc8:testIamPermissions  x-goog-user-project=storecheck-6fdc8
[debug] [2026-03-03T08:08:37.987Z] >>> [apiv2][body] POST https://cloudresourcemanager.googleapis.com/v1/projects/storecheck-6fdc8:testIamPermissions {"permissions":["firebase.projects.get","firebaserules.releases.create","firebaserules.releases.update","firebaserules.rulesets.create"]}
[debug] [2026-03-03T08:08:38.246Z] <<< [apiv2][status] POST https://cloudresourcemanager.googleapis.com/v1/projects/storecheck-6fdc8:testIamPermissions 200
[debug] [2026-03-03T08:08:38.246Z] <<< [apiv2][body] POST https://cloudresourcemanager.googleapis.com/v1/projects/storecheck-6fdc8:testIamPermissions {"permissions":["firebase.projects.get","firebaserules.releases.create","firebaserules.releases.update","firebaserules.rulesets.create"]}
[info] 
[info] === Deploying to 'storecheck-6fdc8'...
[info] 
[info] i  deploying storage 
[info] i  storage: ensuring required API firebasestorage.googleapis.com is enabled... 
[debug] [2026-03-03T08:08:38.251Z] Checked if tokens are valid: true, expires at: 1772528916944
[debug] [2026-03-03T08:08:38.251Z] Checked if tokens are valid: true, expires at: 1772528916944
[debug] [2026-03-03T08:08:38.251Z] >>> [apiv2][query] GET https://serviceusage.googleapis.com/v1/projects/storecheck-6fdc8/services/firebasestorage.googleapis.com [none]
[debug] [2026-03-03T08:08:38.251Z] >>> [apiv2][(partial)header] GET https://serviceusage.googleapis.com/v1/projects/storecheck-6fdc8/services/firebasestorage.googleapis.com  x-goog-user-project=storecheck-6fdc8
[debug] [2026-03-03T08:08:38.886Z] <<< [apiv2][status] GET https://serviceusage.googleapis.com/v1/projects/storecheck-6fdc8/services/firebasestorage.googleapis.com 200
[debug] [2026-03-03T08:08:38.886Z] <<< [apiv2][body] GET https://serviceusage.googleapis.com/v1/projects/storecheck-6fdc8/services/firebasestorage.googleapis.com [omitted]
[warn] ⚠  storage: missing required API firebasestorage.googleapis.com. Enabling now... 
[debug] [2026-03-03T08:08:38.887Z] Checked if tokens are valid: true, expires at: 1772528916944
[debug] [2026-03-03T08:08:38.887Z] Checked if tokens are valid: true, expires at: 1772528916944
[debug] [2026-03-03T08:08:38.887Z] >>> [apiv2][query] POST https://serviceusage.googleapis.com/v1/projects/storecheck-6fdc8/services/firebasestorage.googleapis.com:enable [none]
[debug] [2026-03-03T08:08:38.888Z] >>> [apiv2][(partial)header] POST https://serviceusage.googleapis.com/v1/projects/storecheck-6fdc8/services/firebasestorage.googleapis.com:enable  x-goog-user-project=storecheck-6fdc8
[debug] [2026-03-03T08:08:39.546Z] <<< [apiv2][status] POST https://serviceusage.googleapis.com/v1/projects/storecheck-6fdc8/services/firebasestorage.googleapis.com:enable 200
[debug] [2026-03-03T08:08:39.547Z] <<< [apiv2][body] POST https://serviceusage.googleapis.com/v1/projects/storecheck-6fdc8/services/firebasestorage.googleapis.com:enable [omitted]
[debug] [2026-03-03T08:08:49.571Z] Checked if tokens are valid: true, expires at: 1772528916944
[debug] [2026-03-03T08:08:49.571Z] Checked if tokens are valid: true, expires at: 1772528916944
[debug] [2026-03-03T08:08:49.571Z] >>> [apiv2][query] GET https://firebasestorage.googleapis.com/v1alpha/projects/storecheck-6fdc8/defaultBucket [none]
[debug] [2026-03-03T08:08:50.070Z] <<< [apiv2][status] GET https://firebasestorage.googleapis.com/v1alpha/projects/storecheck-6fdc8/defaultBucket 404
[debug] [2026-03-03T08:08:50.070Z] <<< [apiv2][body] GET https://firebasestorage.googleapis.com/v1alpha/projects/storecheck-6fdc8/defaultBucket {"error":{"code":404,"message":"Requested entity was not found.","status":"NOT_FOUND"}}
[error] 
[error] Error: Firebase Storage has not been set up on project 'storecheck-6fdc8'. Go to https://console.firebase.google.com/project/storecheck-6fdc8/storage and click 'Get Started' to set up Firebase Storage.
[debug] [2026-03-03T08:35:22.048Z] ----------------------------------------------------------------------
[debug] [2026-03-03T08:35:22.058Z] Command:       /usr/local/bin/node /Users/majdinagi/.npm-global/bin/firebase deploy --only firestore:rules --project storecheck-6fdc8
[debug] [2026-03-03T08:35:22.058Z] CLI Version:   15.8.0
[debug] [2026-03-03T08:35:22.058Z] Platform:      darwin
[debug] [2026-03-03T08:35:22.058Z] Node Version:  v22.12.0
[debug] [2026-03-03T08:35:22.059Z] Time:          Tue Mar 03 2026 03:35:22 GMT-0500 (Eastern Standard Time)
[debug] [2026-03-03T08:35:22.059Z] ----------------------------------------------------------------------
[debug] 
[debug] [2026-03-03T08:35:24.002Z] > command requires scopes: ["email","openid","https://www.googleapis.com/auth/cloudplatformprojects.readonly","https://www.googleapis.com/auth/firebase","https://www.googleapis.com/auth/cloud-platform"]
[debug] [2026-03-03T08:35:24.003Z] > authorizing via signed-in user (majdinagi@gmail.com)
[debug] [2026-03-03T08:35:24.003Z] [iam] checking project storecheck-6fdc8 for permissions ["datastore.indexes.create","datastore.indexes.delete","datastore.indexes.list","datastore.indexes.update","firebase.projects.get"]
[debug] [2026-03-03T08:35:24.006Z] Checked if tokens are valid: true, expires at: 1772528916944
[debug] [2026-03-03T08:35:24.006Z] Checked if tokens are valid: true, expires at: 1772528916944
[debug] [2026-03-03T08:35:24.008Z] >>> [apiv2][query] POST https://cloudresourcemanager.googleapis.com/v1/projects/storecheck-6fdc8:testIamPermissions [none]
[debug] [2026-03-03T08:35:24.008Z] >>> [apiv2][(partial)header] POST https://cloudresourcemanager.googleapis.com/v1/projects/storecheck-6fdc8:testIamPermissions  x-goog-user-project=storecheck-6fdc8
[debug] [2026-03-03T08:35:24.008Z] >>> [apiv2][body] POST https://cloudresourcemanager.googleapis.com/v1/projects/storecheck-6fdc8:testIamPermissions {"permissions":["datastore.indexes.create","datastore.indexes.delete","datastore.indexes.list","datastore.indexes.update","firebase.projects.get"]}
[debug] [2026-03-03T08:35:24.298Z] <<< [apiv2][status] POST https://cloudresourcemanager.googleapis.com/v1/projects/storecheck-6fdc8:testIamPermissions 200
[debug] [2026-03-03T08:35:24.299Z] <<< [apiv2][body] POST https://cloudresourcemanager.googleapis.com/v1/projects/storecheck-6fdc8:testIamPermissions {"permissions":["datastore.indexes.create","datastore.indexes.delete","datastore.indexes.list","datastore.indexes.update","firebase.projects.get"]}
[info] 
[info] === Deploying to 'storecheck-6fdc8'...
[info] 
[info] i  deploying firestore 
[info] i  firestore: ensuring required API firestore.googleapis.com is enabled... 
[info] i  firestore: ensuring required API firestore.googleapis.com is enabled... 
[debug] [2026-03-03T08:35:24.304Z] Checked if tokens are valid: true, expires at: 1772528916944
[debug] [2026-03-03T08:35:24.304Z] Checked if tokens are valid: true, expires at: 1772528916944
[debug] [2026-03-03T08:35:24.304Z] >>> [apiv2][query] GET https://firestore.googleapis.com/v1/projects/storecheck-6fdc8/databases/(default) [none]
[debug] [2026-03-03T08:35:24.682Z] <<< [apiv2][status] GET https://firestore.googleapis.com/v1/projects/storecheck-6fdc8/databases/(default) 200
[debug] [2026-03-03T08:35:24.682Z] <<< [apiv2][body] GET https://firestore.googleapis.com/v1/projects/storecheck-6fdc8/databases/(default) {"name":"projects/storecheck-6fdc8/databases/(default)","uid":"69de200d-6f0f-4ce8-b2e0-ea4c449e0d76","createTime":"2026-02-15T05:51:48.383561Z","updateTime":"2026-02-15T05:51:48.383561Z","locationId":"us-east1","type":"FIRESTORE_NATIVE","concurrencyMode":"PESSIMISTIC","versionRetentionPeriod":"3600s","earliestVersionTime":"2026-03-03T07:35:24.609948Z","appEngineIntegrationMode":"DISABLED","keyPrefix":"p","pointInTimeRecoveryEnablement":"POINT_IN_TIME_RECOVERY_DISABLED","deleteProtectionState":"DELETE_PROTECTION_DISABLED","databaseEdition":"STANDARD","freeTier":true,"realtimeUpdatesMode":"REALTIME_UPDATES_MODE_ENABLED","etag":"IJ3tyK2pg5MDMNHcrr/p2pID"}
[info] i  firestore: reading indexes from firebase/firestore.indexes.json... 
[info] i  cloud.firestore: checking firebase/firestore.rules for compilation errors... 
[debug] [2026-03-03T08:35:24.685Z] Checked if tokens are valid: true, expires at: 1772528916944
[debug] [2026-03-03T08:35:24.686Z] Checked if tokens are valid: true, expires at: 1772528916944
[debug] [2026-03-03T08:35:24.686Z] >>> [apiv2][query] POST https://firebaserules.googleapis.com/v1/projects/storecheck-6fdc8:test [none]
[debug] [2026-03-03T08:35:24.686Z] >>> [apiv2][body] POST https://firebaserules.googleapis.com/v1/projects/storecheck-6fdc8:test [omitted]
[debug] [2026-03-03T08:35:25.340Z] <<< [apiv2][status] POST https://firebaserules.googleapis.com/v1/projects/storecheck-6fdc8:test 200
[debug] [2026-03-03T08:35:25.340Z] <<< [apiv2][body] POST https://firebaserules.googleapis.com/v1/projects/storecheck-6fdc8:test {}
[info] ✔  cloud.firestore: rules file firebase/firestore.rules compiled successfully 
[debug] [2026-03-03T08:35:25.343Z] Checked if tokens are valid: true, expires at: 1772528916944
[debug] [2026-03-03T08:35:25.343Z] Checked if tokens are valid: true, expires at: 1772528916944
[debug] [2026-03-03T08:35:25.343Z] >>> [apiv2][query] GET https://firebaserules.googleapis.com/v1/projects/storecheck-6fdc8/releases pageSize=10&pageToken=
[debug] [2026-03-03T08:35:25.537Z] <<< [apiv2][status] GET https://firebaserules.googleapis.com/v1/projects/storecheck-6fdc8/releases 200
[debug] [2026-03-03T08:35:25.537Z] <<< [apiv2][body] GET https://firebaserules.googleapis.com/v1/projects/storecheck-6fdc8/releases {"releases":[{"name":"projects/storecheck-6fdc8/releases/cloud.firestore","rulesetName":"projects/storecheck-6fdc8/rulesets/6e1f8a70-ef49-4693-8e6b-baa9d14ad8a5","createTime":"2026-02-15T05:51:50.411153Z","updateTime":"2026-03-03T06:59:13.726173Z"}]}
[debug] [2026-03-03T08:35:25.538Z] Checked if tokens are valid: true, expires at: 1772528916944
[debug] [2026-03-03T08:35:25.539Z] Checked if tokens are valid: true, expires at: 1772528916944
[debug] [2026-03-03T08:35:25.540Z] >>> [apiv2][query] GET https://firebaserules.googleapis.com/v1/projects/storecheck-6fdc8/rulesets/6e1f8a70-ef49-4693-8e6b-baa9d14ad8a5 [none]
[debug] [2026-03-03T08:35:25.732Z] <<< [apiv2][status] GET https://firebaserules.googleapis.com/v1/projects/storecheck-6fdc8/rulesets/6e1f8a70-ef49-4693-8e6b-baa9d14ad8a5 200
[debug] [2026-03-03T08:35:25.733Z] <<< [apiv2][body] GET https://firebaserules.googleapis.com/v1/projects/storecheck-6fdc8/rulesets/6e1f8a70-ef49-4693-8e6b-baa9d14ad8a5 [omitted]
[info] i  firestore: uploading rules firebase/firestore.rules... 
[debug] [2026-03-03T08:35:25.734Z] Checked if tokens are valid: true, expires at: 1772528916944
[debug] [2026-03-03T08:35:25.734Z] Checked if tokens are valid: true, expires at: 1772528916944
[debug] [2026-03-03T08:35:25.735Z] >>> [apiv2][query] POST https://firebaserules.googleapis.com/v1/projects/storecheck-6fdc8/rulesets [none]
[debug] [2026-03-03T08:35:25.735Z] >>> [apiv2][body] POST https://firebaserules.googleapis.com/v1/projects/storecheck-6fdc8/rulesets [omitted]
[debug] [2026-03-03T08:35:26.207Z] <<< [apiv2][status] POST https://firebaserules.googleapis.com/v1/projects/storecheck-6fdc8/rulesets 200
[debug] [2026-03-03T08:35:26.207Z] <<< [apiv2][body] POST https://firebaserules.googleapis.com/v1/projects/storecheck-6fdc8/rulesets {"name":"projects/storecheck-6fdc8/rulesets/4f1f018a-87a1-4eb6-a029-20775ba08a32","source":{"files":[{"content":"rules_version = '2';\nservice cloud.firestore {\n  match /databases/{database}/documents {\n\n    // =========================\n    // Helpers\n    // =========================\n    function signedIn() {\n      return request.auth != null;\n    }\n\n    function myUid() {\n      return request.auth.uid;\n    }\n\n    function isSelf(uid) {\n      return signedIn() && uid == myUid();\n    }\n\n    function myUserPath() {\n      return /databases/$(database)/documents/users/$(myUid());\n    }\n\n    function myUserExists() {\n      return signedIn() && exists(myUserPath());\n    }\n\n    function myUserData() {\n      return get(myUserPath()).data;\n    }\n\n    function myUserIsActive() {\n      return myUserExists() && myUserData().isActive == true;\n    }\n\n    function myRole() {\n      return myUserExists() ? myUserData().role : null;\n    }\n\n    function activeManager() {\n      return myUserIsActive() && myRole() == \"manager\";\n    }\n\n    function isManagerStoreDoc(data) {\n      return (data.managerId is string) && (data.managerId == myUid());\n    }\n\n    function isStoreMember(storeId) {\n      return signedIn()\n        && (storeId is string)\n        && exists(/databases/$(database)/documents/stores/$(storeId)/members/$(myUid()));\n    }\n\n    function employeeAssignedToStore(storeId) {\n      return signedIn()\n        && (storeId is string)\n        && exists(/databases/$(database)/documents/employeeStores/$(myUid())/stores/$(storeId));\n    }\n\n    function canReadStore(storeId, data) {\n      return signedIn()\n        && (\n          isManagerStoreDoc(data)\n          || isStoreMember(storeId)\n          || employeeAssignedToStore(storeId)\n        );\n    }\n\n    // ✅ NEW (minimal): manager owns this storeId\n    function isStoreManager(storeId) {\n      return activeManager()\n        && (storeId is string)\n        && exists(/databases/$(database)/documents/stores/$(storeId))\n        && get(/databases/$(database)/documents/stores/$(storeId)).data.managerId == myUid();\n    }\n\n    function managerCanUpdateMemberProfile(storeId) {\n      return activeManager()\n        && isStoreManager(storeId)\n        && request.resource.data.userId == resource.data.userId\n        && request.resource.data.storeId == resource.data.storeId\n        && request.resource.data.joinedAt == resource.data.joinedAt\n        && request.resource.data.diff(resource.data).affectedKeys()\n          .hasOnly([\n            \"employeeName\",\n            \"employeeEmail\",\n            \"displayName\",\n            \"name\",\n            \"isActive\",\n            \"hourlyRate\",\n            \"updatedAt\"\n          ]);\n    }\n\n    // ✅ NEW (minimal, required): manager can ONLY edit time fields on a checkin\n    function managerEditsTimesOnly() {\n      return activeManager()\n        && (resource.data.storeId is string)\n        && isStoreManager(resource.data.storeId)\n        // lock identity fields\n        && request.resource.data.employeeId == resource.data.employeeId\n        && request.resource.data.storeId == resource.data.storeId\n        && request.resource.data.createdAt == resource.data.createdAt\n        // only allow these fields to change\n        && request.resource.data.diff(resource.data).affectedKeys()\n          .hasOnly([\"checkInTime\", \"checkOutTime\", \"updatedAt\"]);\n    }\n\n    // ==================================\n    // ✅ NEW (required): Deletion Requests\n    // deletionRequests/{uid}\n    // ==================================\n    match /deletionRequests/{uid} {\n      // user can create/update ONLY their own request\n      allow create: if isSelf(uid);\n      allow update: if isSelf(uid);\n\n      // optional but safe for debugging\n      allow get: if isSelf(uid);\n      allow list: if false;\n\n      // keep deletions backend-only\n      allow delete: if false;\n    }\n\n    // ==================================\n    // USERS\n    // ==================================\n    match /users/{uid} {\n      allow get: if isSelf(uid);\n      allow list: if false;\n\n      allow create: if isSelf(uid) && request.resource.data.role == \"employee\";\n\n      allow update: if isSelf(uid)\n        && request.resource.data.role == resource.data.role\n        && request.resource.data.createdAt == resource.data.createdAt\n        && request.resource.data.assignedStoreIds == resource.data.assignedStoreIds;\n\n      allow delete: if isSelf(uid);\n    }\n\n    // ==================================\n    // QUERY-SAFE MIRRORS (stores)\n    // ==================================\n    match /managerStores/{managerUid}/stores/{storeId} {\n      allow get, list: if request.auth != null\n        && request.auth.uid == managerUid\n        && exists(/databases/$(database)/documents/users/$(request.auth.uid))\n        && get(/databases/$(database)/documents/users/$(request.auth.uid)).data.role == \"manager\"\n        && get(/databases/$(database)/documents/users/$(request.auth.uid)).data.isActive == true;\n\n      allow create, update: if request.auth != null\n        && request.auth.uid == managerUid\n        && exists(/databases/$(database)/documents/users/$(request.auth.uid))\n        && get(/databases/$(database)/documents/users/$(request.auth.uid)).data.role == \"manager\"\n        && get(/databases/$(database)/documents/users/$(request.auth.uid)).data.isActive == true\n        && request.resource.data.managerId == request.auth.uid\n        && request.resource.data.storeId == storeId;\n\n      allow delete: if request.auth != null\n        && request.auth.uid == managerUid\n        && exists(/databases/$(database)/documents/users/$(request.auth.uid))\n        && get(/databases/$(database)/documents/users/$(request.auth.uid)).data.role == \"manager\"\n        && get(/databases/$(database)/documents/users/$(request.auth.uid)).data.isActive == true;\n    }\n\n    match /employeeStores/{employeeUid}/stores/{storeId} {\n      allow get, list: if isSelf(employeeUid) && myUserIsActive();\n\n      allow create, update: if isSelf(employeeUid)\n        && myUserIsActive()\n        && request.resource.data.employeeId == myUid()\n        && request.resource.data.storeId == storeId;\n\n      allow delete: if false;\n    }\n\n    // ==================================\n    // STORES ROOT\n    // ==================================\n    match /stores/{storeId} {\n      allow get: if canReadStore(storeId, resource.data);\n      allow list: if false;\n\n      allow create: if activeManager()\n        && request.resource.data.managerId == myUid()\n        && request.resource.data.isActive == true;\n\n      allow update: if activeManager()\n        && resource.data.managerId == myUid()\n        && request.resource.data.managerId == resource.data.managerId;\n\n      allow delete: if activeManager()\n        && resource.data.managerId == myUid();\n\n      match /members/{uid} {\n        allow get: if isSelf(uid)\n          || (activeManager()\n              && get(/databases/$(database)/documents/stores/$(storeId)).data.managerId == myUid());\n\n        allow list: if activeManager()\n          && get(/databases/$(database)/documents/stores/$(storeId)).data.managerId == myUid();\n\n        allow create: if isSelf(uid)\n          && request.resource.id == myUid()\n          && request.resource.data.userId == myUid()\n          && request.resource.data.storeId == storeId;\n\n        allow update: if isSelf(uid)\n          && request.resource.data.userId == resource.data.userId\n          && request.resource.data.storeId == resource.data.storeId\n          && request.resource.data.joinedAt == resource.data.joinedAt;\n        allow update: if managerCanUpdateMemberProfile(storeId);\n\n        allow delete: if false;\n      }\n    }\n\n    // ==================================\n    // CHECKINS ROOT\n    // ==================================\n    match /checkins/{checkinId} {\n\n      function storeDocSafe(storeId) {\n        return (storeId is string)\n          && exists(/databases/$(database)/documents/stores/$(storeId));\n      }\n\n      allow get: if signedIn() && (\n        resource.data.employeeId == myUid()\n        || (\n          activeManager()\n          && (resource.data.storeId is string)\n          && storeDocSafe(resource.data.storeId)\n          && canReadStore(\n            resource.data.storeId,\n            get(/databases/$(database)/documents/stores/$(resource.data.storeId)).data\n          )\n        )\n      );\n\n      allow list: if false;\n\n      allow create: if signedIn()\n        && request.resource.data.employeeId == myUid()\n        && (request.resource.data.storeId is string)\n        && (\n          employeeAssignedToStore(request.resource.data.storeId)\n          || isStoreMember(request.resource.data.storeId)\n        );\n\n      // ✅ CHANGE (minimal): employee can update their own (existing rules)\n      // ✅ ADD (minimal): manager can update ONLY time fields (for stores they own)\n      allow update: if (\n          signedIn()\n          && resource.data.employeeId == myUid()\n          && request.resource.data.employeeId == resource.data.employeeId\n          && request.resource.data.storeId == resource.data.storeId\n          && request.resource.data.checkInTime == resource.data.checkInTime\n          && request.resource.data.createdAt == resource.data.createdAt\n        )\n        || managerEditsTimesOnly();\n\n      // ✅ FIX (minimal): manager can delete ONLY if they own the store for this checkin\n      // (keeps employee delete working)\n      allow delete: if (signedIn() && resource.data.employeeId == myUid())\n        || (isStoreManager(resource.data.storeId));\n    }\n\n    // ==================================\n    // EMPLOYEE CHECKIN MIRROR\n    // employeeCheckins/{employeeUid}/checkins/{checkinId}\n    // ==================================\n    match /employeeCheckins/{employeeUid}/checkins/{checkinId} {\n      allow get, list: if isSelf(employeeUid) && myUserIsActive();\n\n      allow create: if isSelf(employeeUid)\n        && request.resource.data.employeeId == myUid()\n        && (request.resource.data.storeId is string)\n        && (isStoreMember(request.resource.data.storeId) || employeeAssignedToStore(request.resource.data.storeId));\n\n      // ✅ CHANGE (minimal): allow manager time edits on employee mirror too\n      allow update: if (\n          isSelf(employeeUid)\n          && resource.data.employeeId == myUid()\n          && request.resource.data.employeeId == resource.data.employeeId\n          && request.resource.data.storeId == resource.data.storeId\n          && request.resource.data.checkInTime == resource.data.checkInTime\n          && request.resource.data.createdAt == resource.data.createdAt\n        )\n        || (\n          // manager edits times only, for stores they own\n          activeManager()\n          && (resource.data.storeId is string)\n          && isStoreManager(resource.data.storeId)\n          && request.resource.data.employeeId == resource.data.employeeId\n          && request.resource.data.storeId == resource.data.storeId\n          && request.resource.data.createdAt == resource.data.createdAt\n          && request.resource.data.diff(resource.data).affectedKeys()\n            .hasOnly([\"checkInTime\", \"checkOutTime\", \"updatedAt\"])\n        );\n\n      // ✅ FIX (minimal): allow manager to delete employee mirror ONLY for their store\n      allow delete: if (isSelf(employeeUid) && myUserIsActive())\n        || (activeManager()\n            && (resource.data.storeId is string)\n            && isStoreManager(resource.data.storeId));\n    }\n\n    // ==================================\n    // MANAGER CHECKIN MIRROR\n    // managerCheckins/{managerUid}/stores/{storeId}/checkins/{checkinId}\n    // ==================================\n    match /managerCheckins/{managerUid}/stores/{storeId}/checkins/{checkinId} {\n\n      function storeExists(storeId) {\n        return (storeId is string) && exists(/databases/$(database)/documents/stores/$(storeId));\n      }\n\n      function storeManagerMatches(managerUid, storeId) {\n        return storeExists(storeId)\n          && get(/databases/$(database)/documents/stores/$(storeId)).data.managerId == managerUid;\n      }\n\n      allow get, list: if activeManager()\n        && myUid() == managerUid\n        && storeManagerMatches(managerUid, storeId);\n\n      // (keeping your existing create/update rule as-is)\n      allow create, update: if signedIn()\n        && request.resource.data.employeeId == myUid()\n        && (request.resource.data.storeId is string)\n        && request.resource.data.storeId == storeId\n        && storeManagerMatches(managerUid, storeId)\n        && (isStoreMember(storeId) || employeeAssignedToStore(storeId));\n\n      // ✅ ADD (minimal): manager can update ONLY time fields in their mirror docs\n      allow update: if (\n          activeManager()\n          && myUid() == managerUid\n          && storeManagerMatches(managerUid, storeId)\n          && request.resource.data.employeeId == resource.data.employeeId\n          && request.resource.data.storeId == resource.data.storeId\n          && request.resource.data.createdAt == resource.data.createdAt\n          && request.resource.data.diff(resource.data).affectedKeys()\n            .hasOnly([\"checkInTime\", \"checkOutTime\", \"updatedAt\"])\n        )\n        || (\n          signedIn()\n          && request.resource.data.employeeId == myUid()\n          && (request.resource.data.storeId is string)\n          && request.resource.data.storeId == storeId\n          && storeManagerMatches(managerUid, storeId)\n          && (isStoreMember(storeId) || employeeAssignedToStore(storeId))\n        );\n\n      // ✅ FIX (minimal): manager can delete their mirror docs (and employee can delete their own)\n      allow delete: if (activeManager() && myUid() == managerUid)\n        || (signedIn() && resource.data.employeeId == myUid());\n\n      match /privateAssets/{assetId} {\n        allow get: if activeManager()\n          && myUid() == managerUid\n          && storeManagerMatches(managerUid, storeId);\n\n        allow list: if false;\n\n        allow create: if signedIn()\n          && assetId == \"verificationPhoto\"\n          && request.resource.data.employeeId == myUid()\n          && request.resource.data.storeId == storeId\n          && request.resource.data.checkinId == checkinId\n          && storeManagerMatches(managerUid, storeId)\n          && (isStoreMember(storeId) || employeeAssignedToStore(storeId));\n\n        allow update: if false;\n\n        allow delete: if (activeManager()\n            && myUid() == managerUid\n            && storeManagerMatches(managerUid, storeId))\n          || (signedIn()\n              && exists(/databases/$(database)/documents/managerCheckins/$(managerUid)/stores/$(storeId)/checkins/$(checkinId))\n              && get(/databases/$(database)/documents/managerCheckins/$(managerUid)/stores/$(storeId)/checkins/$(checkinId)).data.employeeId == myUid());\n      }\n    }\n  }\n}\n","name":"firebase/firestore.rules"}]},"createTime":"2026-03-03T08:35:26.138207Z","metadata":{"services":["cloud.firestore"]}}
[debug] [2026-03-03T08:35:26.208Z] [rules] created ruleset projects/storecheck-6fdc8/rulesets/4f1f018a-87a1-4eb6-a029-20775ba08a32
[debug] [2026-03-03T08:35:26.208Z] [rules] releasing cloud.firestore/(default) with ruleset projects/storecheck-6fdc8/rulesets/4f1f018a-87a1-4eb6-a029-20775ba08a32
[debug] [2026-03-03T08:35:26.210Z] Checked if tokens are valid: true, expires at: 1772528916944
[debug] [2026-03-03T08:35:26.210Z] Checked if tokens are valid: true, expires at: 1772528916944
[debug] [2026-03-03T08:35:26.210Z] >>> [apiv2][query] PATCH https://firebaserules.googleapis.com/v1/projects/storecheck-6fdc8/releases/cloud.firestore/(default) [none]
[debug] [2026-03-03T08:35:26.211Z] >>> [apiv2][body] PATCH https://firebaserules.googleapis.com/v1/projects/storecheck-6fdc8/releases/cloud.firestore/(default) {"release":{"name":"projects/storecheck-6fdc8/releases/cloud.firestore/(default)","rulesetName":"projects/storecheck-6fdc8/rulesets/4f1f018a-87a1-4eb6-a029-20775ba08a32"}}
[debug] [2026-03-03T08:35:26.670Z] <<< [apiv2][status] PATCH https://firebaserules.googleapis.com/v1/projects/storecheck-6fdc8/releases/cloud.firestore/(default) 200
[debug] [2026-03-03T09:18:15.002Z] ----------------------------------------------------------------------
[debug] [2026-03-03T09:18:15.012Z] Command:       /usr/local/bin/node /Users/majdinagi/.npm-global/bin/firebase deploy --only functions:deleteMyAccount --project storecheck-6fdc8
[debug] [2026-03-03T09:18:15.013Z] CLI Version:   15.8.0
[debug] [2026-03-03T09:18:15.013Z] Platform:      darwin
[debug] [2026-03-03T09:18:15.013Z] Node Version:  v22.12.0
[debug] [2026-03-03T09:18:15.014Z] Time:          Tue Mar 03 2026 04:18:15 GMT-0500 (Eastern Standard Time)
[debug] [2026-03-03T09:18:15.014Z] ----------------------------------------------------------------------
[debug] 
[debug] [2026-03-03T09:18:17.634Z] > command requires scopes: ["email","openid","https://www.googleapis.com/auth/cloudplatformprojects.readonly","https://www.googleapis.com/auth/firebase","https://www.googleapis.com/auth/cloud-platform"]
[debug] [2026-03-03T09:18:17.634Z] > authorizing via signed-in user (majdinagi@gmail.com)
[debug] [2026-03-03T09:18:17.635Z] [iam] checking project storecheck-6fdc8 for permissions ["cloudfunctions.functions.create","cloudfunctions.functions.delete","cloudfunctions.functions.get","cloudfunctions.functions.list","cloudfunctions.functions.update","cloudfunctions.operations.get","firebase.projects.get"]
[debug] [2026-03-03T09:18:17.638Z] Checked if tokens are valid: false, expires at: 1772528916944
[debug] [2026-03-03T09:18:17.638Z] Checked if tokens are valid: false, expires at: 1772528916944
[debug] [2026-03-03T09:18:17.639Z] > refreshing access token with scopes: []
[debug] [2026-03-03T09:18:17.643Z] >>> [apiv2][query] POST https://www.googleapis.com/oauth2/v3/token [none]
[debug] [2026-03-03T09:18:17.643Z] >>> [apiv2][body] POST https://www.googleapis.com/oauth2/v3/token [omitted]
[debug] [2026-03-03T09:18:18.040Z] <<< [apiv2][status] POST https://www.googleapis.com/oauth2/v3/token 200
[debug] [2026-03-03T09:18:18.040Z] <<< [apiv2][body] POST https://www.googleapis.com/oauth2/v3/token [omitted]
[debug] [2026-03-03T09:18:18.085Z] >>> [apiv2][query] POST https://cloudresourcemanager.googleapis.com/v1/projects/storecheck-6fdc8:testIamPermissions [none]
[debug] [2026-03-03T09:18:18.085Z] >>> [apiv2][(partial)header] POST https://cloudresourcemanager.googleapis.com/v1/projects/storecheck-6fdc8:testIamPermissions  x-goog-user-project=storecheck-6fdc8
[debug] [2026-03-03T09:18:18.085Z] >>> [apiv2][body] POST https://cloudresourcemanager.googleapis.com/v1/projects/storecheck-6fdc8:testIamPermissions {"permissions":["cloudfunctions.functions.create","cloudfunctions.functions.delete","cloudfunctions.functions.get","cloudfunctions.functions.list","cloudfunctions.functions.update","cloudfunctions.operations.get","firebase.projects.get"]}
[debug] [2026-03-03T09:18:18.350Z] <<< [apiv2][status] POST https://cloudresourcemanager.googleapis.com/v1/projects/storecheck-6fdc8:testIamPermissions 200
[debug] [2026-03-03T09:18:18.350Z] <<< [apiv2][body] POST https://cloudresourcemanager.googleapis.com/v1/projects/storecheck-6fdc8:testIamPermissions {"permissions":["cloudfunctions.functions.create","cloudfunctions.functions.delete","cloudfunctions.functions.get","cloudfunctions.functions.list","cloudfunctions.functions.update","cloudfunctions.operations.get","firebase.projects.get"]}
[debug] [2026-03-03T09:18:18.350Z] Checked if tokens are valid: true, expires at: 1772533097040
[debug] [2026-03-03T09:18:18.350Z] Checked if tokens are valid: true, expires at: 1772533097040
[debug] [2026-03-03T09:18:18.351Z] >>> [apiv2][query] POST https://iam.googleapis.com/v1/projects/storecheck-6fdc8/serviceAccounts/storecheck-6fdc8@appspot.gserviceaccount.com:testIamPermissions [none]
[debug] [2026-03-03T09:18:18.351Z] >>> [apiv2][body] POST https://iam.googleapis.com/v1/projects/storecheck-6fdc8/serviceAccounts/storecheck-6fdc8@appspot.gserviceaccount.com:testIamPermissions {"permissions":["iam.serviceAccounts.actAs"]}
[debug] [2026-03-03T09:18:18.625Z] <<< [apiv2][status] POST https://iam.googleapis.com/v1/projects/storecheck-6fdc8/serviceAccounts/storecheck-6fdc8@appspot.gserviceaccount.com:testIamPermissions 200
[debug] [2026-03-03T09:18:18.625Z] <<< [apiv2][body] POST https://iam.googleapis.com/v1/projects/storecheck-6fdc8/serviceAccounts/storecheck-6fdc8@appspot.gserviceaccount.com:testIamPermissions {"permissions":["iam.serviceAccounts.actAs"]}
[info] 
[info] === Deploying to 'storecheck-6fdc8'...
[info] 
[info] i  deploying functions 
[debug] [2026-03-03T09:18:18.629Z] Checked if tokens are valid: true, expires at: 1772533097040
[debug] [2026-03-03T09:18:18.629Z] Checked if tokens are valid: true, expires at: 1772533097040
[debug] [2026-03-03T09:18:18.629Z] >>> [apiv2][query] GET https://cloudresourcemanager.googleapis.com/v1/projects/storecheck-6fdc8 [none]
[debug] [2026-03-03T09:18:18.755Z] <<< [apiv2][status] GET https://cloudresourcemanager.googleapis.com/v1/projects/storecheck-6fdc8 200
[debug] [2026-03-03T09:18:18.755Z] <<< [apiv2][body] GET https://cloudresourcemanager.googleapis.com/v1/projects/storecheck-6fdc8 {"projectNumber":"90689794332","projectId":"storecheck-6fdc8","lifecycleState":"ACTIVE","name":"storeCheck","labels":{"firebase":"enabled","firebase-core":"disabled"},"createTime":"2026-02-15T05:45:59.234728Z"}
[info] i  functions: preparing codebase default for deployment 
[info] i  functions: ensuring required API cloudfunctions.googleapis.com is enabled... 
[info] i  functions: ensuring required API cloudbuild.googleapis.com is enabled... 
[info] i  artifactregistry: ensuring required API artifactregistry.googleapis.com is enabled... 
[debug] [2026-03-03T09:18:18.759Z] Checked if tokens are valid: true, expires at: 1772533097040
[debug] [2026-03-03T09:18:18.759Z] Checked if tokens are valid: true, expires at: 1772533097040
[debug] [2026-03-03T09:18:18.759Z] >>> [apiv2][query] GET https://firebase.googleapis.com/v1beta1/projects/storecheck-6fdc8/adminSdkConfig [none]
[debug] [2026-03-03T09:18:19.330Z] <<< [apiv2][status] GET https://firebase.googleapis.com/v1beta1/projects/storecheck-6fdc8/adminSdkConfig 200
[debug] [2026-03-03T09:18:19.331Z] <<< [apiv2][body] GET https://firebase.googleapis.com/v1beta1/projects/storecheck-6fdc8/adminSdkConfig {"projectId":"storecheck-6fdc8","storageBucket":"storecheck-6fdc8.firebasestorage.app"}
[debug] [2026-03-03T09:18:19.331Z] Checked if tokens are valid: true, expires at: 1772533097040
[debug] [2026-03-03T09:18:19.331Z] Checked if tokens are valid: true, expires at: 1772533097040
[debug] [2026-03-03T09:18:19.331Z] >>> [apiv2][query] GET https://runtimeconfig.googleapis.com/v1beta1/projects/storecheck-6fdc8/configs [none]
[debug] [2026-03-03T09:18:19.691Z] <<< [apiv2][status] GET https://runtimeconfig.googleapis.com/v1beta1/projects/storecheck-6fdc8/configs 200
[debug] [2026-03-03T09:18:19.692Z] <<< [apiv2][body] GET https://runtimeconfig.googleapis.com/v1beta1/projects/storecheck-6fdc8/configs {}
[debug] [2026-03-03T09:18:19.695Z] Validating nodejs source
[warn] ⚠  functions: Runtime Node.js 20 will be deprecated on 2026-04-30 and will be decommissioned on 2026-10-30, after which you will not be able to deploy without upgrading. Consider upgrading now to avoid disruption. See https://cloud.google.com/functions/docs/runtime-support for full details on the lifecycle policy 
[warn] ⚠  functions: package.json indicates an outdated version of firebase-functions. Please upgrade using npm install --save firebase-functions@latest in your functions directory. 
[warn] ⚠  functions: Please note that there will be breaking changes when you upgrade. 
[debug] [2026-03-03T09:18:21.224Z] > [functions] package.json contents: {
  "name": "storecheck-functions",
  "private": true,
  "engines": {
    "node": "20"
  },
  "main": "lib/index.js",
  "scripts": {
    "build": "tsc",
    "clean": "rm -rf lib"
  },
  "dependencies": {
    "firebase-admin": "^12.0.0",
    "firebase-functions": "^5.0.0"
  },
  "devDependencies": {
    "typescript": "^5.6.3"
  }
}
[debug] [2026-03-03T09:18:21.224Z] Building nodejs source
[info] i  functions: Loading and analyzing source code for codebase default to determine what to deploy 
[debug] [2026-03-03T09:18:21.227Z] Could not find functions.yaml. Must use http discovery
[debug] [2026-03-03T09:18:21.246Z] Found firebase-functions binary at '/Users/majdinagi/Documents/StorePass/functions/node_modules/.bin/firebase-functions'
[info] Serving at port 8066

[debug] [2026-03-03T09:18:21.890Z] Got response from /__/functions.yaml {"endpoints":{"joinStoreByCode":{"availableMemoryMb":null,"timeoutSeconds":null,"minInstances":null,"maxInstances":null,"ingressSettings":null,"concurrency":null,"serviceAccountEmail":null,"vpc":null,"platform":"gcfv2","region":["us-central1"],"labels":{},"httpsTrigger":{},"entryPoint":"joinStoreByCode"},"rotateStoreCode":{"availableMemoryMb":null,"timeoutSeconds":null,"minInstances":null,"maxInstances":null,"ingressSettings":null,"concurrency":null,"serviceAccountEmail":null,"vpc":null,"platform":"gcfv2","region":["us-central1"],"labels":{},"httpsTrigger":{},"entryPoint":"rotateStoreCode"},"getStoreJoinCode":{"availableMemoryMb":null,"timeoutSeconds":null,"minInstances":null,"maxInstances":null,"ingressSettings":null,"concurrency":null,"serviceAccountEmail":null,"vpc":null,"platform":"gcfv2","region":["us-central1"],"labels":{},"httpsTrigger":{},"entryPoint":"getStoreJoinCode"},"setUserRole":{"availableMemoryMb":null,"timeoutSeconds":null,"minInstances":null,"maxInstances":null,"ingressSettings":null,"concurrency":null,"serviceAccountEmail":null,"vpc":null,"platform":"gcfv2","region":["us-central1"],"labels":{},"httpsTrigger":{},"entryPoint":"setUserRole"},"leaveStore":{"availableMemoryMb":null,"timeoutSeconds":null,"minInstances":null,"maxInstances":null,"ingressSettings":null,"concurrency":null,"serviceAccountEmail":null,"vpc":null,"platform":"gcfv2","region":["us-central1"],"labels":{},"callableTrigger":{},"entryPoint":"leaveStore"},"removeEmployeeFromStore":{"availableMemoryMb":null,"timeoutSeconds":null,"minInstances":null,"maxInstances":null,"ingressSettings":null,"concurrency":null,"serviceAccountEmail":null,"vpc":null,"platform":"gcfv2","region":["us-central1"],"labels":{},"callableTrigger":{},"entryPoint":"removeEmployeeFromStore"},"deleteMyAccount":{"availableMemoryMb":null,"timeoutSeconds":null,"minInstances":null,"maxInstances":null,"ingressSettings":null,"concurrency":null,"serviceAccountEmail":null,"vpc":null,"platform":"gcfv2","region":["us-central1"],"labels":{},"callableTrigger":{},"entryPoint":"deleteMyAccount"},"deleteManagerAccount":{"availableMemoryMb":null,"timeoutSeconds":null,"minInstances":null,"maxInstances":null,"ingressSettings":null,"concurrency":null,"serviceAccountEmail":null,"vpc":null,"platform":"gcfv2","region":["us-central1"],"labels":{},"callableTrigger":{},"entryPoint":"deleteManagerAccount"}},"specVersion":"v1alpha1","requiredAPIs":[],"extensions":{}}
[info] i  extensions: ensuring required API firebaseextensions.googleapis.com is enabled... 
[debug] [2026-03-03T09:18:25.928Z] > command requires scopes: ["email","openid","https://www.googleapis.com/auth/cloudplatformprojects.readonly","https://www.googleapis.com/auth/firebase","https://www.googleapis.com/auth/cloud-platform"]
[debug] [2026-03-03T09:18:25.928Z] > authorizing via signed-in user (majdinagi@gmail.com)
[debug] [2026-03-03T09:18:25.928Z] [iam] checking project storecheck-6fdc8 for permissions ["firebase.projects.get","firebaseextensions.instances.list"]
[debug] [2026-03-03T09:18:25.929Z] Checked if tokens are valid: true, expires at: 1772533097040
[debug] [2026-03-03T09:18:25.931Z] Checked if tokens are valid: true, expires at: 1772533097040
[debug] [2026-03-03T09:18:25.931Z] >>> [apiv2][query] POST https://cloudresourcemanager.googleapis.com/v1/projects/storecheck-6fdc8:testIamPermissions [none]
[debug] [2026-03-03T09:18:25.932Z] >>> [apiv2][(partial)header] POST https://cloudresourcemanager.googleapis.com/v1/projects/storecheck-6fdc8:testIamPermissions  x-goog-user-project=storecheck-6fdc8
[debug] [2026-03-03T09:18:25.932Z] >>> [apiv2][body] POST https://cloudresourcemanager.googleapis.com/v1/projects/storecheck-6fdc8:testIamPermissions {"permissions":["firebase.projects.get","firebaseextensions.instances.list"]}
[debug] [2026-03-03T09:18:26.153Z] <<< [apiv2][status] POST https://cloudresourcemanager.googleapis.com/v1/projects/storecheck-6fdc8:testIamPermissions 200
[debug] [2026-03-03T09:18:26.153Z] <<< [apiv2][body] POST https://cloudresourcemanager.googleapis.com/v1/projects/storecheck-6fdc8:testIamPermissions {"permissions":["firebase.projects.get","firebaseextensions.instances.list"]}
[debug] [2026-03-03T09:18:26.153Z] Checked if tokens are valid: true, expires at: 1772533097040
[debug] [2026-03-03T09:18:26.153Z] Checked if tokens are valid: true, expires at: 1772533097040
[debug] [2026-03-03T09:18:26.155Z] >>> [apiv2][query] GET https://firebaseextensions.googleapis.com/v1beta/projects/storecheck-6fdc8/instances pageSize=100&pageToken=
[debug] [2026-03-03T09:18:26.731Z] <<< [apiv2][status] GET https://firebaseextensions.googleapis.com/v1beta/projects/storecheck-6fdc8/instances 200
[debug] [2026-03-03T09:18:26.731Z] <<< [apiv2][body] GET https://firebaseextensions.googleapis.com/v1beta/projects/storecheck-6fdc8/instances {}
[info] i  functions: preparing functions directory for uploading... 
[info] i  functions: packaged /Users/majdinagi/Documents/StorePass/functions (52.84 KB) for uploading 
[debug] [2026-03-03T09:18:26.784Z] Checked if tokens are valid: true, expires at: 1772533097040
[debug] [2026-03-03T09:18:26.784Z] Checked if tokens are valid: true, expires at: 1772533097040
[debug] [2026-03-03T09:18:26.784Z] >>> [apiv2][query] GET https://cloudfunctions.googleapis.com/v1/projects/storecheck-6fdc8/locations/-/functions [none]
[debug] [2026-03-03T09:18:27.562Z] <<< [apiv2][status] GET https://cloudfunctions.googleapis.com/v1/projects/storecheck-6fdc8/locations/-/functions 200
[debug] [2026-03-03T09:18:27.562Z] <<< [apiv2][body] GET https://cloudfunctions.googleapis.com/v1/projects/storecheck-6fdc8/locations/-/functions {}
[debug] [2026-03-03T09:18:27.563Z] Checked if tokens are valid: true, expires at: 1772533097040
[debug] [2026-03-03T09:18:27.563Z] Checked if tokens are valid: true, expires at: 1772533097040
[debug] [2026-03-03T09:18:27.564Z] >>> [apiv2][query] GET https://cloudfunctions.googleapis.com/v2/projects/storecheck-6fdc8/locations/-/functions filter=environment%3D%22GEN_2%22
[debug] [2026-03-03T09:18:28.075Z] <<< [apiv2][status] GET https://cloudfunctions.googleapis.com/v2/projects/storecheck-6fdc8/locations/-/functions 200
[debug] [2026-03-03T09:18:28.075Z] <<< [apiv2][body] GET https://cloudfunctions.googleapis.com/v2/projects/storecheck-6fdc8/locations/-/functions {"functions":[{"name":"projects/storecheck-6fdc8/locations/us-central1/functions/removeEmployeeFromStore","buildConfig":{"build":"projects/90689794332/locations/us-central1/builds/2cc4d99d-2cc9-4616-b8c3-d406c22748e3","runtime":"nodejs20","entryPoint":"removeEmployeeFromStore","source":{"storageSource":{"bucket":"gcf-v2-sources-90689794332-us-central1","object":"removeEmployeeFromStore/function-source.zip","generation":"1772522904107137"}},"environmentVariables":{"GOOGLE_NODE_RUN_SCRIPTS":""},"dockerRepository":"projects/storecheck-6fdc8/locations/us-central1/repositories/gcf-artifacts","sourceProvenance":{"resolvedStorageSource":{"bucket":"gcf-v2-sources-90689794332-us-central1","object":"removeEmployeeFromStore/function-source.zip","generation":"1772522904107137"}},"dockerRegistry":"ARTIFACT_REGISTRY","serviceAccount":"projects/storecheck-6fdc8/serviceAccounts/90689794332-compute@developer.gserviceaccount.com","automaticUpdatePolicy":{}},"serviceConfig":{"service":"projects/storecheck-6fdc8/locations/us-central1/services/removeemployeefromstore","timeoutSeconds":60,"environmentVariables":{"FIREBASE_CONFIG":"{\"projectId\":\"storecheck-6fdc8\",\"storageBucket\":\"storecheck-6fdc8.firebasestorage.app\"}","GCLOUD_PROJECT":"storecheck-6fdc8","EVENTARC_CLOUD_EVENT_SOURCE":"projects/storecheck-6fdc8/locations/us-central1/services/removeEmployeeFromStore","FUNCTION_TARGET":"removeEmployeeFromStore","LOG_EXECUTION_ID":"true","FUNCTION_SIGNATURE_TYPE":"http"},"maxInstanceCount":20,"ingressSettings":"ALLOW_ALL","uri":"https://removeemployeefromstore-j27oidbnmq-uc.a.run.app","serviceAccountEmail":"90689794332-compute@developer.gserviceaccount.com","availableMemory":"256Mi","allTrafficOnLatestRevision":true,"revision":"removeemployeefromstore-00016-zap","maxInstanceRequestConcurrency":80,"availableCpu":"1"},"state":"ACTIVE","updateTime":"2026-03-03T07:29:29.821952069Z","labels":{"deployment-tool":"cli-firebase","deployment-callable":"true","firebase-functions-hash":"332b57c40de031c24d04cf54ac79efd55db287b1"},"environment":"GEN_2","url":"https://us-central1-storecheck-6fdc8.cloudfunctions.net/removeEmployeeFromStore","createTime":"2026-02-23T05:41:47.060613891Z","satisfiesPzi":true},{"name":"projects/storecheck-6fdc8/locations/us-central1/functions/setUserRole","buildConfig":{"build":"projects/90689794332/locations/us-central1/builds/ab940dbd-52ad-4b1a-aaa3-15170df50412","runtime":"nodejs20","entryPoint":"setUserRole","source":{"storageSource":{"bucket":"gcf-v2-sources-90689794332-us-central1","object":"setUserRole/function-source.zip","generation":"1772263417816013"}},"environmentVariables":{"GOOGLE_NODE_RUN_SCRIPTS":""},"dockerRepository":"projects/storecheck-6fdc8/locations/us-central1/repositories/gcf-artifacts","sourceProvenance":{"resolvedStorageSource":{"bucket":"gcf-v2-sources-90689794332-us-central1","object":"setUserRole/function-source.zip","generation":"1772263417816013"}},"dockerRegistry":"ARTIFACT_REGISTRY","serviceAccount":"projects/storecheck-6fdc8/serviceAccounts/90689794332-compute@developer.gserviceaccount.com","automaticUpdatePolicy":{}},"serviceConfig":{"service":"projects/storecheck-6fdc8/locations/us-central1/services/setuserrole","timeoutSeconds":60,"environmentVariables":{"FIREBASE_CONFIG":"{\"projectId\":\"storecheck-6fdc8\",\"storageBucket\":\"storecheck-6fdc8.firebasestorage.app\"}","GCLOUD_PROJECT":"storecheck-6fdc8","EVENTARC_CLOUD_EVENT_SOURCE":"projects/storecheck-6fdc8/locations/us-central1/services/setUserRole","FUNCTION_TARGET":"setUserRole","LOG_EXECUTION_ID":"true","FUNCTION_SIGNATURE_TYPE":"http"},"maxInstanceCount":20,"ingressSettings":"ALLOW_ALL","uri":"https://setuserrole-j27oidbnmq-uc.a.run.app","serviceAccountEmail":"90689794332-compute@developer.gserviceaccount.com","availableMemory":"256Mi","allTrafficOnLatestRevision":true,"revision":"setuserrole-00016-taf","maxInstanceRequestConcurrency":80,"availableCpu":"1"},"state":"ACTIVE","updateTime":"2026-02-28T07:23:44.599205315Z","labels":{"deployment-tool":"cli-firebase","firebase-functions-hash":"7f4e72ce02ba04833950df5461fc7f1975655136"},"environment":"GEN_2","url":"https://us-central1-storecheck-6fdc8.cloudfunctions.net/setUserRole","createTime":"2026-02-21T11:06:20.192140171Z","satisfiesPzi":true},{"name":"projects/storecheck-6fdc8/locations/us-central1/functions/leaveStore","buildConfig":{"build":"projects/90689794332/locations/us-central1/builds/ab940dbd-52ad-4b1a-aaa3-15170df50412","runtime":"nodejs20","entryPoint":"leaveStore","source":{"storageSource":{"bucket":"gcf-v2-sources-90689794332-us-central1","object":"leaveStore/function-source.zip","generation":"1772263417824500"}},"environmentVariables":{"GOOGLE_NODE_RUN_SCRIPTS":""},"dockerRepository":"projects/storecheck-6fdc8/locations/us-central1/repositories/gcf-artifacts","sourceProvenance":{"resolvedStorageSource":{"bucket":"gcf-v2-sources-90689794332-us-central1","object":"leaveStore/function-source.zip","generation":"1772263417824500"}},"dockerRegistry":"ARTIFACT_REGISTRY","serviceAccount":"projects/storecheck-6fdc8/serviceAccounts/90689794332-compute@developer.gserviceaccount.com","automaticUpdatePolicy":{}},"serviceConfig":{"service":"projects/storecheck-6fdc8/locations/us-central1/services/leavestore","timeoutSeconds":60,"environmentVariables":{"FIREBASE_CONFIG":"{\"projectId\":\"storecheck-6fdc8\",\"storageBucket\":\"storecheck-6fdc8.firebasestorage.app\"}","GCLOUD_PROJECT":"storecheck-6fdc8","EVENTARC_CLOUD_EVENT_SOURCE":"projects/storecheck-6fdc8/locations/us-central1/services/leaveStore","FUNCTION_TARGET":"leaveStore","LOG_EXECUTION_ID":"true","FUNCTION_SIGNATURE_TYPE":"http"},"maxInstanceCount":20,"ingressSettings":"ALLOW_ALL","uri":"https://leavestore-j27oidbnmq-uc.a.run.app","serviceAccountEmail":"90689794332-compute@developer.gserviceaccount.com","availableMemory":"256Mi","allTrafficOnLatestRevision":true,"revision":"leavestore-00015-zab","maxInstanceRequestConcurrency":80,"availableCpu":"1"},"state":"ACTIVE","updateTime":"2026-02-28T07:23:44.649181091Z","labels":{"deployment-tool":"cli-firebase","deployment-callable":"true","firebase-functions-hash":"7f4e72ce02ba04833950df5461fc7f1975655136"},"environment":"GEN_2","url":"https://us-central1-storecheck-6fdc8.cloudfunctions.net/leaveStore","createTime":"2026-02-23T05:40:48.214301519Z","satisfiesPzi":true},{"name":"projects/storecheck-6fdc8/locations/us-central1/functions/getStoreJoinCode","buildConfig":{"build":"projects/90689794332/locations/us-central1/builds/ab940dbd-52ad-4b1a-aaa3-15170df50412","runtime":"nodejs20","entryPoint":"getStoreJoinCode","source":{"storageSource":{"bucket":"gcf-v2-sources-90689794332-us-central1","object":"getStoreJoinCode/function-source.zip","generation":"1772263417763121"}},"environmentVariables":{"GOOGLE_NODE_RUN_SCRIPTS":""},"dockerRepository":"projects/storecheck-6fdc8/locations/us-central1/repositories/gcf-artifacts","sourceProvenance":{"resolvedStorageSource":{"bucket":"gcf-v2-sources-90689794332-us-central1","object":"getStoreJoinCode/function-source.zip","generation":"1772263417763121"}},"dockerRegistry":"ARTIFACT_REGISTRY","serviceAccount":"projects/storecheck-6fdc8/serviceAccounts/90689794332-compute@developer.gserviceaccount.com","automaticUpdatePolicy":{}},"serviceConfig":{"service":"projects/storecheck-6fdc8/locations/us-central1/services/getstorejoincode","timeoutSeconds":60,"environmentVariables":{"FIREBASE_CONFIG":"{\"projectId\":\"storecheck-6fdc8\",\"storageBucket\":\"storecheck-6fdc8.firebasestorage.app\"}","GCLOUD_PROJECT":"storecheck-6fdc8","EVENTARC_CLOUD_EVENT_SOURCE":"projects/storecheck-6fdc8/locations/us-central1/services/getStoreJoinCode","FUNCTION_TARGET":"getStoreJoinCode","LOG_EXECUTION_ID":"true","FUNCTION_SIGNATURE_TYPE":"http"},"maxInstanceCount":20,"ingressSettings":"ALLOW_ALL","uri":"https://getstorejoincode-j27oidbnmq-uc.a.run.app","serviceAccountEmail":"90689794332-compute@developer.gserviceaccount.com","availableMemory":"256Mi","allTrafficOnLatestRevision":true,"revision":"getstorejoincode-00017-dis","maxInstanceRequestConcurrency":80,"availableCpu":"1"},"state":"ACTIVE","updateTime":"2026-02-28T07:23:43.861439293Z","labels":{"deployment-tool":"cli-firebase","firebase-functions-hash":"7f4e72ce02ba04833950df5461fc7f1975655136"},"environment":"GEN_2","url":"https://us-central1-storecheck-6fdc8.cloudfunctions.net/getStoreJoinCode","createTime":"2026-02-21T08:13:03.293631242Z","satisfiesPzi":true},{"name":"projects/storecheck-6fdc8/locations/us-central1/functions/joinStoreByCode","buildConfig":{"build":"projects/90689794332/locations/us-central1/builds/ab940dbd-52ad-4b1a-aaa3-15170df50412","runtime":"nodejs20","entryPoint":"joinStoreByCode","source":{"storageSource":{"bucket":"gcf-v2-sources-90689794332-us-central1","object":"joinStoreByCode/function-source.zip","generation":"1772263368586471"}},"environmentVariables":{"GOOGLE_NODE_RUN_SCRIPTS":""},"dockerRepository":"projects/storecheck-6fdc8/locations/us-central1/repositories/gcf-artifacts","sourceProvenance":{"resolvedStorageSource":{"bucket":"gcf-v2-sources-90689794332-us-central1","object":"joinStoreByCode/function-source.zip","generation":"1772263368586471"}},"dockerRegistry":"ARTIFACT_REGISTRY","serviceAccount":"projects/storecheck-6fdc8/serviceAccounts/90689794332-compute@developer.gserviceaccount.com","automaticUpdatePolicy":{}},"serviceConfig":{"service":"projects/storecheck-6fdc8/locations/us-central1/services/joinstorebycode","timeoutSeconds":60,"environmentVariables":{"FIREBASE_CONFIG":"{\"projectId\":\"storecheck-6fdc8\",\"storageBucket\":\"storecheck-6fdc8.firebasestorage.app\"}","GCLOUD_PROJECT":"storecheck-6fdc8","EVENTARC_CLOUD_EVENT_SOURCE":"projects/storecheck-6fdc8/locations/us-central1/services/joinStoreByCode","FUNCTION_TARGET":"joinStoreByCode","LOG_EXECUTION_ID":"true","FUNCTION_SIGNATURE_TYPE":"http"},"maxInstanceCount":20,"ingressSettings":"ALLOW_ALL","uri":"https://joinstorebycode-j27oidbnmq-uc.a.run.app","serviceAccountEmail":"90689794332-compute@developer.gserviceaccount.com","availableMemory":"256Mi","allTrafficOnLatestRevision":true,"revision":"joinstorebycode-00017-ven","maxInstanceRequestConcurrency":80,"availableCpu":"1"},"state":"ACTIVE","updateTime":"2026-02-28T07:23:43.039840165Z","labels":{"deployment-tool":"cli-firebase","firebase-functions-hash":"7f4e72ce02ba04833950df5461fc7f1975655136"},"environment":"GEN_2","url":"https://us-central1-storecheck-6fdc8.cloudfunctions.net/joinStoreByCode","createTime":"2026-02-21T08:11:42.922325284Z","satisfiesPzi":true},{"name":"projects/storecheck-6fdc8/locations/us-central1/functions/rotateStoreCode","buildConfig":{"build":"projects/90689794332/locations/us-central1/builds/ab940dbd-52ad-4b1a-aaa3-15170df50412","runtime":"nodejs20","entryPoint":"rotateStoreCode","source":{"storageSource":{"bucket":"gcf-v2-sources-90689794332-us-central1","object":"rotateStoreCode/function-source.zip","generation":"1772263417811668"}},"environmentVariables":{"GOOGLE_NODE_RUN_SCRIPTS":""},"dockerRepository":"projects/storecheck-6fdc8/locations/us-central1/repositories/gcf-artifacts","sourceProvenance":{"resolvedStorageSource":{"bucket":"gcf-v2-sources-90689794332-us-central1","object":"rotateStoreCode/function-source.zip","generation":"1772263417811668"}},"dockerRegistry":"ARTIFACT_REGISTRY","serviceAccount":"projects/storecheck-6fdc8/serviceAccounts/90689794332-compute@developer.gserviceaccount.com","automaticUpdatePolicy":{}},"serviceConfig":{"service":"projects/storecheck-6fdc8/locations/us-central1/services/rotatestorecode","timeoutSeconds":60,"environmentVariables":{"FIREBASE_CONFIG":"{\"projectId\":\"storecheck-6fdc8\",\"storageBucket\":\"storecheck-6fdc8.firebasestorage.app\"}","GCLOUD_PROJECT":"storecheck-6fdc8","EVENTARC_CLOUD_EVENT_SOURCE":"projects/storecheck-6fdc8/locations/us-central1/services/rotateStoreCode","FUNCTION_TARGET":"rotateStoreCode","LOG_EXECUTION_ID":"true","FUNCTION_SIGNATURE_TYPE":"http"},"maxInstanceCount":20,"ingressSettings":"ALLOW_ALL","uri":"https://rotatestorecode-j27oidbnmq-uc.a.run.app","serviceAccountEmail":"90689794332-compute@developer.gserviceaccount.com","availableMemory":"256Mi","allTrafficOnLatestRevision":true,"revision":"rotatestorecode-00017-dar","maxInstanceRequestConcurrency":80,"availableCpu":"1"},"state":"ACTIVE","updateTime":"2026-02-28T07:23:44.207451773Z","labels":{"deployment-tool":"cli-firebase","firebase-functions-hash":"7f4e72ce02ba04833950df5461fc7f1975655136"},"environment":"GEN_2","url":"https://us-central1-storecheck-6fdc8.cloudfunctions.net/rotateStoreCode","createTime":"2026-02-21T08:13:03.268694037Z","satisfiesPzi":true},{"name":"projects/storecheck-6fdc8/locations/us-central1/functions/deleteManagerAccount","buildConfig":{"build":"projects/90689794332/locations/us-central1/builds/ab940dbd-52ad-4b1a-aaa3-15170df50412","runtime":"nodejs20","entryPoint":"deleteManagerAccount","source":{"storageSource":{"bucket":"gcf-v2-sources-90689794332-us-central1","object":"deleteManagerAccount/function-source.zip","generation":"1772263417823838"}},"environmentVariables":{"GOOGLE_NODE_RUN_SCRIPTS":""},"dockerRepository":"projects/storecheck-6fdc8/locations/us-central1/repositories/gcf-artifacts","sourceProvenance":{"resolvedStorageSource":{"bucket":"gcf-v2-sources-90689794332-us-central1","object":"deleteManagerAccount/function-source.zip","generation":"1772263417823838"}},"dockerRegistry":"ARTIFACT_REGISTRY","serviceAccount":"projects/storecheck-6fdc8/serviceAccounts/90689794332-compute@developer.gserviceaccount.com","automaticUpdatePolicy":{}},"serviceConfig":{"service":"projects/storecheck-6fdc8/locations/us-central1/services/deletemanageraccount","timeoutSeconds":60,"environmentVariables":{"FIREBASE_CONFIG":"{\"projectId\":\"storecheck-6fdc8\",\"storageBucket\":\"storecheck-6fdc8.firebasestorage.app\"}","GCLOUD_PROJECT":"storecheck-6fdc8","EVENTARC_CLOUD_EVENT_SOURCE":"projects/storecheck-6fdc8/locations/us-central1/services/deleteManagerAccount","FUNCTION_TARGET":"deleteManagerAccount","LOG_EXECUTION_ID":"true","FUNCTION_SIGNATURE_TYPE":"http"},"maxInstanceCount":20,"ingressSettings":"ALLOW_ALL","uri":"https://deletemanageraccount-j27oidbnmq-uc.a.run.app","serviceAccountEmail":"90689794332-compute@developer.gserviceaccount.com","availableMemory":"256Mi","allTrafficOnLatestRevision":true,"revision":"deletemanageraccount-00014-luw","maxInstanceRequestConcurrency":80,"availableCpu":"1"},"state":"ACTIVE","updateTime":"2026-02-28T07:23:44.356336178Z","labels":{"firebase-functions-hash":"7f4e72ce02ba04833950df5461fc7f1975655136","deployment-tool":"cli-firebase","deployment-callable":"true"},"environment":"GEN_2","url":"https://us-central1-storecheck-6fdc8.cloudfunctions.net/deleteManagerAccount","createTime":"2026-02-23T07:47:40.483842158Z","satisfiesPzi":true},{"name":"projects/storecheck-6fdc8/locations/us-central1/functions/deleteMyAccount","buildConfig":{"build":"projects/90689794332/locations/us-central1/builds/2cc4d99d-2cc9-4616-b8c3-d406c22748e3","runtime":"nodejs20","entryPoint":"deleteMyAccount","source":{"storageSource":{"bucket":"gcf-v2-sources-90689794332-us-central1","object":"deleteMyAccount/function-source.zip","generation":"1772522963547430"}},"environmentVariables":{"GOOGLE_NODE_RUN_SCRIPTS":""},"dockerRepository":"projects/storecheck-6fdc8/locations/us-central1/repositories/gcf-artifacts","sourceProvenance":{"resolvedStorageSource":{"bucket":"gcf-v2-sources-90689794332-us-central1","object":"deleteMyAccount/function-source.zip","generation":"1772522963547430"}},"dockerRegistry":"ARTIFACT_REGISTRY","serviceAccount":"projects/storecheck-6fdc8/serviceAccounts/90689794332-compute@developer.gserviceaccount.com","automaticUpdatePolicy":{}},"serviceConfig":{"service":"projects/storecheck-6fdc8/locations/us-central1/services/deletemyaccount","timeoutSeconds":60,"environmentVariables":{"FIREBASE_CONFIG":"{\"projectId\":\"storecheck-6fdc8\",\"storageBucket\":\"storecheck-6fdc8.firebasestorage.app\"}","GCLOUD_PROJECT":"storecheck-6fdc8","EVENTARC_CLOUD_EVENT_SOURCE":"projects/storecheck-6fdc8/locations/us-central1/services/deleteMyAccount","FUNCTION_TARGET":"deleteMyAccount","LOG_EXECUTION_ID":"true","FUNCTION_SIGNATURE_TYPE":"http"},"maxInstanceCount":20,"ingressSettings":"ALLOW_ALL","uri":"https://deletemyaccount-j27oidbnmq-uc.a.run.app","serviceAccountEmail":"90689794332-compute@developer.gserviceaccount.com","availableMemory":"256Mi","allTrafficOnLatestRevision":true,"revision":"deletemyaccount-00014-qup","maxInstanceRequestConcurrency":80,"availableCpu":"1"},"state":"ACTIVE","updateTime":"2026-03-03T07:29:39.056619494Z","labels":{"deployment-tool":"cli-firebase","deployment-callable":"true","firebase-functions-hash":"332b57c40de031c24d04cf54ac79efd55db287b1"},"environment":"GEN_2","url":"https://us-central1-storecheck-6fdc8.cloudfunctions.net/deleteMyAccount","createTime":"2026-02-23T08:59:00.455214369Z","satisfiesPzi":true}]}
[info] i  functions: ensuring required API run.googleapis.com is enabled... 
[info] i  functions: ensuring required API eventarc.googleapis.com is enabled... 
[info] i  functions: ensuring required API pubsub.googleapis.com is enabled... 
[info] i  functions: ensuring required API storage.googleapis.com is enabled... 
[info] i  functions: generating the service identity for pubsub.googleapis.com... 
[debug] [2026-03-03T09:18:28.082Z] Checked if tokens are valid: true, expires at: 1772533097040
[debug] [2026-03-03T09:18:28.082Z] Checked if tokens are valid: true, expires at: 1772533097040
[info] i  functions: generating the service identity for eventarc.googleapis.com... 
[debug] [2026-03-03T09:18:28.082Z] Checked if tokens are valid: true, expires at: 1772533097040
[debug] [2026-03-03T09:18:28.082Z] Checked if tokens are valid: true, expires at: 1772533097040
[debug] [2026-03-03T09:18:28.083Z] >>> [apiv2][query] POST https://serviceusage.googleapis.com/v1beta1/projects/90689794332/services/pubsub.googleapis.com:generateServiceIdentity [none]
[debug] [2026-03-03T09:18:28.083Z] >>> [apiv2][(partial)header] POST https://serviceusage.googleapis.com/v1beta1/projects/90689794332/services/pubsub.googleapis.com:generateServiceIdentity  x-goog-user-project=90689794332
[debug] [2026-03-03T09:18:28.083Z] >>> [apiv2][body] POST https://serviceusage.googleapis.com/v1beta1/projects/90689794332/services/pubsub.googleapis.com:generateServiceIdentity {}
[debug] [2026-03-03T09:18:28.085Z] >>> [apiv2][query] POST https://serviceusage.googleapis.com/v1beta1/projects/90689794332/services/eventarc.googleapis.com:generateServiceIdentity [none]
[debug] [2026-03-03T09:18:28.085Z] >>> [apiv2][(partial)header] POST https://serviceusage.googleapis.com/v1beta1/projects/90689794332/services/eventarc.googleapis.com:generateServiceIdentity  x-goog-user-project=90689794332
[debug] [2026-03-03T09:18:28.085Z] >>> [apiv2][body] POST https://serviceusage.googleapis.com/v1beta1/projects/90689794332/services/eventarc.googleapis.com:generateServiceIdentity {}
[debug] [2026-03-03T09:18:28.557Z] <<< [apiv2][status] POST https://serviceusage.googleapis.com/v1beta1/projects/90689794332/services/eventarc.googleapis.com:generateServiceIdentity 200
[debug] [2026-03-03T09:18:28.558Z] <<< [apiv2][body] POST https://serviceusage.googleapis.com/v1beta1/projects/90689794332/services/eventarc.googleapis.com:generateServiceIdentity {"name":"operations/finished.DONE_OPERATION","done":true,"response":{"@type":"type.googleapis.com/google.api.serviceusage.v1beta1.ServiceIdentity","email":"service-90689794332@gcp-sa-eventarc.iam.gserviceaccount.com","uniqueId":"108774278062214052811"}}
[debug] [2026-03-03T09:18:28.576Z] <<< [apiv2][status] POST https://serviceusage.googleapis.com/v1beta1/projects/90689794332/services/pubsub.googleapis.com:generateServiceIdentity 200
[debug] [2026-03-03T09:18:28.576Z] <<< [apiv2][body] POST https://serviceusage.googleapis.com/v1beta1/projects/90689794332/services/pubsub.googleapis.com:generateServiceIdentity {"name":"operations/finished.DONE_OPERATION","done":true,"response":{"@type":"type.googleapis.com/google.api.serviceusage.v1beta1.ServiceIdentity","email":"service-90689794332@gcp-sa-pubsub.iam.gserviceaccount.com","uniqueId":"103262922897180099960"}}
[debug] [2026-03-03T09:18:28.579Z] Checked if tokens are valid: true, expires at: 1772533097040
[debug] [2026-03-03T09:18:28.579Z] Checked if tokens are valid: true, expires at: 1772533097040
[debug] [2026-03-03T09:18:28.579Z] >>> [apiv2][query] GET https://cloudresourcemanager.googleapis.com/v1/projects/storecheck-6fdc8 [none]
[debug] [2026-03-03T09:18:28.688Z] <<< [apiv2][status] GET https://cloudresourcemanager.googleapis.com/v1/projects/storecheck-6fdc8 200
[debug] [2026-03-03T09:18:28.688Z] <<< [apiv2][body] GET https://cloudresourcemanager.googleapis.com/v1/projects/storecheck-6fdc8 {"projectNumber":"90689794332","projectId":"storecheck-6fdc8","lifecycleState":"ACTIVE","name":"storeCheck","labels":{"firebase":"enabled","firebase-core":"disabled"},"createTime":"2026-02-15T05:45:59.234728Z"}
[debug] [2026-03-03T09:18:28.689Z] Checked if tokens are valid: true, expires at: 1772533097040
[debug] [2026-03-03T09:18:28.689Z] Checked if tokens are valid: true, expires at: 1772533097040
[debug] [2026-03-03T09:18:28.689Z] >>> [apiv2][query] GET https://compute.googleapis.com/compute/v1/projects/90689794332 [none]
[debug] [2026-03-03T09:18:28.917Z] <<< [apiv2][status] GET https://compute.googleapis.com/compute/v1/projects/90689794332 403
[debug] [2026-03-03T09:18:28.917Z] <<< [apiv2][body] GET https://compute.googleapis.com/compute/v1/projects/90689794332 {"error":{"code":403,"message":"Compute Engine API has not been used in project 90689794332 before or it is disabled. Enable it by visiting https://console.developers.google.com/apis/api/compute.googleapis.com/overview?project=90689794332 then retry. If you enabled this API recently, wait a few minutes for the action to propagate to our systems and retry.","errors":[{"message":"Compute Engine API has not been used in project 90689794332 before or it is disabled. Enable it by visiting https://console.developers.google.com/apis/api/compute.googleapis.com/overview?project=90689794332 then retry. If you enabled this API recently, wait a few minutes for the action to propagate to our systems and retry.","domain":"usageLimits","reason":"accessNotConfigured","extendedHelp":"https://console.developers.google.com"}],"status":"PERMISSION_DENIED","details":[{"@type":"type.googleapis.com/google.rpc.ErrorInfo","reason":"SERVICE_DISABLED","domain":"googleapis.com","metadata":{"activationUrl":"https://console.developers.google.com/apis/api/compute.googleapis.com/overview?project=90689794332","service":"compute.googleapis.com","serviceTitle":"Compute Engine API","consumer":"projects/90689794332","containerInfo":"90689794332"}},{"@type":"type.googleapis.com/google.rpc.LocalizedMessage","locale":"en-US","message":"Compute Engine API has not been used in project 90689794332 before or it is disabled. Enable it by visiting https://console.developers.google.com/apis/api/compute.googleapis.com/overview?project=90689794332 then retry. If you enabled this API recently, wait a few minutes for the action to propagate to our systems and retry."},{"@type":"type.googleapis.com/google.rpc.Help","links":[{"description":"Google developers console API activation","url":"https://console.developers.google.com/apis/api/compute.googleapis.com/overview?project=90689794332"}]}]}}
[debug] [2026-03-03T09:18:28.918Z] unable to look up default compute service account. Falling back to 90689794332-compute@developer.gserviceaccount.com. Error: {"name":"FirebaseError","children":[],"context":{"body":{"error":{"code":403,"message":"Compute Engine API has not been used in project 90689794332 before or it is disabled. Enable it by visiting https://console.developers.google.com/apis/api/compute.googleapis.com/overview?project=90689794332 then retry. If you enabled this API recently, wait a few minutes for the action to propagate to our systems and retry.","errors":[{"message":"Compute Engine API has not been used in project 90689794332 before or it is disabled. Enable it by visiting https://console.developers.google.com/apis/api/compute.googleapis.com/overview?project=90689794332 then retry. If you enabled this API recently, wait a few minutes for the action to propagate to our systems and retry.","domain":"usageLimits","reason":"accessNotConfigured","extendedHelp":"https://console.developers.google.com"}],"status":"PERMISSION_DENIED","details":[{"@type":"type.googleapis.com/google.rpc.ErrorInfo","reason":"SERVICE_DISABLED","domain":"googleapis.com","metadata":{"activationUrl":"https://console.developers.google.com/apis/api/compute.googleapis.com/overview?project=90689794332","service":"compute.googleapis.com","serviceTitle":"Compute Engine API","consumer":"projects/90689794332","containerInfo":"90689794332"}},{"@type":"type.googleapis.com/google.rpc.LocalizedMessage","locale":"en-US","message":"Compute Engine API has not been used in project 90689794332 before or it is disabled. Enable it by visiting https://console.developers.google.com/apis/api/compute.googleapis.com/overview?project=90689794332 then retry. If you enabled this API recently, wait a few minutes for the action to propagate to our systems and retry."},{"@type":"type.googleapis.com/google.rpc.Help","links":[{"description":"Google developers console API activation","url":"https://console.developers.google.com/apis/api/compute.googleapis.com/overview?project=90689794332"}]}]}},"response":{"statusCode":403}},"exit":1,"message":"Request to https://compute.googleapis.com/compute/v1/projects/90689794332 had HTTP Error: 403, Compute Engine API has not been used in project 90689794332 before or it is disabled. Enable it by visiting https://console.developers.google.com/apis/api/compute.googleapis.com/overview?project=90689794332 then retry. If you enabled this API recently, wait a few minutes for the action to propagate to our systems and retry.","status":403}
[debug] [2026-03-03T09:18:28.919Z] Checked if tokens are valid: true, expires at: 1772533097040
[debug] [2026-03-03T09:18:28.919Z] Checked if tokens are valid: true, expires at: 1772533097040
[debug] [2026-03-03T09:18:28.920Z] >>> [apiv2][query] GET https://cloudbilling.googleapis.com/v1/projects/storecheck-6fdc8/billingInfo [none]
[debug] [2026-03-03T09:18:29.434Z] <<< [apiv2][status] GET https://cloudbilling.googleapis.com/v1/projects/storecheck-6fdc8/billingInfo 200
[debug] [2026-03-03T09:18:29.434Z] <<< [apiv2][body] GET https://cloudbilling.googleapis.com/v1/projects/storecheck-6fdc8/billingInfo {"name":"projects/storecheck-6fdc8/billingInfo","projectId":"storecheck-6fdc8","billingAccountName":"billingAccounts/015FE0-FED1C1-4DD237","billingEnabled":true}
[debug] [2026-03-03T09:18:29.437Z] Checked if tokens are valid: true, expires at: 1772533097040
[debug] [2026-03-03T09:18:29.437Z] Checked if tokens are valid: true, expires at: 1772533097040
[debug] [2026-03-03T09:18:29.438Z] >>> [apiv2][query] POST https://cloudfunctions.googleapis.com/v2/projects/storecheck-6fdc8/locations/us-central1/functions:generateUploadUrl [none]
[debug] [2026-03-03T09:18:29.730Z] <<< [apiv2][status] POST https://cloudfunctions.googleapis.com/v2/projects/storecheck-6fdc8/locations/us-central1/functions:generateUploadUrl 200
[debug] [2026-03-03T09:18:29.731Z] <<< [apiv2][body] POST https://cloudfunctions.googleapis.com/v2/projects/storecheck-6fdc8/locations/us-central1/functions:generateUploadUrl {"uploadUrl":"https://storage.googleapis.com/gcf-v2-uploads-90689794332.us-central1.cloudfunctions.appspot.com/eed281d4-5133-49d6-a4a9-8613f045ae7e.zip?GoogleAccessId=service-90689794332@gcf-admin-robot.iam.gserviceaccount.com&Expires=1772531309&Signature=p%2FEXcz9WSXbj6AGUrrqtRLVbr9ykwGxRBl4s%2FpDd%2BF5Al%2FKpoepxlB%2BjvndKuNVAtBsWLOwYudjoX7U2l6uGOF4nsgRI4QGOFTMA0XyZYyz7XAI6wFgyiOfzrmzYBJXGTxDK8gAPFtZWSLLjpLNhNZT%2FH6RYiXLeP8jqPPEHYFrvspIj7fIUCRUhj2dd5gHwFEVuH7uzTxtJb8p2jjUCaT4Mfr9ygPqivxgQRMA%2FF5IQWRp6wrtfE3JauaFEK16YVOWZrGCMmnlhtbXSQmvorhylelCAhhmE0fPIplLniGl2OMabqQri%2F4b1wCRMZnqJ2TOth01AzmTv%2B5F4CGnauQ%3D%3D","storageSource":{"bucket":"gcf-v2-uploads-90689794332.us-central1.cloudfunctions.appspot.com","object":"eed281d4-5133-49d6-a4a9-8613f045ae7e.zip"}}
[debug] [2026-03-03T09:18:29.732Z] >>> [apiv2][query] PUT https://storage.googleapis.com/gcf-v2-uploads-90689794332.us-central1.cloudfunctions.appspot.com/eed281d4-5133-49d6-a4a9-8613f045ae7e.zip GoogleAccessId=service-90689794332%40gcf-admin-robot.iam.gserviceaccount.com&Expires=1772531309&Signature=p%2FEXcz9WSXbj6AGUrrqtRLVbr9ykwGxRBl4s%2FpDd%2BF5Al%2FKpoepxlB%2BjvndKuNVAtBsWLOwYudjoX7U2l6uGOF4nsgRI4QGOFTMA0XyZYyz7XAI6wFgyiOfzrmzYBJXGTxDK8gAPFtZWSLLjpLNhNZT%2FH6RYiXLeP8jqPPEHYFrvspIj7fIUCRUhj2dd5gHwFEVuH7uzTxtJb8p2jjUCaT4Mfr9ygPqivxgQRMA%2FF5IQWRp6wrtfE3JauaFEK16YVOWZrGCMmnlhtbXSQmvorhylelCAhhmE0fPIplLniGl2OMabqQri%2F4b1wCRMZnqJ2TOth01AzmTv%2B5F4CGnauQ%3D%3D
[debug] [2026-03-03T09:18:29.732Z] >>> [apiv2][body] PUT https://storage.googleapis.com/gcf-v2-uploads-90689794332.us-central1.cloudfunctions.appspot.com/eed281d4-5133-49d6-a4a9-8613f045ae7e.zip [stream]
[debug] [2026-03-03T09:18:30.094Z] <<< [apiv2][status] PUT https://storage.googleapis.com/gcf-v2-uploads-90689794332.us-central1.cloudfunctions.appspot.com/eed281d4-5133-49d6-a4a9-8613f045ae7e.zip 200
[debug] [2026-03-03T09:18:30.094Z] <<< [apiv2][body] PUT https://storage.googleapis.com/gcf-v2-uploads-90689794332.us-central1.cloudfunctions.appspot.com/eed281d4-5133-49d6-a4a9-8613f045ae7e.zip [omitted]
[info] ✔  functions: functions source uploaded successfully 
[info] i  functions: updating Node.js 20 (2nd Gen) function deleteMyAccount(us-central1)... 
[debug] [2026-03-03T09:18:30.100Z] Checked if tokens are valid: true, expires at: 1772533097040
[debug] [2026-03-03T09:18:30.100Z] Checked if tokens are valid: true, expires at: 1772533097040
[debug] [2026-03-03T09:18:30.100Z] >>> [apiv2][query] PATCH https://cloudfunctions.googleapis.com/v2/projects/storecheck-6fdc8/locations/us-central1/functions/deleteMyAccount updateMask=name%2CbuildConfig.runtime%2CbuildConfig.entryPoint%2CbuildConfig.source.storageSource.bucket%2CbuildConfig.source.storageSource.object%2CbuildConfig.environmentVariables%2CbuildConfig.sourceToken%2CserviceConfig.environmentVariables%2CserviceConfig.ingressSettings%2CserviceConfig.timeoutSeconds%2CserviceConfig.serviceAccountEmail%2CserviceConfig.availableMemory%2CserviceConfig.minInstanceCount%2CserviceConfig.maxInstanceCount%2CserviceConfig.maxInstanceRequestConcurrency%2CserviceConfig.availableCpu%2CserviceConfig.vpcConnector%2CserviceConfig.vpcConnectorEgressSettings%2Clabels
[debug] [2026-03-03T09:18:30.101Z] >>> [apiv2][body] PATCH https://cloudfunctions.googleapis.com/v2/projects/storecheck-6fdc8/locations/us-central1/functions/deleteMyAccount {"name":"projects/storecheck-6fdc8/locations/us-central1/functions/deleteMyAccount","buildConfig":{"runtime":"nodejs20","entryPoint":"deleteMyAccount","source":{"storageSource":{"bucket":"gcf-v2-uploads-90689794332.us-central1.cloudfunctions.appspot.com","object":"eed281d4-5133-49d6-a4a9-8613f045ae7e.zip"}},"environmentVariables":{"GOOGLE_NODE_RUN_SCRIPTS":""}},"serviceConfig":{"environmentVariables":{"FIREBASE_CONFIG":"{\"projectId\":\"storecheck-6fdc8\",\"storageBucket\":\"storecheck-6fdc8.firebasestorage.app\"}","GCLOUD_PROJECT":"storecheck-6fdc8","EVENTARC_CLOUD_EVENT_SOURCE":"projects/storecheck-6fdc8/locations/us-central1/services/deleteMyAccount","FUNCTION_TARGET":"deleteMyAccount","LOG_EXECUTION_ID":"true","FUNCTION_SIGNATURE_TYPE":"http"},"ingressSettings":null,"timeoutSeconds":null,"serviceAccountEmail":null,"availableMemory":"256Mi","minInstanceCount":null,"maxInstanceCount":null,"maxInstanceRequestConcurrency":80,"availableCpu":"1","vpcConnector":null,"vpcConnectorEgressSettings":null},"labels":{"deployment-tool":"cli-firebase","deployment-callable":"true","firebase-functions-hash":"b578a229e7fd0db6c6df2c2ba1bec45d58061560"}}
[debug] [2026-03-03T09:18:31.238Z] <<< [apiv2][status] PATCH https://cloudfunctions.googleapis.com/v2/projects/storecheck-6fdc8/locations/us-central1/functions/deleteMyAccount 200
[debug] [2026-03-03T09:18:31.239Z] <<< [apiv2][body] PATCH https://cloudfunctions.googleapis.com/v2/projects/storecheck-6fdc8/locations/us-central1/functions/deleteMyAccount {"name":"projects/storecheck-6fdc8/locations/us-central1/operations/operation-1772529510317-64c1b2fd0fc95-050b8a1e-2814b961","metadata":{"@type":"type.googleapis.com/google.cloud.functions.v2.OperationMetadata","createTime":"2026-03-03T09:18:31.188452857Z","target":"projects/storecheck-6fdc8/locations/us-central1/functions/deleteMyAccount","verb":"update","cancelRequested":false,"apiVersion":"v2"},"done":false}
[debug] [2026-03-03T09:18:31.239Z] Checked if tokens are valid: true, expires at: 1772533097040
[debug] [2026-03-03T09:18:31.239Z] Checked if tokens are valid: true, expires at: 1772533097040
[debug] [2026-03-03T09:18:31.239Z] >>> [apiv2][query] GET https://cloudfunctions.googleapis.com/v2/projects/storecheck-6fdc8/locations/us-central1/operations/operation-1772529510317-64c1b2fd0fc95-050b8a1e-2814b961 [none]
[debug] [2026-03-03T09:18:31.401Z] <<< [apiv2][status] GET https://cloudfunctions.googleapis.com/v2/projects/storecheck-6fdc8/locations/us-central1/operations/operation-1772529510317-64c1b2fd0fc95-050b8a1e-2814b961 200
[debug] [2026-03-03T09:18:31.401Z] <<< [apiv2][body] GET https://cloudfunctions.googleapis.com/v2/projects/storecheck-6fdc8/locations/us-central1/operations/operation-1772529510317-64c1b2fd0fc95-050b8a1e-2814b961 {"name":"projects/storecheck-6fdc8/locations/us-central1/operations/operation-1772529510317-64c1b2fd0fc95-050b8a1e-2814b961","metadata":{"@type":"type.googleapis.com/google.cloud.functions.v2.OperationMetadata","createTime":"2026-03-03T09:18:31.188452857Z","target":"projects/storecheck-6fdc8/locations/us-central1/functions/deleteMyAccount","verb":"update","cancelRequested":false,"apiVersion":"v2","requestResource":{"@type":"type.googleapis.com/google.cloud.functions.v2.Function","name":"projects/storecheck-6fdc8/locations/us-central1/functions/deleteMyAccount","buildConfig":{"runtime":"nodejs20","entryPoint":"deleteMyAccount","source":{"storageSource":{"bucket":"gcf-v2-sources-90689794332-us-central1","object":"deleteMyAccount/function-source.zip","generation":"1772529511125726"}},"environmentVariables":{"GOOGLE_NODE_RUN_SCRIPTS":""},"dockerRepository":"projects/storecheck-6fdc8/locations/us-central1/repositories/gcf-artifacts","sourceProvenance":{"resolvedStorageSource":{"bucket":"gcf-v2-sources-90689794332-us-central1","object":"deleteMyAccount/function-source.zip","generation":"1772522963547430"}},"dockerRegistry":"ARTIFACT_REGISTRY","serviceAccount":"projects/storecheck-6fdc8/serviceAccounts/90689794332-compute@developer.gserviceaccount.com","automaticUpdatePolicy":{}},"serviceConfig":{"service":"projects/storecheck-6fdc8/locations/us-central1/services/deletemyaccount","timeoutSeconds":60,"environmentVariables":{"FIREBASE_CONFIG":"{\"projectId\":\"storecheck-6fdc8\",\"storageBucket\":\"storecheck-6fdc8.firebasestorage.app\"}","GCLOUD_PROJECT":"storecheck-6fdc8","EVENTARC_CLOUD_EVENT_SOURCE":"projects/storecheck-6fdc8/locations/us-central1/services/deleteMyAccount","FUNCTION_TARGET":"deleteMyAccount","LOG_EXECUTION_ID":"true","FUNCTION_SIGNATURE_TYPE":"http"},"ingressSettings":"ALLOW_ALL","uri":"https://deletemyaccount-j27oidbnmq-uc.a.run.app","serviceAccountEmail":"90689794332-compute@developer.gserviceaccount.com","availableMemory":"256Mi","allTrafficOnLatestRevision":true,"revision":"deletemyaccount-00014-qup","maxInstanceRequestConcurrency":80,"availableCpu":"1"},"state":"ACTIVE","labels":{"deployment-tool":"cli-firebase","deployment-callable":"true","firebase-functions-hash":"b578a229e7fd0db6c6df2c2ba1bec45d58061560"},"environment":"GEN_2","url":"https://us-central1-storecheck-6fdc8.cloudfunctions.net/deleteMyAccount","satisfiesPzi":true},"stages":[{"name":"BUILD","state":"NOT_STARTED","stateMessages":[{"severity":"WARNING","type":"BuildAnalysisWarning","message":"Node.js 20 is no longer supported by the Node.js community as of 30 April, 2026. Node.js 20 will be deprecated on 2026-04-30. We recommend you to upgrade to the latest version of Node.js as soon as possible."}]},{"name":"SERVICE","state":"NOT_STARTED"}],"operationType":"UPDATE_FUNCTION"},"done":false}
[debug] [2026-03-03T09:18:31.902Z] [update-default-us-central1-deleteMyAccount] Retrying task index 0
[debug] [2026-03-03T09:18:31.903Z] Checked if tokens are valid: true, expires at: 1772533097040
[debug] [2026-03-03T09:18:31.903Z] Checked if tokens are valid: true, expires at: 1772533097040
[debug] [2026-03-03T09:18:31.903Z] >>> [apiv2][query] GET https://cloudfunctions.googleapis.com/v2/projects/storecheck-6fdc8/locations/us-central1/operations/operation-1772529510317-64c1b2fd0fc95-050b8a1e-2814b961 [none]
[debug] [2026-03-03T09:18:32.396Z] <<< [apiv2][status] GET https://cloudfunctions.googleapis.com/v2/projects/storecheck-6fdc8/locations/us-central1/operations/operation-1772529510317-64c1b2fd0fc95-050b8a1e-2814b961 200
[debug] [2026-03-03T09:18:32.397Z] <<< [apiv2][body] GET https://cloudfunctions.googleapis.com/v2/projects/storecheck-6fdc8/locations/us-central1/operations/operation-1772529510317-64c1b2fd0fc95-050b8a1e-2814b961 {"name":"projects/storecheck-6fdc8/locations/us-central1/operations/operation-1772529510317-64c1b2fd0fc95-050b8a1e-2814b961","metadata":{"@type":"type.googleapis.com/google.cloud.functions.v2.OperationMetadata","createTime":"2026-03-03T09:18:31.188452857Z","target":"projects/storecheck-6fdc8/locations/us-central1/functions/deleteMyAccount","verb":"update","cancelRequested":false,"apiVersion":"v2","requestResource":{"@type":"type.googleapis.com/google.cloud.functions.v2.Function","name":"projects/storecheck-6fdc8/locations/us-central1/functions/deleteMyAccount","buildConfig":{"runtime":"nodejs20","entryPoint":"deleteMyAccount","source":{"storageSource":{"bucket":"gcf-v2-sources-90689794332-us-central1","object":"deleteMyAccount/function-source.zip","generation":"1772529511125726"}},"environmentVariables":{"GOOGLE_NODE_RUN_SCRIPTS":""},"dockerRepository":"projects/storecheck-6fdc8/locations/us-central1/repositories/gcf-artifacts","sourceProvenance":{"resolvedStorageSource":{"bucket":"gcf-v2-sources-90689794332-us-central1","object":"deleteMyAccount/function-source.zip","generation":"1772522963547430"}},"dockerRegistry":"ARTIFACT_REGISTRY","serviceAccount":"projects/storecheck-6fdc8/serviceAccounts/90689794332-compute@developer.gserviceaccount.com","automaticUpdatePolicy":{}},"serviceConfig":{"service":"projects/storecheck-6fdc8/locations/us-central1/services/deletemyaccount","timeoutSeconds":60,"environmentVariables":{"FIREBASE_CONFIG":"{\"projectId\":\"storecheck-6fdc8\",\"storageBucket\":\"storecheck-6fdc8.firebasestorage.app\"}","GCLOUD_PROJECT":"storecheck-6fdc8","EVENTARC_CLOUD_EVENT_SOURCE":"projects/storecheck-6fdc8/locations/us-central1/services/deleteMyAccount","FUNCTION_TARGET":"deleteMyAccount","LOG_EXECUTION_ID":"true","FUNCTION_SIGNATURE_TYPE":"http"},"ingressSettings":"ALLOW_ALL","uri":"https://deletemyaccount-j27oidbnmq-uc.a.run.app","serviceAccountEmail":"90689794332-compute@developer.gserviceaccount.com","availableMemory":"256Mi","allTrafficOnLatestRevision":true,"revision":"deletemyaccount-00014-qup","maxInstanceRequestConcurrency":80,"availableCpu":"1"},"state":"ACTIVE","labels":{"deployment-tool":"cli-firebase","deployment-callable":"true","firebase-functions-hash":"b578a229e7fd0db6c6df2c2ba1bec45d58061560"},"environment":"GEN_2","url":"https://us-central1-storecheck-6fdc8.cloudfunctions.net/deleteMyAccount","satisfiesPzi":true},"stages":[{"name":"BUILD","message":"Build in progress","state":"IN_PROGRESS","resource":"projects/90689794332/locations/us-central1/builds/e0ec934c-b570-4297-ac05-ca135795d52a","resourceUri":"https://console.cloud.google.com/cloud-build/builds;region=us-central1/e0ec934c-b570-4297-ac05-ca135795d52a?project=90689794332"},{"name":"SERVICE","state":"NOT_STARTED"}],"operationType":"UPDATE_FUNCTION","buildName":"projects/90689794332/locations/us-central1/builds/e0ec934c-b570-4297-ac05-ca135795d52a"},"done":false}
[debug] [2026-03-03T09:18:33.397Z] [update-default-us-central1-deleteMyAccount] Retrying task index 0
[debug] [2026-03-03T09:18:33.397Z] Checked if tokens are valid: true, expires at: 1772533097040
[debug] [2026-03-03T09:18:33.398Z] Checked if tokens are valid: true, expires at: 1772533097040
[debug] [2026-03-03T09:18:33.400Z] >>> [apiv2][query] GET https://cloudfunctions.googleapis.com/v2/projects/storecheck-6fdc8/locations/us-central1/operations/operation-1772529510317-64c1b2fd0fc95-050b8a1e-2814b961 [none]
[debug] [2026-03-03T09:18:33.644Z] <<< [apiv2][status] GET https://cloudfunctions.googleapis.com/v2/projects/storecheck-6fdc8/locations/us-central1/operations/operation-1772529510317-64c1b2fd0fc95-050b8a1e-2814b961 200
[debug] [2026-03-03T09:18:33.644Z] <<< [apiv2][body] GET https://cloudfunctions.googleapis.com/v2/projects/storecheck-6fdc8/locations/us-central1/operations/operation-1772529510317-64c1b2fd0fc95-050b8a1e-2814b961 {"name":"projects/storecheck-6fdc8/locations/us-central1/operations/operation-1772529510317-64c1b2fd0fc95-050b8a1e-2814b961","metadata":{"@type":"type.googleapis.com/google.cloud.functions.v2.OperationMetadata","createTime":"2026-03-03T09:18:31.188452857Z","target":"projects/storecheck-6fdc8/locations/us-central1/functions/deleteMyAccount","verb":"update","cancelRequested":false,"apiVersion":"v2","requestResource":{"@type":"type.googleapis.com/google.cloud.functions.v2.Function","name":"projects/storecheck-6fdc8/locations/us-central1/functions/deleteMyAccount","buildConfig":{"runtime":"nodejs20","entryPoint":"deleteMyAccount","source":{"storageSource":{"bucket":"gcf-v2-sources-90689794332-us-central1","object":"deleteMyAccount/function-source.zip","generation":"1772529511125726"}},"environmentVariables":{"GOOGLE_NODE_RUN_SCRIPTS":""},"dockerRepository":"projects/storecheck-6fdc8/locations/us-central1/repositories/gcf-artifacts","sourceProvenance":{"resolvedStorageSource":{"bucket":"gcf-v2-sources-90689794332-us-central1","object":"deleteMyAccount/function-source.zip","generation":"1772522963547430"}},"dockerRegistry":"ARTIFACT_REGISTRY","serviceAccount":"projects/storecheck-6fdc8/serviceAccounts/90689794332-compute@developer.gserviceaccount.com","automaticUpdatePolicy":{}},"serviceConfig":{"service":"projects/storecheck-6fdc8/locations/us-central1/services/deletemyaccount","timeoutSeconds":60,"environmentVariables":{"FIREBASE_CONFIG":"{\"projectId\":\"storecheck-6fdc8\",\"storageBucket\":\"storecheck-6fdc8.firebasestorage.app\"}","GCLOUD_PROJECT":"storecheck-6fdc8","EVENTARC_CLOUD_EVENT_SOURCE":"projects/storecheck-6fdc8/locations/us-central1/services/deleteMyAccount","FUNCTION_TARGET":"deleteMyAccount","LOG_EXECUTION_ID":"true","FUNCTION_SIGNATURE_TYPE":"http"},"ingressSettings":"ALLOW_ALL","uri":"https://deletemyaccount-j27oidbnmq-uc.a.run.app","serviceAccountEmail":"90689794332-compute@developer.gserviceaccount.com","availableMemory":"256Mi","allTrafficOnLatestRevision":true,"revision":"deletemyaccount-00014-qup","maxInstanceRequestConcurrency":80,"availableCpu":"1"},"state":"ACTIVE","labels":{"deployment-tool":"cli-firebase","deployment-callable":"true","firebase-functions-hash":"b578a229e7fd0db6c6df2c2ba1bec45d58061560"},"environment":"GEN_2","url":"https://us-central1-storecheck-6fdc8.cloudfunctions.net/deleteMyAccount","satisfiesPzi":true},"stages":[{"name":"BUILD","message":"Build in progress","state":"IN_PROGRESS","resource":"projects/90689794332/locations/us-central1/builds/e0ec934c-b570-4297-ac05-ca135795d52a","resourceUri":"https://console.cloud.google.com/cloud-build/builds;region=us-central1/e0ec934c-b570-4297-ac05-ca135795d52a?project=90689794332"},{"name":"SERVICE","state":"NOT_STARTED"}],"operationType":"UPDATE_FUNCTION","buildName":"projects/90689794332/locations/us-central1/builds/e0ec934c-b570-4297-ac05-ca135795d52a"},"done":false}
[debug] [2026-03-03T09:18:35.645Z] [update-default-us-central1-deleteMyAccount] Retrying task index 0
[debug] [2026-03-03T09:18:35.646Z] Checked if tokens are valid: true, expires at: 1772533097040
[debug] [2026-03-03T09:18:35.646Z] Checked if tokens are valid: true, expires at: 1772533097040
[debug] [2026-03-03T09:18:35.647Z] >>> [apiv2][query] GET https://cloudfunctions.googleapis.com/v2/projects/storecheck-6fdc8/locations/us-central1/operations/operation-1772529510317-64c1b2fd0fc95-050b8a1e-2814b961 [none]
[debug] [2026-03-03T09:18:35.950Z] <<< [apiv2][status] GET https://cloudfunctions.googleapis.com/v2/projects/storecheck-6fdc8/locations/us-central1/operations/operation-1772529510317-64c1b2fd0fc95-050b8a1e-2814b961 200
[debug] [2026-03-03T09:18:35.950Z] <<< [apiv2][body] GET https://cloudfunctions.googleapis.com/v2/projects/storecheck-6fdc8/locations/us-central1/operations/operation-1772529510317-64c1b2fd0fc95-050b8a1e-2814b961 {"name":"projects/storecheck-6fdc8/locations/us-central1/operations/operation-1772529510317-64c1b2fd0fc95-050b8a1e-2814b961","metadata":{"@type":"type.googleapis.com/google.cloud.functions.v2.OperationMetadata","createTime":"2026-03-03T09:18:31.188452857Z","target":"projects/storecheck-6fdc8/locations/us-central1/functions/deleteMyAccount","verb":"update","cancelRequested":false,"apiVersion":"v2","requestResource":{"@type":"type.googleapis.com/google.cloud.functions.v2.Function","name":"projects/storecheck-6fdc8/locations/us-central1/functions/deleteMyAccount","buildConfig":{"runtime":"nodejs20","entryPoint":"deleteMyAccount","source":{"storageSource":{"bucket":"gcf-v2-sources-90689794332-us-central1","object":"deleteMyAccount/function-source.zip","generation":"1772529511125726"}},"environmentVariables":{"GOOGLE_NODE_RUN_SCRIPTS":""},"dockerRepository":"projects/storecheck-6fdc8/locations/us-central1/repositories/gcf-artifacts","sourceProvenance":{"resolvedStorageSource":{"bucket":"gcf-v2-sources-90689794332-us-central1","object":"deleteMyAccount/function-source.zip","generation":"1772522963547430"}},"dockerRegistry":"ARTIFACT_REGISTRY","serviceAccount":"projects/storecheck-6fdc8/serviceAccounts/90689794332-compute@developer.gserviceaccount.com","automaticUpdatePolicy":{}},"serviceConfig":{"service":"projects/storecheck-6fdc8/locations/us-central1/services/deletemyaccount","timeoutSeconds":60,"environmentVariables":{"FIREBASE_CONFIG":"{\"projectId\":\"storecheck-6fdc8\",\"storageBucket\":\"storecheck-6fdc8.firebasestorage.app\"}","GCLOUD_PROJECT":"storecheck-6fdc8","EVENTARC_CLOUD_EVENT_SOURCE":"projects/storecheck-6fdc8/locations/us-central1/services/deleteMyAccount","FUNCTION_TARGET":"deleteMyAccount","LOG_EXECUTION_ID":"true","FUNCTION_SIGNATURE_TYPE":"http"},"ingressSettings":"ALLOW_ALL","uri":"https://deletemyaccount-j27oidbnmq-uc.a.run.app","serviceAccountEmail":"90689794332-compute@developer.gserviceaccount.com","availableMemory":"256Mi","allTrafficOnLatestRevision":true,"revision":"deletemyaccount-00014-qup","maxInstanceRequestConcurrency":80,"availableCpu":"1"},"state":"ACTIVE","labels":{"deployment-tool":"cli-firebase","deployment-callable":"true","firebase-functions-hash":"b578a229e7fd0db6c6df2c2ba1bec45d58061560"},"environment":"GEN_2","url":"https://us-central1-storecheck-6fdc8.cloudfunctions.net/deleteMyAccount","satisfiesPzi":true},"stages":[{"name":"BUILD","message":"Build in progress","state":"IN_PROGRESS","resource":"projects/90689794332/locations/us-central1/builds/e0ec934c-b570-4297-ac05-ca135795d52a","resourceUri":"https://console.cloud.google.com/cloud-build/builds;region=us-central1/e0ec934c-b570-4297-ac05-ca135795d52a?project=90689794332"},{"name":"SERVICE","state":"NOT_STARTED"}],"operationType":"UPDATE_FUNCTION","buildName":"projects/90689794332/locations/us-central1/builds/e0ec934c-b570-4297-ac05-ca135795d52a"},"done":false}
[debug] [2026-03-03T09:18:39.950Z] [update-default-us-central1-deleteMyAccount] Retrying task index 0
[debug] [2026-03-03T09:18:39.950Z] Checked if tokens are valid: true, expires at: 1772533097040
[debug] [2026-03-03T09:18:39.950Z] Checked if tokens are valid: true, expires at: 1772533097040
[debug] [2026-03-03T09:18:39.950Z] >>> [apiv2][query] GET https://cloudfunctions.googleapis.com/v2/projects/storecheck-6fdc8/locations/us-central1/operations/operation-1772529510317-64c1b2fd0fc95-050b8a1e-2814b961 [none]
[debug] [2026-03-03T09:18:40.192Z] <<< [apiv2][status] GET https://cloudfunctions.googleapis.com/v2/projects/storecheck-6fdc8/locations/us-central1/operations/operation-1772529510317-64c1b2fd0fc95-050b8a1e-2814b961 200
[debug] [2026-03-03T09:18:40.192Z] <<< [apiv2][body] GET https://cloudfunctions.googleapis.com/v2/projects/storecheck-6fdc8/locations/us-central1/operations/operation-1772529510317-64c1b2fd0fc95-050b8a1e-2814b961 {"name":"projects/storecheck-6fdc8/locations/us-central1/operations/operation-1772529510317-64c1b2fd0fc95-050b8a1e-2814b961","metadata":{"@type":"type.googleapis.com/google.cloud.functions.v2.OperationMetadata","createTime":"2026-03-03T09:18:31.188452857Z","target":"projects/storecheck-6fdc8/locations/us-central1/functions/deleteMyAccount","verb":"update","cancelRequested":false,"apiVersion":"v2","requestResource":{"@type":"type.googleapis.com/google.cloud.functions.v2.Function","name":"projects/storecheck-6fdc8/locations/us-central1/functions/deleteMyAccount","buildConfig":{"runtime":"nodejs20","entryPoint":"deleteMyAccount","source":{"storageSource":{"bucket":"gcf-v2-sources-90689794332-us-central1","object":"deleteMyAccount/function-source.zip","generation":"1772529511125726"}},"environmentVariables":{"GOOGLE_NODE_RUN_SCRIPTS":""},"dockerRepository":"projects/storecheck-6fdc8/locations/us-central1/repositories/gcf-artifacts","sourceProvenance":{"resolvedStorageSource":{"bucket":"gcf-v2-sources-90689794332-us-central1","object":"deleteMyAccount/function-source.zip","generation":"1772522963547430"}},"dockerRegistry":"ARTIFACT_REGISTRY","serviceAccount":"projects/storecheck-6fdc8/serviceAccounts/90689794332-compute@developer.gserviceaccount.com","automaticUpdatePolicy":{}},"serviceConfig":{"service":"projects/storecheck-6fdc8/locations/us-central1/services/deletemyaccount","timeoutSeconds":60,"environmentVariables":{"FIREBASE_CONFIG":"{\"projectId\":\"storecheck-6fdc8\",\"storageBucket\":\"storecheck-6fdc8.firebasestorage.app\"}","GCLOUD_PROJECT":"storecheck-6fdc8","EVENTARC_CLOUD_EVENT_SOURCE":"projects/storecheck-6fdc8/locations/us-central1/services/deleteMyAccount","FUNCTION_TARGET":"deleteMyAccount","LOG_EXECUTION_ID":"true","FUNCTION_SIGNATURE_TYPE":"http"},"ingressSettings":"ALLOW_ALL","uri":"https://deletemyaccount-j27oidbnmq-uc.a.run.app","serviceAccountEmail":"90689794332-compute@developer.gserviceaccount.com","availableMemory":"256Mi","allTrafficOnLatestRevision":true,"revision":"deletemyaccount-00014-qup","maxInstanceRequestConcurrency":80,"availableCpu":"1"},"state":"ACTIVE","labels":{"deployment-tool":"cli-firebase","deployment-callable":"true","firebase-functions-hash":"b578a229e7fd0db6c6df2c2ba1bec45d58061560"},"environment":"GEN_2","url":"https://us-central1-storecheck-6fdc8.cloudfunctions.net/deleteMyAccount","satisfiesPzi":true},"stages":[{"name":"BUILD","message":"Build in progress","state":"IN_PROGRESS","resource":"projects/90689794332/locations/us-central1/builds/e0ec934c-b570-4297-ac05-ca135795d52a","resourceUri":"https://console.cloud.google.com/cloud-build/builds;region=us-central1/e0ec934c-b570-4297-ac05-ca135795d52a?project=90689794332"},{"name":"SERVICE","state":"NOT_STARTED"}],"operationType":"UPDATE_FUNCTION","buildName":"projects/90689794332/locations/us-central1/builds/e0ec934c-b570-4297-ac05-ca135795d52a"},"done":false}
[debug] [2026-03-03T09:18:48.192Z] [update-default-us-central1-deleteMyAccount] Retrying task index 0
[debug] [2026-03-03T09:18:48.193Z] Checked if tokens are valid: true, expires at: 1772533097040
[debug] [2026-03-03T09:18:48.193Z] Checked if tokens are valid: true, expires at: 1772533097040
[debug] [2026-03-03T09:18:48.193Z] >>> [apiv2][query] GET https://cloudfunctions.googleapis.com/v2/projects/storecheck-6fdc8/locations/us-central1/operations/operation-1772529510317-64c1b2fd0fc95-050b8a1e-2814b961 [none]
[debug] [2026-03-03T09:18:48.596Z] <<< [apiv2][status] GET https://cloudfunctions.googleapis.com/v2/projects/storecheck-6fdc8/locations/us-central1/operations/operation-1772529510317-64c1b2fd0fc95-050b8a1e-2814b961 200
[debug] [2026-03-03T09:18:48.596Z] <<< [apiv2][body] GET https://cloudfunctions.googleapis.com/v2/projects/storecheck-6fdc8/locations/us-central1/operations/operation-1772529510317-64c1b2fd0fc95-050b8a1e-2814b961 {"name":"projects/storecheck-6fdc8/locations/us-central1/operations/operation-1772529510317-64c1b2fd0fc95-050b8a1e-2814b961","metadata":{"@type":"type.googleapis.com/google.cloud.functions.v2.OperationMetadata","createTime":"2026-03-03T09:18:31.188452857Z","target":"projects/storecheck-6fdc8/locations/us-central1/functions/deleteMyAccount","verb":"update","cancelRequested":false,"apiVersion":"v2","requestResource":{"@type":"type.googleapis.com/google.cloud.functions.v2.Function","name":"projects/storecheck-6fdc8/locations/us-central1/functions/deleteMyAccount","buildConfig":{"runtime":"nodejs20","entryPoint":"deleteMyAccount","source":{"storageSource":{"bucket":"gcf-v2-sources-90689794332-us-central1","object":"deleteMyAccount/function-source.zip","generation":"1772529511125726"}},"environmentVariables":{"GOOGLE_NODE_RUN_SCRIPTS":""},"dockerRepository":"projects/storecheck-6fdc8/locations/us-central1/repositories/gcf-artifacts","sourceProvenance":{"resolvedStorageSource":{"bucket":"gcf-v2-sources-90689794332-us-central1","object":"deleteMyAccount/function-source.zip","generation":"1772522963547430"}},"dockerRegistry":"ARTIFACT_REGISTRY","serviceAccount":"projects/storecheck-6fdc8/serviceAccounts/90689794332-compute@developer.gserviceaccount.com","automaticUpdatePolicy":{}},"serviceConfig":{"service":"projects/storecheck-6fdc8/locations/us-central1/services/deletemyaccount","timeoutSeconds":60,"environmentVariables":{"FIREBASE_CONFIG":"{\"projectId\":\"storecheck-6fdc8\",\"storageBucket\":\"storecheck-6fdc8.firebasestorage.app\"}","GCLOUD_PROJECT":"storecheck-6fdc8","EVENTARC_CLOUD_EVENT_SOURCE":"projects/storecheck-6fdc8/locations/us-central1/services/deleteMyAccount","FUNCTION_TARGET":"deleteMyAccount","LOG_EXECUTION_ID":"true","FUNCTION_SIGNATURE_TYPE":"http"},"ingressSettings":"ALLOW_ALL","uri":"https://deletemyaccount-j27oidbnmq-uc.a.run.app","serviceAccountEmail":"90689794332-compute@developer.gserviceaccount.com","availableMemory":"256Mi","allTrafficOnLatestRevision":true,"revision":"deletemyaccount-00014-qup","maxInstanceRequestConcurrency":80,"availableCpu":"1"},"state":"ACTIVE","labels":{"deployment-tool":"cli-firebase","deployment-callable":"true","firebase-functions-hash":"b578a229e7fd0db6c6df2c2ba1bec45d58061560"},"environment":"GEN_2","url":"https://us-central1-storecheck-6fdc8.cloudfunctions.net/deleteMyAccount","satisfiesPzi":true},"stages":[{"name":"BUILD","message":"Build in progress","state":"IN_PROGRESS","resource":"projects/90689794332/locations/us-central1/builds/e0ec934c-b570-4297-ac05-ca135795d52a","resourceUri":"https://console.cloud.google.com/cloud-build/builds;region=us-central1/e0ec934c-b570-4297-ac05-ca135795d52a?project=90689794332"},{"name":"SERVICE","state":"NOT_STARTED"}],"operationType":"UPDATE_FUNCTION","buildName":"projects/90689794332/locations/us-central1/builds/e0ec934c-b570-4297-ac05-ca135795d52a"},"done":false}
[debug] [2026-03-03T09:18:58.596Z] [update-default-us-central1-deleteMyAccount] Retrying task index 0
[debug] [2026-03-03T09:18:58.597Z] Checked if tokens are valid: true, expires at: 1772533097040
[debug] [2026-03-03T09:18:58.597Z] Checked if tokens are valid: true, expires at: 1772533097040
[debug] [2026-03-03T09:18:58.597Z] >>> [apiv2][query] GET https://cloudfunctions.googleapis.com/v2/projects/storecheck-6fdc8/locations/us-central1/operations/operation-1772529510317-64c1b2fd0fc95-050b8a1e-2814b961 [none]
[debug] [2026-03-03T09:18:58.954Z] <<< [apiv2][status] GET https://cloudfunctions.googleapis.com/v2/projects/storecheck-6fdc8/locations/us-central1/operations/operation-1772529510317-64c1b2fd0fc95-050b8a1e-2814b961 200
[debug] [2026-03-03T09:18:58.955Z] <<< [apiv2][body] GET https://cloudfunctions.googleapis.com/v2/projects/storecheck-6fdc8/locations/us-central1/operations/operation-1772529510317-64c1b2fd0fc95-050b8a1e-2814b961 {"name":"projects/storecheck-6fdc8/locations/us-central1/operations/operation-1772529510317-64c1b2fd0fc95-050b8a1e-2814b961","metadata":{"@type":"type.googleapis.com/google.cloud.functions.v2.OperationMetadata","createTime":"2026-03-03T09:18:31.188452857Z","target":"projects/storecheck-6fdc8/locations/us-central1/functions/deleteMyAccount","verb":"update","cancelRequested":false,"apiVersion":"v2","requestResource":{"@type":"type.googleapis.com/google.cloud.functions.v2.Function","name":"projects/storecheck-6fdc8/locations/us-central1/functions/deleteMyAccount","buildConfig":{"runtime":"nodejs20","entryPoint":"deleteMyAccount","source":{"storageSource":{"bucket":"gcf-v2-sources-90689794332-us-central1","object":"deleteMyAccount/function-source.zip","generation":"1772529511125726"}},"environmentVariables":{"GOOGLE_NODE_RUN_SCRIPTS":""},"dockerRepository":"projects/storecheck-6fdc8/locations/us-central1/repositories/gcf-artifacts","sourceProvenance":{"resolvedStorageSource":{"bucket":"gcf-v2-sources-90689794332-us-central1","object":"deleteMyAccount/function-source.zip","generation":"1772522963547430"}},"dockerRegistry":"ARTIFACT_REGISTRY","serviceAccount":"projects/storecheck-6fdc8/serviceAccounts/90689794332-compute@developer.gserviceaccount.com","automaticUpdatePolicy":{}},"serviceConfig":{"service":"projects/storecheck-6fdc8/locations/us-central1/services/deletemyaccount","timeoutSeconds":60,"environmentVariables":{"FIREBASE_CONFIG":"{\"projectId\":\"storecheck-6fdc8\",\"storageBucket\":\"storecheck-6fdc8.firebasestorage.app\"}","GCLOUD_PROJECT":"storecheck-6fdc8","EVENTARC_CLOUD_EVENT_SOURCE":"projects/storecheck-6fdc8/locations/us-central1/services/deleteMyAccount","FUNCTION_TARGET":"deleteMyAccount","LOG_EXECUTION_ID":"true","FUNCTION_SIGNATURE_TYPE":"http"},"ingressSettings":"ALLOW_ALL","uri":"https://deletemyaccount-j27oidbnmq-uc.a.run.app","serviceAccountEmail":"90689794332-compute@developer.gserviceaccount.com","availableMemory":"256Mi","allTrafficOnLatestRevision":true,"revision":"deletemyaccount-00014-qup","maxInstanceRequestConcurrency":80,"availableCpu":"1"},"state":"ACTIVE","labels":{"deployment-tool":"cli-firebase","deployment-callable":"true","firebase-functions-hash":"b578a229e7fd0db6c6df2c2ba1bec45d58061560"},"environment":"GEN_2","url":"https://us-central1-storecheck-6fdc8.cloudfunctions.net/deleteMyAccount","satisfiesPzi":true},"stages":[{"name":"BUILD","message":"Build in progress","state":"IN_PROGRESS","resource":"projects/90689794332/locations/us-central1/builds/e0ec934c-b570-4297-ac05-ca135795d52a","resourceUri":"https://console.cloud.google.com/cloud-build/builds;region=us-central1/e0ec934c-b570-4297-ac05-ca135795d52a?project=90689794332"},{"name":"SERVICE","state":"NOT_STARTED"}],"operationType":"UPDATE_FUNCTION","buildName":"projects/90689794332/locations/us-central1/builds/e0ec934c-b570-4297-ac05-ca135795d52a"},"done":false}
[debug] [2026-03-03T09:19:08.956Z] [update-default-us-central1-deleteMyAccount] Retrying task index 0
[debug] [2026-03-03T09:19:08.956Z] Checked if tokens are valid: true, expires at: 1772533097040
[debug] [2026-03-03T09:19:08.956Z] Checked if tokens are valid: true, expires at: 1772533097040
[debug] [2026-03-03T09:19:08.956Z] >>> [apiv2][query] GET https://cloudfunctions.googleapis.com/v2/projects/storecheck-6fdc8/locations/us-central1/operations/operation-1772529510317-64c1b2fd0fc95-050b8a1e-2814b961 [none]
[debug] [2026-03-03T09:19:09.303Z] <<< [apiv2][status] GET https://cloudfunctions.googleapis.com/v2/projects/storecheck-6fdc8/locations/us-central1/operations/operation-1772529510317-64c1b2fd0fc95-050b8a1e-2814b961 200
[debug] [2026-03-03T09:19:09.303Z] <<< [apiv2][body] GET https://cloudfunctions.googleapis.com/v2/projects/storecheck-6fdc8/locations/us-central1/operations/operation-1772529510317-64c1b2fd0fc95-050b8a1e-2814b961 {"name":"projects/storecheck-6fdc8/locations/us-central1/operations/operation-1772529510317-64c1b2fd0fc95-050b8a1e-2814b961","metadata":{"@type":"type.googleapis.com/google.cloud.functions.v2.OperationMetadata","createTime":"2026-03-03T09:18:31.188452857Z","target":"projects/storecheck-6fdc8/locations/us-central1/functions/deleteMyAccount","verb":"update","cancelRequested":false,"apiVersion":"v2","requestResource":{"@type":"type.googleapis.com/google.cloud.functions.v2.Function","name":"projects/storecheck-6fdc8/locations/us-central1/functions/deleteMyAccount","buildConfig":{"runtime":"nodejs20","entryPoint":"deleteMyAccount","source":{"storageSource":{"bucket":"gcf-v2-sources-90689794332-us-central1","object":"deleteMyAccount/function-source.zip","generation":"1772529511125726"}},"environmentVariables":{"GOOGLE_NODE_RUN_SCRIPTS":""},"dockerRepository":"projects/storecheck-6fdc8/locations/us-central1/repositories/gcf-artifacts","sourceProvenance":{"resolvedStorageSource":{"bucket":"gcf-v2-sources-90689794332-us-central1","object":"deleteMyAccount/function-source.zip","generation":"1772522963547430"}},"dockerRegistry":"ARTIFACT_REGISTRY","serviceAccount":"projects/storecheck-6fdc8/serviceAccounts/90689794332-compute@developer.gserviceaccount.com","automaticUpdatePolicy":{}},"serviceConfig":{"service":"projects/storecheck-6fdc8/locations/us-central1/services/deletemyaccount","timeoutSeconds":60,"environmentVariables":{"FIREBASE_CONFIG":"{\"projectId\":\"storecheck-6fdc8\",\"storageBucket\":\"storecheck-6fdc8.firebasestorage.app\"}","GCLOUD_PROJECT":"storecheck-6fdc8","EVENTARC_CLOUD_EVENT_SOURCE":"projects/storecheck-6fdc8/locations/us-central1/services/deleteMyAccount","FUNCTION_TARGET":"deleteMyAccount","LOG_EXECUTION_ID":"true","FUNCTION_SIGNATURE_TYPE":"http"},"ingressSettings":"ALLOW_ALL","uri":"https://deletemyaccount-j27oidbnmq-uc.a.run.app","serviceAccountEmail":"90689794332-compute@developer.gserviceaccount.com","availableMemory":"256Mi","allTrafficOnLatestRevision":true,"revision":"deletemyaccount-00014-qup","maxInstanceRequestConcurrency":80,"availableCpu":"1"},"state":"ACTIVE","labels":{"deployment-tool":"cli-firebase","deployment-callable":"true","firebase-functions-hash":"b578a229e7fd0db6c6df2c2ba1bec45d58061560"},"environment":"GEN_2","url":"https://us-central1-storecheck-6fdc8.cloudfunctions.net/deleteMyAccount","satisfiesPzi":true},"stages":[{"name":"BUILD","message":"Build in progress","state":"IN_PROGRESS","resource":"projects/90689794332/locations/us-central1/builds/e0ec934c-b570-4297-ac05-ca135795d52a","resourceUri":"https://console.cloud.google.com/cloud-build/builds;region=us-central1/e0ec934c-b570-4297-ac05-ca135795d52a?project=90689794332"},{"name":"SERVICE","state":"NOT_STARTED"}],"operationType":"UPDATE_FUNCTION","buildName":"projects/90689794332/locations/us-central1/builds/e0ec934c-b570-4297-ac05-ca135795d52a"},"done":false}
[debug] [2026-03-03T09:19:19.305Z] [update-default-us-central1-deleteMyAccount] Retrying task index 0
[debug] [2026-03-03T09:19:19.305Z] Checked if tokens are valid: true, expires at: 1772533097040
[debug] [2026-03-03T09:19:19.305Z] Checked if tokens are valid: true, expires at: 1772533097040
[debug] [2026-03-03T09:19:19.305Z] >>> [apiv2][query] GET https://cloudfunctions.googleapis.com/v2/projects/storecheck-6fdc8/locations/us-central1/operations/operation-1772529510317-64c1b2fd0fc95-050b8a1e-2814b961 [none]
[debug] [2026-03-03T09:19:19.563Z] <<< [apiv2][status] GET https://cloudfunctions.googleapis.com/v2/projects/storecheck-6fdc8/locations/us-central1/operations/operation-1772529510317-64c1b2fd0fc95-050b8a1e-2814b961 200
[debug] [2026-03-03T09:19:19.563Z] <<< [apiv2][body] GET https://cloudfunctions.googleapis.com/v2/projects/storecheck-6fdc8/locations/us-central1/operations/operation-1772529510317-64c1b2fd0fc95-050b8a1e-2814b961 {"name":"projects/storecheck-6fdc8/locations/us-central1/operations/operation-1772529510317-64c1b2fd0fc95-050b8a1e-2814b961","metadata":{"@type":"type.googleapis.com/google.cloud.functions.v2.OperationMetadata","createTime":"2026-03-03T09:18:31.188452857Z","target":"projects/storecheck-6fdc8/locations/us-central1/functions/deleteMyAccount","verb":"update","cancelRequested":false,"apiVersion":"v2","requestResource":{"@type":"type.googleapis.com/google.cloud.functions.v2.Function","name":"projects/storecheck-6fdc8/locations/us-central1/functions/deleteMyAccount","buildConfig":{"runtime":"nodejs20","entryPoint":"deleteMyAccount","source":{"storageSource":{"bucket":"gcf-v2-sources-90689794332-us-central1","object":"deleteMyAccount/function-source.zip","generation":"1772529511125726"}},"environmentVariables":{"GOOGLE_NODE_RUN_SCRIPTS":""},"dockerRepository":"projects/storecheck-6fdc8/locations/us-central1/repositories/gcf-artifacts","sourceProvenance":{"resolvedStorageSource":{"bucket":"gcf-v2-sources-90689794332-us-central1","object":"deleteMyAccount/function-source.zip","generation":"1772522963547430"}},"dockerRegistry":"ARTIFACT_REGISTRY","serviceAccount":"projects/storecheck-6fdc8/serviceAccounts/90689794332-compute@developer.gserviceaccount.com","automaticUpdatePolicy":{}},"serviceConfig":{"service":"projects/storecheck-6fdc8/locations/us-central1/services/deletemyaccount","timeoutSeconds":60,"environmentVariables":{"FIREBASE_CONFIG":"{\"projectId\":\"storecheck-6fdc8\",\"storageBucket\":\"storecheck-6fdc8.firebasestorage.app\"}","GCLOUD_PROJECT":"storecheck-6fdc8","EVENTARC_CLOUD_EVENT_SOURCE":"projects/storecheck-6fdc8/locations/us-central1/services/deleteMyAccount","FUNCTION_TARGET":"deleteMyAccount","LOG_EXECUTION_ID":"true","FUNCTION_SIGNATURE_TYPE":"http"},"ingressSettings":"ALLOW_ALL","uri":"https://deletemyaccount-j27oidbnmq-uc.a.run.app","serviceAccountEmail":"90689794332-compute@developer.gserviceaccount.com","availableMemory":"256Mi","allTrafficOnLatestRevision":true,"revision":"deletemyaccount-00014-qup","maxInstanceRequestConcurrency":80,"availableCpu":"1"},"state":"ACTIVE","labels":{"deployment-tool":"cli-firebase","deployment-callable":"true","firebase-functions-hash":"b578a229e7fd0db6c6df2c2ba1bec45d58061560"},"environment":"GEN_2","url":"https://us-central1-storecheck-6fdc8.cloudfunctions.net/deleteMyAccount","satisfiesPzi":true},"stages":[{"name":"BUILD","message":"Build in progress","state":"IN_PROGRESS","resource":"projects/90689794332/locations/us-central1/builds/e0ec934c-b570-4297-ac05-ca135795d52a","resourceUri":"https://console.cloud.google.com/cloud-build/builds;region=us-central1/e0ec934c-b570-4297-ac05-ca135795d52a?project=90689794332"},{"name":"SERVICE","state":"NOT_STARTED"}],"operationType":"UPDATE_FUNCTION","buildName":"projects/90689794332/locations/us-central1/builds/e0ec934c-b570-4297-ac05-ca135795d52a"},"done":false}
[debug] [2026-03-03T09:19:29.565Z] [update-default-us-central1-deleteMyAccount] Retrying task index 0
[debug] [2026-03-03T09:19:29.566Z] Checked if tokens are valid: true, expires at: 1772533097040
[debug] [2026-03-03T09:19:29.566Z] Checked if tokens are valid: true, expires at: 1772533097040
[debug] [2026-03-03T09:19:29.566Z] >>> [apiv2][query] GET https://cloudfunctions.googleapis.com/v2/projects/storecheck-6fdc8/locations/us-central1/operations/operation-1772529510317-64c1b2fd0fc95-050b8a1e-2814b961 [none]
[debug] [2026-03-03T09:19:29.865Z] <<< [apiv2][status] GET https://cloudfunctions.googleapis.com/v2/projects/storecheck-6fdc8/locations/us-central1/operations/operation-1772529510317-64c1b2fd0fc95-050b8a1e-2814b961 200
[debug] [2026-03-03T09:19:29.866Z] <<< [apiv2][body] GET https://cloudfunctions.googleapis.com/v2/projects/storecheck-6fdc8/locations/us-central1/operations/operation-1772529510317-64c1b2fd0fc95-050b8a1e-2814b961 {"name":"projects/storecheck-6fdc8/locations/us-central1/operations/operation-1772529510317-64c1b2fd0fc95-050b8a1e-2814b961","metadata":{"@type":"type.googleapis.com/google.cloud.functions.v2.OperationMetadata","createTime":"2026-03-03T09:18:31.188452857Z","target":"projects/storecheck-6fdc8/locations/us-central1/functions/deleteMyAccount","verb":"update","cancelRequested":false,"apiVersion":"v2","requestResource":{"@type":"type.googleapis.com/google.cloud.functions.v2.Function","name":"projects/storecheck-6fdc8/locations/us-central1/functions/deleteMyAccount","buildConfig":{"runtime":"nodejs20","entryPoint":"deleteMyAccount","source":{"storageSource":{"bucket":"gcf-v2-sources-90689794332-us-central1","object":"deleteMyAccount/function-source.zip","generation":"1772529511125726"}},"environmentVariables":{"GOOGLE_NODE_RUN_SCRIPTS":""},"dockerRepository":"projects/storecheck-6fdc8/locations/us-central1/repositories/gcf-artifacts","sourceProvenance":{"resolvedStorageSource":{"bucket":"gcf-v2-sources-90689794332-us-central1","object":"deleteMyAccount/function-source.zip","generation":"1772522963547430"}},"dockerRegistry":"ARTIFACT_REGISTRY","serviceAccount":"projects/storecheck-6fdc8/serviceAccounts/90689794332-compute@developer.gserviceaccount.com","automaticUpdatePolicy":{}},"serviceConfig":{"service":"projects/storecheck-6fdc8/locations/us-central1/services/deletemyaccount","timeoutSeconds":60,"environmentVariables":{"FIREBASE_CONFIG":"{\"projectId\":\"storecheck-6fdc8\",\"storageBucket\":\"storecheck-6fdc8.firebasestorage.app\"}","GCLOUD_PROJECT":"storecheck-6fdc8","EVENTARC_CLOUD_EVENT_SOURCE":"projects/storecheck-6fdc8/locations/us-central1/services/deleteMyAccount","FUNCTION_TARGET":"deleteMyAccount","LOG_EXECUTION_ID":"true","FUNCTION_SIGNATURE_TYPE":"http"},"ingressSettings":"ALLOW_ALL","uri":"https://deletemyaccount-j27oidbnmq-uc.a.run.app","serviceAccountEmail":"90689794332-compute@developer.gserviceaccount.com","availableMemory":"256Mi","allTrafficOnLatestRevision":true,"revision":"deletemyaccount-00014-qup","maxInstanceRequestConcurrency":80,"availableCpu":"1"},"state":"ACTIVE","labels":{"deployment-tool":"cli-firebase","deployment-callable":"true","firebase-functions-hash":"b578a229e7fd0db6c6df2c2ba1bec45d58061560"},"environment":"GEN_2","url":"https://us-central1-storecheck-6fdc8.cloudfunctions.net/deleteMyAccount","satisfiesPzi":true},"stages":[{"name":"BUILD","message":"Build in progress","state":"IN_PROGRESS","resource":"projects/90689794332/locations/us-central1/builds/e0ec934c-b570-4297-ac05-ca135795d52a","resourceUri":"https://console.cloud.google.com/cloud-build/builds;region=us-central1/e0ec934c-b570-4297-ac05-ca135795d52a?project=90689794332"},{"name":"SERVICE","state":"NOT_STARTED"}],"operationType":"UPDATE_FUNCTION","buildName":"projects/90689794332/locations/us-central1/builds/e0ec934c-b570-4297-ac05-ca135795d52a"},"done":false}
[debug] [2026-03-03T09:19:39.866Z] [update-default-us-central1-deleteMyAccount] Retrying task index 0
[debug] [2026-03-03T09:19:39.866Z] Checked if tokens are valid: true, expires at: 1772533097040
[debug] [2026-03-03T09:19:39.866Z] Checked if tokens are valid: true, expires at: 1772533097040
[debug] [2026-03-03T09:19:39.866Z] >>> [apiv2][query] GET https://cloudfunctions.googleapis.com/v2/projects/storecheck-6fdc8/locations/us-central1/operations/operation-1772529510317-64c1b2fd0fc95-050b8a1e-2814b961 [none]
[debug] [2026-03-03T09:19:40.163Z] <<< [apiv2][status] GET https://cloudfunctions.googleapis.com/v2/projects/storecheck-6fdc8/locations/us-central1/operations/operation-1772529510317-64c1b2fd0fc95-050b8a1e-2814b961 200
[debug] [2026-03-03T09:19:40.163Z] <<< [apiv2][body] GET https://cloudfunctions.googleapis.com/v2/projects/storecheck-6fdc8/locations/us-central1/operations/operation-1772529510317-64c1b2fd0fc95-050b8a1e-2814b961 {"name":"projects/storecheck-6fdc8/locations/us-central1/operations/operation-1772529510317-64c1b2fd0fc95-050b8a1e-2814b961","metadata":{"@type":"type.googleapis.com/google.cloud.functions.v2.OperationMetadata","createTime":"2026-03-03T09:18:31.188452857Z","target":"projects/storecheck-6fdc8/locations/us-central1/functions/deleteMyAccount","verb":"update","cancelRequested":false,"apiVersion":"v2","requestResource":{"@type":"type.googleapis.com/google.cloud.functions.v2.Function","name":"projects/storecheck-6fdc8/locations/us-central1/functions/deleteMyAccount","buildConfig":{"runtime":"nodejs20","entryPoint":"deleteMyAccount","source":{"storageSource":{"bucket":"gcf-v2-sources-90689794332-us-central1","object":"deleteMyAccount/function-source.zip","generation":"1772529511125726"}},"environmentVariables":{"GOOGLE_NODE_RUN_SCRIPTS":""},"dockerRepository":"projects/storecheck-6fdc8/locations/us-central1/repositories/gcf-artifacts","sourceProvenance":{"resolvedStorageSource":{"bucket":"gcf-v2-sources-90689794332-us-central1","object":"deleteMyAccount/function-source.zip","generation":"1772522963547430"}},"dockerRegistry":"ARTIFACT_REGISTRY","serviceAccount":"projects/storecheck-6fdc8/serviceAccounts/90689794332-compute@developer.gserviceaccount.com","automaticUpdatePolicy":{}},"serviceConfig":{"service":"projects/storecheck-6fdc8/locations/us-central1/services/deletemyaccount","timeoutSeconds":60,"environmentVariables":{"FIREBASE_CONFIG":"{\"projectId\":\"storecheck-6fdc8\",\"storageBucket\":\"storecheck-6fdc8.firebasestorage.app\"}","GCLOUD_PROJECT":"storecheck-6fdc8","EVENTARC_CLOUD_EVENT_SOURCE":"projects/storecheck-6fdc8/locations/us-central1/services/deleteMyAccount","FUNCTION_TARGET":"deleteMyAccount","LOG_EXECUTION_ID":"true","FUNCTION_SIGNATURE_TYPE":"http"},"ingressSettings":"ALLOW_ALL","uri":"https://deletemyaccount-j27oidbnmq-uc.a.run.app","serviceAccountEmail":"90689794332-compute@developer.gserviceaccount.com","availableMemory":"256Mi","allTrafficOnLatestRevision":true,"revision":"deletemyaccount-00014-qup","maxInstanceRequestConcurrency":80,"availableCpu":"1"},"state":"ACTIVE","labels":{"deployment-tool":"cli-firebase","deployment-callable":"true","firebase-functions-hash":"b578a229e7fd0db6c6df2c2ba1bec45d58061560"},"environment":"GEN_2","url":"https://us-central1-storecheck-6fdc8.cloudfunctions.net/deleteMyAccount","satisfiesPzi":true},"stages":[{"name":"BUILD","message":"Build finished","state":"COMPLETE","resource":"projects/90689794332/locations/us-central1/builds/e0ec934c-b570-4297-ac05-ca135795d52a","resourceUri":"https://console.cloud.google.com/cloud-build/builds;region=us-central1/e0ec934c-b570-4297-ac05-ca135795d52a?project=90689794332"},{"name":"SERVICE","message":"Updating Cloud Run service","state":"IN_PROGRESS","resource":"projects/storecheck-6fdc8/locations/us-central1/services/deletemyaccount","resourceUri":"https://console.cloud.google.com/run/detail/us-central1/deletemyaccount?project=storecheck-6fdc8","stateMessages":[{"severity":"INFO","type":"CloudRunServiceNewRevisionTrafficInfo","message":"A new revision will be deployed serving with 100% traffic."}]}],"sourceToken":"ClZwcm9qZWN0cy85MDY4OTc5NDMzMi9sb2NhdGlvbnMvdXMtY2VudHJhbDEvYnVpbGRzL2UwZWM5MzRjLWI1NzAtNDI5Ny1hYzA1LWNhMTM1Nzk1ZDUyYRJ2dXMtY2VudHJhbDEtZG9ja2VyLnBrZy5kZXYvc3RvcmVjaGVjay02ZmRjOC9nY2YtYXJ0aWZhY3RzL3N0b3JlY2hlY2stLTZmZGM4X191cy0tY2VudHJhbDFfX2RlbGV0ZV9teV9hY2NvdW50OnZlcnNpb25fMRic4qHs0QIiSXByb2plY3RzL3N0b3JlY2hlY2stNmZkYzgvbG9jYXRpb25zL3VzLWNlbnRyYWwxL2Z1bmN0aW9ucy9kZWxldGVNeUFjY291bnQqDAiiz5rNBhDIh8KmAjIIbm9kZWpzMjA6dgojZ2NyLmlvL2dhZS1ydW50aW1lcy9ub2RlanMyMDpzdGFibGUST3VzLWNlbnRyYWwxLWRvY2tlci5wa2cuZGV2L3NlcnZlcmxlc3MtcnVudGltZXMvZ29vZ2xlLTIyLWZ1bGwvcnVudGltZXMvbm9kZWpzMjBAAQ==","operationType":"UPDATE_FUNCTION","buildName":"projects/90689794332/locations/us-central1/builds/e0ec934c-b570-4297-ac05-ca135795d52a"},"done":false}
[debug] [2026-03-03T09:19:40.163Z] Got source token ClZwcm9qZWN0cy85MDY4OTc5NDMzMi9sb2NhdGlvbnMvdXMtY2VudHJhbDEvYnVpbGRzL2UwZWM5MzRjLWI1NzAtNDI5Ny1hYzA1LWNhMTM1Nzk1ZDUyYRJ2dXMtY2VudHJhbDEtZG9ja2VyLnBrZy5kZXYvc3RvcmVjaGVjay02ZmRjOC9nY2YtYXJ0aWZhY3RzL3N0b3JlY2hlY2stLTZmZGM4X191cy0tY2VudHJhbDFfX2RlbGV0ZV9teV9hY2NvdW50OnZlcnNpb25fMRic4qHs0QIiSXByb2plY3RzL3N0b3JlY2hlY2stNmZkYzgvbG9jYXRpb25zL3VzLWNlbnRyYWwxL2Z1bmN0aW9ucy9kZWxldGVNeUFjY291bnQqDAiiz5rNBhDIh8KmAjIIbm9kZWpzMjA6dgojZ2NyLmlvL2dhZS1ydW50aW1lcy9ub2RlanMyMDpzdGFibGUST3VzLWNlbnRyYWwxLWRvY2tlci5wa2cuZGV2L3NlcnZlcmxlc3MtcnVudGltZXMvZ29vZ2xlLTIyLWZ1bGwvcnVudGltZXMvbm9kZWpzMjBAAQ== for region us-central1
[debug] [2026-03-03T09:19:50.172Z] [update-default-us-central1-deleteMyAccount] Retrying task index 0
[debug] [2026-03-03T09:19:50.172Z] Checked if tokens are valid: true, expires at: 1772533097040
[debug] [2026-03-03T09:19:50.172Z] Checked if tokens are valid: true, expires at: 1772533097040
[debug] [2026-03-03T09:19:50.173Z] >>> [apiv2][query] GET https://cloudfunctions.googleapis.com/v2/projects/storecheck-6fdc8/locations/us-central1/operations/operation-1772529510317-64c1b2fd0fc95-050b8a1e-2814b961 [none]
[debug] [2026-03-03T09:19:50.536Z] <<< [apiv2][status] GET https://cloudfunctions.googleapis.com/v2/projects/storecheck-6fdc8/locations/us-central1/operations/operation-1772529510317-64c1b2fd0fc95-050b8a1e-2814b961 200
[debug] [2026-03-03T09:19:50.536Z] <<< [apiv2][body] GET https://cloudfunctions.googleapis.com/v2/projects/storecheck-6fdc8/locations/us-central1/operations/operation-1772529510317-64c1b2fd0fc95-050b8a1e-2814b961 {"name":"projects/storecheck-6fdc8/locations/us-central1/operations/operation-1772529510317-64c1b2fd0fc95-050b8a1e-2814b961","metadata":{"@type":"type.googleapis.com/google.cloud.functions.v2.OperationMetadata","createTime":"2026-03-03T09:18:31.188452857Z","endTime":"2026-03-03T09:19:46.532213483Z","target":"projects/storecheck-6fdc8/locations/us-central1/functions/deleteMyAccount","verb":"update","cancelRequested":false,"apiVersion":"v2","requestResource":{"@type":"type.googleapis.com/google.cloud.functions.v2.Function","name":"projects/storecheck-6fdc8/locations/us-central1/functions/deleteMyAccount","buildConfig":{"runtime":"nodejs20","entryPoint":"deleteMyAccount","source":{"storageSource":{"bucket":"gcf-v2-sources-90689794332-us-central1","object":"deleteMyAccount/function-source.zip","generation":"1772529511125726"}},"environmentVariables":{"GOOGLE_NODE_RUN_SCRIPTS":""},"dockerRepository":"projects/storecheck-6fdc8/locations/us-central1/repositories/gcf-artifacts","sourceProvenance":{"resolvedStorageSource":{"bucket":"gcf-v2-sources-90689794332-us-central1","object":"deleteMyAccount/function-source.zip","generation":"1772522963547430"}},"dockerRegistry":"ARTIFACT_REGISTRY","serviceAccount":"projects/storecheck-6fdc8/serviceAccounts/90689794332-compute@developer.gserviceaccount.com","automaticUpdatePolicy":{}},"serviceConfig":{"service":"projects/storecheck-6fdc8/locations/us-central1/services/deletemyaccount","timeoutSeconds":60,"environmentVariables":{"FIREBASE_CONFIG":"{\"projectId\":\"storecheck-6fdc8\",\"storageBucket\":\"storecheck-6fdc8.firebasestorage.app\"}","GCLOUD_PROJECT":"storecheck-6fdc8","EVENTARC_CLOUD_EVENT_SOURCE":"projects/storecheck-6fdc8/locations/us-central1/services/deleteMyAccount","FUNCTION_TARGET":"deleteMyAccount","LOG_EXECUTION_ID":"true","FUNCTION_SIGNATURE_TYPE":"http"},"ingressSettings":"ALLOW_ALL","uri":"https://deletemyaccount-j27oidbnmq-uc.a.run.app","serviceAccountEmail":"90689794332-compute@developer.gserviceaccount.com","availableMemory":"256Mi","allTrafficOnLatestRevision":true,"revision":"deletemyaccount-00014-qup","maxInstanceRequestConcurrency":80,"availableCpu":"1"},"state":"ACTIVE","labels":{"deployment-tool":"cli-firebase","deployment-callable":"true","firebase-functions-hash":"b578a229e7fd0db6c6df2c2ba1bec45d58061560"},"environment":"GEN_2","url":"https://us-central1-storecheck-6fdc8.cloudfunctions.net/deleteMyAccount","satisfiesPzi":true},"stages":[{"name":"BUILD","message":"Build finished","state":"COMPLETE","resource":"projects/90689794332/locations/us-central1/builds/e0ec934c-b570-4297-ac05-ca135795d52a","resourceUri":"https://console.cloud.google.com/cloud-build/builds;region=us-central1/e0ec934c-b570-4297-ac05-ca135795d52a?project=90689794332"},{"name":"SERVICE","message":"Updating Cloud Run service","state":"COMPLETE","resource":"projects/storecheck-6fdc8/locations/us-central1/services/deletemyaccount","resourceUri":"https://console.cloud.google.com/run/detail/us-central1/deletemyaccount?project=storecheck-6fdc8","stateMessages":[{"severity":"INFO","type":"CloudRunServiceNewRevisionTrafficInfo","message":"A new revision will be deployed serving with 100% traffic."}]}],"sourceToken":"ClZwcm9qZWN0cy85MDY4OTc5NDMzMi9sb2NhdGlvbnMvdXMtY2VudHJhbDEvYnVpbGRzL2UwZWM5MzRjLWI1NzAtNDI5Ny1hYzA1LWNhMTM1Nzk1ZDUyYRJ2dXMtY2VudHJhbDEtZG9ja2VyLnBrZy5kZXYvc3RvcmVjaGVjay02ZmRjOC9nY2YtYXJ0aWZhY3RzL3N0b3JlY2hlY2stLTZmZGM4X191cy0tY2VudHJhbDFfX2RlbGV0ZV9teV9hY2NvdW50OnZlcnNpb25fMRic4qHs0QIiSXByb2plY3RzL3N0b3JlY2hlY2stNmZkYzgvbG9jYXRpb25zL3VzLWNlbnRyYWwxL2Z1bmN0aW9ucy9kZWxldGVNeUFjY291bnQqDAiiz5rNBhDIh8KmAjIIbm9kZWpzMjA6dgojZ2NyLmlvL2dhZS1ydW50aW1lcy9ub2RlanMyMDpzdGFibGUST3VzLWNlbnRyYWwxLWRvY2tlci5wa2cuZGV2L3NlcnZlcmxlc3MtcnVudGltZXMvZ29vZ2xlLTIyLWZ1bGwvcnVudGltZXMvbm9kZWpzMjBAAQ==","operationType":"UPDATE_FUNCTION","buildName":"projects/90689794332/locations/us-central1/builds/e0ec934c-b570-4297-ac05-ca135795d52a"},"done":true,"response":{"@type":"type.googleapis.com/google.cloud.functions.v2.Function","name":"projects/storecheck-6fdc8/locations/us-central1/functions/deleteMyAccount","buildConfig":{"build":"projects/90689794332/locations/us-central1/builds/e0ec934c-b570-4297-ac05-ca135795d52a","runtime":"nodejs20","entryPoint":"deleteMyAccount","source":{"storageSource":{"bucket":"gcf-v2-sources-90689794332-us-central1","object":"deleteMyAccount/function-source.zip","generation":"1772529511125726"}},"environmentVariables":{"GOOGLE_NODE_RUN_SCRIPTS":""},"dockerRepository":"projects/storecheck-6fdc8/locations/us-central1/repositories/gcf-artifacts","sourceProvenance":{"resolvedStorageSource":{"bucket":"gcf-v2-sources-90689794332-us-central1","object":"deleteMyAccount/function-source.zip","generation":"1772529511125726"}},"dockerRegistry":"ARTIFACT_REGISTRY","serviceAccount":"projects/storecheck-6fdc8/serviceAccounts/90689794332-compute@developer.gserviceaccount.com","automaticUpdatePolicy":{}},"serviceConfig":{"service":"projects/storecheck-6fdc8/locations/us-central1/services/deletemyaccount","timeoutSeconds":60,"environmentVariables":{"FIREBASE_CONFIG":"{\"projectId\":\"storecheck-6fdc8\",\"storageBucket\":\"storecheck-6fdc8.firebasestorage.app\"}","GCLOUD_PROJECT":"storecheck-6fdc8","EVENTARC_CLOUD_EVENT_SOURCE":"projects/storecheck-6fdc8/locations/us-central1/services/deleteMyAccount","FUNCTION_TARGET":"deleteMyAccount","LOG_EXECUTION_ID":"true","FUNCTION_SIGNATURE_TYPE":"http"},"maxInstanceCount":20,"ingressSettings":"ALLOW_ALL","uri":"https://deletemyaccount-j27oidbnmq-uc.a.run.app","serviceAccountEmail":"90689794332-compute@developer.gserviceaccount.com","availableMemory":"256Mi","allTrafficOnLatestRevision":true,"revision":"deletemyaccount-00015-ceg","maxInstanceRequestConcurrency":80,"availableCpu":"1"},"state":"ACTIVE","updateTime":"2026-03-03T09:18:31.194100409Z","labels":{"deployment-tool":"cli-firebase","deployment-callable":"true","firebase-functions-hash":"b578a229e7fd0db6c6df2c2ba1bec45d58061560"},"environment":"GEN_2","url":"https://us-central1-storecheck-6fdc8.cloudfunctions.net/deleteMyAccount","createTime":"2026-02-23T08:59:00.455214369Z","satisfiesPzi":true}}
[debug] [2026-03-03T09:19:50.536Z] Got source token ClZwcm9qZWN0cy85MDY4OTc5NDMzMi9sb2NhdGlvbnMvdXMtY2VudHJhbDEvYnVpbGRzL2UwZWM5MzRjLWI1NzAtNDI5Ny1hYzA1LWNhMTM1Nzk1ZDUyYRJ2dXMtY2VudHJhbDEtZG9ja2VyLnBrZy5kZXYvc3RvcmVjaGVjay02ZmRjOC9nY2YtYXJ0aWZhY3RzL3N0b3JlY2hlY2stLTZmZGM4X191cy0tY2VudHJhbDFfX2RlbGV0ZV9teV9hY2NvdW50OnZlcnNpb25fMRic4qHs0QIiSXByb2plY3RzL3N0b3JlY2hlY2stNmZkYzgvbG9jYXRpb25zL3VzLWNlbnRyYWwxL2Z1bmN0aW9ucy9kZWxldGVNeUFjY291bnQqDAiiz5rNBhDIh8KmAjIIbm9kZWpzMjA6dgojZ2NyLmlvL2dhZS1ydW50aW1lcy9ub2RlanMyMDpzdGFibGUST3VzLWNlbnRyYWwxLWRvY2tlci5wa2cuZGV2L3NlcnZlcmxlc3MtcnVudGltZXMvZ29vZ2xlLTIyLWZ1bGwvcnVudGltZXMvbm9kZWpzMjBAAQ== for region us-central1
[info] ✔  functions[deleteMyAccount(us-central1)] Successful update operation. 
[debug] [2026-03-03T09:19:50.540Z] Total Function Deployment time: 80439
[debug] [2026-03-03T09:19:50.540Z] 1 Functions Deployed
[debug] [2026-03-03T09:19:50.540Z] 0 Functions Errored
[debug] [2026-03-03T09:19:50.540Z] 0 Function Deployments Aborted
[debug] [2026-03-03T09:19:50.540Z] Average Function Deployment time: 80439
[debug] [2026-03-03T09:19:50.540Z] Not printing URL for HTTPS function. Typically this means it didn't match a filter or we failed deployment
[debug] [2026-03-03T09:19:50.541Z] Not printing URL for HTTPS function. Typically this means it didn't match a filter or we failed deployment
[debug] [2026-03-03T09:19:50.541Z] Not printing URL for HTTPS function. Typically this means it didn't match a filter or we failed deployment
[debug] [2026-03-03T09:19:50.541Z] Not printing URL for HTTPS function. Typically this means it didn't match a filter or we failed deployment
[debug] [2026-03-03T09:19:50.542Z] Checked if tokens are valid: true, expires at: 1772533097040
[debug] [2026-03-03T09:19:50.542Z] Checked if tokens are valid: true, expires at: 1772533097040
[debug] [2026-03-03T09:19:50.542Z] >>> [apiv2][query] GET https://artifactregistry.googleapis.com/v1/projects/storecheck-6fdc8/locations/us-central1/repositories/gcf-artifacts [none]
[debug] [2026-03-03T09:19:50.891Z] <<< [apiv2][status] GET https://artifactregistry.googleapis.com/v1/projects/storecheck-6fdc8/locations/us-central1/repositories/gcf-artifacts 200
[debug] [2026-03-03T09:48:11.906Z] ----------------------------------------------------------------------
[debug] [2026-03-03T09:48:11.922Z] Command:       /usr/local/bin/node /Users/majdinagi/.npm-global/bin/firebase deploy --only functions:deleteMyAccount --project storecheck-6fdc8
[debug] [2026-03-03T09:48:11.923Z] CLI Version:   15.8.0
[debug] [2026-03-03T09:48:11.923Z] Platform:      darwin
[debug] [2026-03-03T09:48:11.923Z] Node Version:  v22.12.0
[debug] [2026-03-03T09:48:11.923Z] Time:          Tue Mar 03 2026 04:48:11 GMT-0500 (Eastern Standard Time)
[debug] [2026-03-03T09:48:11.924Z] ----------------------------------------------------------------------
[debug] 
[debug] [2026-03-03T09:48:19.814Z] > command requires scopes: ["email","openid","https://www.googleapis.com/auth/cloudplatformprojects.readonly","https://www.googleapis.com/auth/firebase","https://www.googleapis.com/auth/cloud-platform"]
[debug] [2026-03-03T09:48:19.815Z] > authorizing via signed-in user (majdinagi@gmail.com)
[debug] [2026-03-03T09:48:19.816Z] [iam] checking project storecheck-6fdc8 for permissions ["cloudfunctions.functions.create","cloudfunctions.functions.delete","cloudfunctions.functions.get","cloudfunctions.functions.list","cloudfunctions.functions.update","cloudfunctions.operations.get","firebase.projects.get"]
[debug] [2026-03-03T09:48:19.819Z] Checked if tokens are valid: true, expires at: 1772533097040
[debug] [2026-03-03T09:48:19.819Z] Checked if tokens are valid: true, expires at: 1772533097040
[debug] [2026-03-03T09:48:19.821Z] >>> [apiv2][query] POST https://cloudresourcemanager.googleapis.com/v1/projects/storecheck-6fdc8:testIamPermissions [none]
[debug] [2026-03-03T09:48:19.823Z] >>> [apiv2][(partial)header] POST https://cloudresourcemanager.googleapis.com/v1/projects/storecheck-6fdc8:testIamPermissions  x-goog-user-project=storecheck-6fdc8
[debug] [2026-03-03T09:48:19.823Z] >>> [apiv2][body] POST https://cloudresourcemanager.googleapis.com/v1/projects/storecheck-6fdc8:testIamPermissions {"permissions":["cloudfunctions.functions.create","cloudfunctions.functions.delete","cloudfunctions.functions.get","cloudfunctions.functions.list","cloudfunctions.functions.update","cloudfunctions.operations.get","firebase.projects.get"]}
[debug] [2026-03-03T09:48:20.429Z] <<< [apiv2][status] POST https://cloudresourcemanager.googleapis.com/v1/projects/storecheck-6fdc8:testIamPermissions 200
[debug] [2026-03-03T09:48:20.430Z] <<< [apiv2][body] POST https://cloudresourcemanager.googleapis.com/v1/projects/storecheck-6fdc8:testIamPermissions {"permissions":["cloudfunctions.functions.create","cloudfunctions.functions.delete","cloudfunctions.functions.get","cloudfunctions.functions.list","cloudfunctions.functions.update","cloudfunctions.operations.get","firebase.projects.get"]}
[debug] [2026-03-03T09:48:20.430Z] Checked if tokens are valid: true, expires at: 1772533097040
[debug] [2026-03-03T09:48:20.431Z] Checked if tokens are valid: true, expires at: 1772533097040
[debug] [2026-03-03T09:48:20.431Z] >>> [apiv2][query] POST https://iam.googleapis.com/v1/projects/storecheck-6fdc8/serviceAccounts/storecheck-6fdc8@appspot.gserviceaccount.com:testIamPermissions [none]
[debug] [2026-03-03T09:48:20.431Z] >>> [apiv2][body] POST https://iam.googleapis.com/v1/projects/storecheck-6fdc8/serviceAccounts/storecheck-6fdc8@appspot.gserviceaccount.com:testIamPermissions {"permissions":["iam.serviceAccounts.actAs"]}
[debug] [2026-03-03T09:48:20.876Z] <<< [apiv2][status] POST https://iam.googleapis.com/v1/projects/storecheck-6fdc8/serviceAccounts/storecheck-6fdc8@appspot.gserviceaccount.com:testIamPermissions 200
[debug] [2026-03-03T09:48:20.877Z] <<< [apiv2][body] POST https://iam.googleapis.com/v1/projects/storecheck-6fdc8/serviceAccounts/storecheck-6fdc8@appspot.gserviceaccount.com:testIamPermissions {"permissions":["iam.serviceAccounts.actAs"]}
[info] 
[info] === Deploying to 'storecheck-6fdc8'...
[info] 
[info] i  deploying functions 
[debug] [2026-03-03T09:48:20.881Z] Checked if tokens are valid: true, expires at: 1772533097040
[debug] [2026-03-03T09:48:20.881Z] Checked if tokens are valid: true, expires at: 1772533097040
[debug] [2026-03-03T09:48:20.881Z] >>> [apiv2][query] GET https://cloudresourcemanager.googleapis.com/v1/projects/storecheck-6fdc8 [none]
[debug] [2026-03-03T09:48:21.041Z] <<< [apiv2][status] GET https://cloudresourcemanager.googleapis.com/v1/projects/storecheck-6fdc8 200
[debug] [2026-03-03T09:48:21.041Z] <<< [apiv2][body] GET https://cloudresourcemanager.googleapis.com/v1/projects/storecheck-6fdc8 {"projectNumber":"90689794332","projectId":"storecheck-6fdc8","lifecycleState":"ACTIVE","name":"storeCheck","labels":{"firebase":"enabled","firebase-core":"disabled"},"createTime":"2026-02-15T05:45:59.234728Z"}
[info] i  functions: preparing codebase default for deployment 
[info] i  functions: ensuring required API cloudfunctions.googleapis.com is enabled... 
[info] i  functions: ensuring required API cloudbuild.googleapis.com is enabled... 
[info] i  artifactregistry: ensuring required API artifactregistry.googleapis.com is enabled... 
[debug] [2026-03-03T09:48:21.044Z] Checked if tokens are valid: true, expires at: 1772533097040
[debug] [2026-03-03T09:48:21.044Z] Checked if tokens are valid: true, expires at: 1772533097040
[debug] [2026-03-03T09:48:21.045Z] >>> [apiv2][query] GET https://firebase.googleapis.com/v1beta1/projects/storecheck-6fdc8/adminSdkConfig [none]
[debug] [2026-03-03T09:48:21.698Z] <<< [apiv2][status] GET https://firebase.googleapis.com/v1beta1/projects/storecheck-6fdc8/adminSdkConfig 200
[debug] [2026-03-03T09:48:21.698Z] <<< [apiv2][body] GET https://firebase.googleapis.com/v1beta1/projects/storecheck-6fdc8/adminSdkConfig {"projectId":"storecheck-6fdc8","storageBucket":"storecheck-6fdc8.firebasestorage.app"}
[debug] [2026-03-03T09:48:21.699Z] Checked if tokens are valid: true, expires at: 1772533097040
[debug] [2026-03-03T09:48:21.699Z] Checked if tokens are valid: true, expires at: 1772533097040
[debug] [2026-03-03T09:48:21.699Z] >>> [apiv2][query] GET https://runtimeconfig.googleapis.com/v1beta1/projects/storecheck-6fdc8/configs [none]
[debug] [2026-03-03T09:48:21.957Z] <<< [apiv2][status] GET https://runtimeconfig.googleapis.com/v1beta1/projects/storecheck-6fdc8/configs 200
[debug] [2026-03-03T09:48:21.957Z] <<< [apiv2][body] GET https://runtimeconfig.googleapis.com/v1beta1/projects/storecheck-6fdc8/configs {}
[debug] [2026-03-03T09:48:21.960Z] Validating nodejs source
[warn] ⚠  functions: Runtime Node.js 20 will be deprecated on 2026-04-30 and will be decommissioned on 2026-10-30, after which you will not be able to deploy without upgrading. Consider upgrading now to avoid disruption. See https://cloud.google.com/functions/docs/runtime-support for full details on the lifecycle policy 
[warn] ⚠  functions: package.json indicates an outdated version of firebase-functions. Please upgrade using npm install --save firebase-functions@latest in your functions directory. 
[warn] ⚠  functions: Please note that there will be breaking changes when you upgrade. 
[debug] [2026-03-03T09:48:24.807Z] > [functions] package.json contents: {
  "name": "storecheck-functions",
  "private": true,
  "engines": {
    "node": "20"
  },
  "main": "lib/index.js",
  "scripts": {
    "build": "tsc",
    "clean": "rm -rf lib"
  },
  "dependencies": {
    "firebase-admin": "^12.0.0",
    "firebase-functions": "^5.0.0"
  },
  "devDependencies": {
    "typescript": "^5.6.3"
  }
}
[debug] [2026-03-03T09:48:24.807Z] Building nodejs source
[info] i  functions: Loading and analyzing source code for codebase default to determine what to deploy 
[debug] [2026-03-03T09:48:24.809Z] Could not find functions.yaml. Must use http discovery
[debug] [2026-03-03T09:48:24.843Z] Found firebase-functions binary at '/Users/majdinagi/Documents/StorePass/functions/node_modules/.bin/firebase-functions'
[info] Serving at port 8927

[debug] [2026-03-03T09:48:26.350Z] Got response from /__/functions.yaml {"endpoints":{"joinStoreByCode":{"availableMemoryMb":null,"timeoutSeconds":null,"minInstances":null,"maxInstances":null,"ingressSettings":null,"concurrency":null,"serviceAccountEmail":null,"vpc":null,"platform":"gcfv2","region":["us-central1"],"labels":{},"httpsTrigger":{},"entryPoint":"joinStoreByCode"},"rotateStoreCode":{"availableMemoryMb":null,"timeoutSeconds":null,"minInstances":null,"maxInstances":null,"ingressSettings":null,"concurrency":null,"serviceAccountEmail":null,"vpc":null,"platform":"gcfv2","region":["us-central1"],"labels":{},"httpsTrigger":{},"entryPoint":"rotateStoreCode"},"getStoreJoinCode":{"availableMemoryMb":null,"timeoutSeconds":null,"minInstances":null,"maxInstances":null,"ingressSettings":null,"concurrency":null,"serviceAccountEmail":null,"vpc":null,"platform":"gcfv2","region":["us-central1"],"labels":{},"httpsTrigger":{},"entryPoint":"getStoreJoinCode"},"setUserRole":{"availableMemoryMb":null,"timeoutSeconds":null,"minInstances":null,"maxInstances":null,"ingressSettings":null,"concurrency":null,"serviceAccountEmail":null,"vpc":null,"platform":"gcfv2","region":["us-central1"],"labels":{},"httpsTrigger":{},"entryPoint":"setUserRole"},"leaveStore":{"availableMemoryMb":null,"timeoutSeconds":null,"minInstances":null,"maxInstances":null,"ingressSettings":null,"concurrency":null,"serviceAccountEmail":null,"vpc":null,"platform":"gcfv2","region":["us-central1"],"labels":{},"callableTrigger":{},"entryPoint":"leaveStore"},"removeEmployeeFromStore":{"availableMemoryMb":null,"timeoutSeconds":null,"minInstances":null,"maxInstances":null,"ingressSettings":null,"concurrency":null,"serviceAccountEmail":null,"vpc":null,"platform":"gcfv2","region":["us-central1"],"labels":{},"callableTrigger":{},"entryPoint":"removeEmployeeFromStore"},"deleteMyAccount":{"availableMemoryMb":null,"timeoutSeconds":null,"minInstances":null,"maxInstances":null,"ingressSettings":null,"concurrency":null,"serviceAccountEmail":null,"vpc":null,"platform":"gcfv2","region":["us-central1"],"labels":{},"callableTrigger":{},"entryPoint":"deleteMyAccount"},"deleteManagerAccount":{"availableMemoryMb":null,"timeoutSeconds":null,"minInstances":null,"maxInstances":null,"ingressSettings":null,"concurrency":null,"serviceAccountEmail":null,"vpc":null,"platform":"gcfv2","region":["us-central1"],"labels":{},"callableTrigger":{},"entryPoint":"deleteManagerAccount"}},"specVersion":"v1alpha1","requiredAPIs":[],"extensions":{}}
[info] i  extensions: ensuring required API firebaseextensions.googleapis.com is enabled... 
[debug] [2026-03-03T09:48:30.449Z] > command requires scopes: ["email","openid","https://www.googleapis.com/auth/cloudplatformprojects.readonly","https://www.googleapis.com/auth/firebase","https://www.googleapis.com/auth/cloud-platform"]
[debug] [2026-03-03T09:48:30.450Z] > authorizing via signed-in user (majdinagi@gmail.com)
[debug] [2026-03-03T09:48:30.450Z] [iam] checking project storecheck-6fdc8 for permissions ["firebase.projects.get","firebaseextensions.instances.list"]
[debug] [2026-03-03T09:48:30.450Z] Checked if tokens are valid: true, expires at: 1772533097040
[debug] [2026-03-03T09:48:30.450Z] Checked if tokens are valid: true, expires at: 1772533097040
[debug] [2026-03-03T09:48:30.450Z] >>> [apiv2][query] POST https://cloudresourcemanager.googleapis.com/v1/projects/storecheck-6fdc8:testIamPermissions [none]
[debug] [2026-03-03T09:48:30.451Z] >>> [apiv2][(partial)header] POST https://cloudresourcemanager.googleapis.com/v1/projects/storecheck-6fdc8:testIamPermissions  x-goog-user-project=storecheck-6fdc8
[debug] [2026-03-03T09:48:30.451Z] >>> [apiv2][body] POST https://cloudresourcemanager.googleapis.com/v1/projects/storecheck-6fdc8:testIamPermissions {"permissions":["firebase.projects.get","firebaseextensions.instances.list"]}
[debug] [2026-03-03T09:48:30.677Z] <<< [apiv2][status] POST https://cloudresourcemanager.googleapis.com/v1/projects/storecheck-6fdc8:testIamPermissions 200
[debug] [2026-03-03T09:48:30.677Z] <<< [apiv2][body] POST https://cloudresourcemanager.googleapis.com/v1/projects/storecheck-6fdc8:testIamPermissions {"permissions":["firebase.projects.get","firebaseextensions.instances.list"]}
[debug] [2026-03-03T09:48:30.678Z] Checked if tokens are valid: true, expires at: 1772533097040
[debug] [2026-03-03T09:48:30.678Z] Checked if tokens are valid: true, expires at: 1772533097040
[debug] [2026-03-03T09:48:30.678Z] >>> [apiv2][query] GET https://firebaseextensions.googleapis.com/v1beta/projects/storecheck-6fdc8/instances pageSize=100&pageToken=
[debug] [2026-03-03T09:48:31.132Z] <<< [apiv2][status] GET https://firebaseextensions.googleapis.com/v1beta/projects/storecheck-6fdc8/instances 200
[debug] [2026-03-03T09:48:31.132Z] <<< [apiv2][body] GET https://firebaseextensions.googleapis.com/v1beta/projects/storecheck-6fdc8/instances {}
[info] i  functions: preparing functions directory for uploading... 
[info] i  functions: packaged /Users/majdinagi/Documents/StorePass/functions (53.6 KB) for uploading 
[debug] [2026-03-03T09:48:31.208Z] Checked if tokens are valid: true, expires at: 1772533097040
[debug] [2026-03-03T09:48:31.208Z] Checked if tokens are valid: true, expires at: 1772533097040
[debug] [2026-03-03T09:48:31.208Z] >>> [apiv2][query] GET https://cloudfunctions.googleapis.com/v1/projects/storecheck-6fdc8/locations/-/functions [none]
[debug] [2026-03-03T09:48:31.867Z] <<< [apiv2][status] GET https://cloudfunctions.googleapis.com/v1/projects/storecheck-6fdc8/locations/-/functions 200
[debug] [2026-03-03T09:48:31.867Z] <<< [apiv2][body] GET https://cloudfunctions.googleapis.com/v1/projects/storecheck-6fdc8/locations/-/functions {}
[debug] [2026-03-03T09:48:31.867Z] Checked if tokens are valid: true, expires at: 1772533097040
[debug] [2026-03-03T09:48:31.867Z] Checked if tokens are valid: true, expires at: 1772533097040
[debug] [2026-03-03T09:48:31.868Z] >>> [apiv2][query] GET https://cloudfunctions.googleapis.com/v2/projects/storecheck-6fdc8/locations/-/functions filter=environment%3D%22GEN_2%22
[debug] [2026-03-03T09:48:32.292Z] <<< [apiv2][status] GET https://cloudfunctions.googleapis.com/v2/projects/storecheck-6fdc8/locations/-/functions 200
[debug] [2026-03-03T09:48:32.293Z] <<< [apiv2][body] GET https://cloudfunctions.googleapis.com/v2/projects/storecheck-6fdc8/locations/-/functions {"functions":[{"name":"projects/storecheck-6fdc8/locations/us-central1/functions/removeEmployeeFromStore","buildConfig":{"build":"projects/90689794332/locations/us-central1/builds/2cc4d99d-2cc9-4616-b8c3-d406c22748e3","runtime":"nodejs20","entryPoint":"removeEmployeeFromStore","source":{"storageSource":{"bucket":"gcf-v2-sources-90689794332-us-central1","object":"removeEmployeeFromStore/function-source.zip","generation":"1772522904107137"}},"environmentVariables":{"GOOGLE_NODE_RUN_SCRIPTS":""},"dockerRepository":"projects/storecheck-6fdc8/locations/us-central1/repositories/gcf-artifacts","sourceProvenance":{"resolvedStorageSource":{"bucket":"gcf-v2-sources-90689794332-us-central1","object":"removeEmployeeFromStore/function-source.zip","generation":"1772522904107137"}},"dockerRegistry":"ARTIFACT_REGISTRY","serviceAccount":"projects/storecheck-6fdc8/serviceAccounts/90689794332-compute@developer.gserviceaccount.com","automaticUpdatePolicy":{}},"serviceConfig":{"service":"projects/storecheck-6fdc8/locations/us-central1/services/removeemployeefromstore","timeoutSeconds":60,"environmentVariables":{"FIREBASE_CONFIG":"{\"projectId\":\"storecheck-6fdc8\",\"storageBucket\":\"storecheck-6fdc8.firebasestorage.app\"}","GCLOUD_PROJECT":"storecheck-6fdc8","EVENTARC_CLOUD_EVENT_SOURCE":"projects/storecheck-6fdc8/locations/us-central1/services/removeEmployeeFromStore","FUNCTION_TARGET":"removeEmployeeFromStore","LOG_EXECUTION_ID":"true","FUNCTION_SIGNATURE_TYPE":"http"},"maxInstanceCount":20,"ingressSettings":"ALLOW_ALL","uri":"https://removeemployeefromstore-j27oidbnmq-uc.a.run.app","serviceAccountEmail":"90689794332-compute@developer.gserviceaccount.com","availableMemory":"256Mi","allTrafficOnLatestRevision":true,"revision":"removeemployeefromstore-00016-zap","maxInstanceRequestConcurrency":80,"availableCpu":"1"},"state":"ACTIVE","updateTime":"2026-03-03T07:29:29.821952069Z","labels":{"deployment-tool":"cli-firebase","deployment-callable":"true","firebase-functions-hash":"332b57c40de031c24d04cf54ac79efd55db287b1"},"environment":"GEN_2","url":"https://us-central1-storecheck-6fdc8.cloudfunctions.net/removeEmployeeFromStore","createTime":"2026-02-23T05:41:47.060613891Z","satisfiesPzi":true},{"name":"projects/storecheck-6fdc8/locations/us-central1/functions/setUserRole","buildConfig":{"build":"projects/90689794332/locations/us-central1/builds/ab940dbd-52ad-4b1a-aaa3-15170df50412","runtime":"nodejs20","entryPoint":"setUserRole","source":{"storageSource":{"bucket":"gcf-v2-sources-90689794332-us-central1","object":"setUserRole/function-source.zip","generation":"1772263417816013"}},"environmentVariables":{"GOOGLE_NODE_RUN_SCRIPTS":""},"dockerRepository":"projects/storecheck-6fdc8/locations/us-central1/repositories/gcf-artifacts","sourceProvenance":{"resolvedStorageSource":{"bucket":"gcf-v2-sources-90689794332-us-central1","object":"setUserRole/function-source.zip","generation":"1772263417816013"}},"dockerRegistry":"ARTIFACT_REGISTRY","serviceAccount":"projects/storecheck-6fdc8/serviceAccounts/90689794332-compute@developer.gserviceaccount.com","automaticUpdatePolicy":{}},"serviceConfig":{"service":"projects/storecheck-6fdc8/locations/us-central1/services/setuserrole","timeoutSeconds":60,"environmentVariables":{"FIREBASE_CONFIG":"{\"projectId\":\"storecheck-6fdc8\",\"storageBucket\":\"storecheck-6fdc8.firebasestorage.app\"}","GCLOUD_PROJECT":"storecheck-6fdc8","EVENTARC_CLOUD_EVENT_SOURCE":"projects/storecheck-6fdc8/locations/us-central1/services/setUserRole","FUNCTION_TARGET":"setUserRole","LOG_EXECUTION_ID":"true","FUNCTION_SIGNATURE_TYPE":"http"},"maxInstanceCount":20,"ingressSettings":"ALLOW_ALL","uri":"https://setuserrole-j27oidbnmq-uc.a.run.app","serviceAccountEmail":"90689794332-compute@developer.gserviceaccount.com","availableMemory":"256Mi","allTrafficOnLatestRevision":true,"revision":"setuserrole-00016-taf","maxInstanceRequestConcurrency":80,"availableCpu":"1"},"state":"ACTIVE","updateTime":"2026-02-28T07:23:44.599205315Z","labels":{"deployment-tool":"cli-firebase","firebase-functions-hash":"7f4e72ce02ba04833950df5461fc7f1975655136"},"environment":"GEN_2","url":"https://us-central1-storecheck-6fdc8.cloudfunctions.net/setUserRole","createTime":"2026-02-21T11:06:20.192140171Z","satisfiesPzi":true},{"name":"projects/storecheck-6fdc8/locations/us-central1/functions/leaveStore","buildConfig":{"build":"projects/90689794332/locations/us-central1/builds/ab940dbd-52ad-4b1a-aaa3-15170df50412","runtime":"nodejs20","entryPoint":"leaveStore","source":{"storageSource":{"bucket":"gcf-v2-sources-90689794332-us-central1","object":"leaveStore/function-source.zip","generation":"1772263417824500"}},"environmentVariables":{"GOOGLE_NODE_RUN_SCRIPTS":""},"dockerRepository":"projects/storecheck-6fdc8/locations/us-central1/repositories/gcf-artifacts","sourceProvenance":{"resolvedStorageSource":{"bucket":"gcf-v2-sources-90689794332-us-central1","object":"leaveStore/function-source.zip","generation":"1772263417824500"}},"dockerRegistry":"ARTIFACT_REGISTRY","serviceAccount":"projects/storecheck-6fdc8/serviceAccounts/90689794332-compute@developer.gserviceaccount.com","automaticUpdatePolicy":{}},"serviceConfig":{"service":"projects/storecheck-6fdc8/locations/us-central1/services/leavestore","timeoutSeconds":60,"environmentVariables":{"FIREBASE_CONFIG":"{\"projectId\":\"storecheck-6fdc8\",\"storageBucket\":\"storecheck-6fdc8.firebasestorage.app\"}","GCLOUD_PROJECT":"storecheck-6fdc8","EVENTARC_CLOUD_EVENT_SOURCE":"projects/storecheck-6fdc8/locations/us-central1/services/leaveStore","FUNCTION_TARGET":"leaveStore","LOG_EXECUTION_ID":"true","FUNCTION_SIGNATURE_TYPE":"http"},"maxInstanceCount":20,"ingressSettings":"ALLOW_ALL","uri":"https://leavestore-j27oidbnmq-uc.a.run.app","serviceAccountEmail":"90689794332-compute@developer.gserviceaccount.com","availableMemory":"256Mi","allTrafficOnLatestRevision":true,"revision":"leavestore-00015-zab","maxInstanceRequestConcurrency":80,"availableCpu":"1"},"state":"ACTIVE","updateTime":"2026-02-28T07:23:44.649181091Z","labels":{"deployment-tool":"cli-firebase","deployment-callable":"true","firebase-functions-hash":"7f4e72ce02ba04833950df5461fc7f1975655136"},"environment":"GEN_2","url":"https://us-central1-storecheck-6fdc8.cloudfunctions.net/leaveStore","createTime":"2026-02-23T05:40:48.214301519Z","satisfiesPzi":true},{"name":"projects/storecheck-6fdc8/locations/us-central1/functions/getStoreJoinCode","buildConfig":{"build":"projects/90689794332/locations/us-central1/builds/ab940dbd-52ad-4b1a-aaa3-15170df50412","runtime":"nodejs20","entryPoint":"getStoreJoinCode","source":{"storageSource":{"bucket":"gcf-v2-sources-90689794332-us-central1","object":"getStoreJoinCode/function-source.zip","generation":"1772263417763121"}},"environmentVariables":{"GOOGLE_NODE_RUN_SCRIPTS":""},"dockerRepository":"projects/storecheck-6fdc8/locations/us-central1/repositories/gcf-artifacts","sourceProvenance":{"resolvedStorageSource":{"bucket":"gcf-v2-sources-90689794332-us-central1","object":"getStoreJoinCode/function-source.zip","generation":"1772263417763121"}},"dockerRegistry":"ARTIFACT_REGISTRY","serviceAccount":"projects/storecheck-6fdc8/serviceAccounts/90689794332-compute@developer.gserviceaccount.com","automaticUpdatePolicy":{}},"serviceConfig":{"service":"projects/storecheck-6fdc8/locations/us-central1/services/getstorejoincode","timeoutSeconds":60,"environmentVariables":{"FIREBASE_CONFIG":"{\"projectId\":\"storecheck-6fdc8\",\"storageBucket\":\"storecheck-6fdc8.firebasestorage.app\"}","GCLOUD_PROJECT":"storecheck-6fdc8","EVENTARC_CLOUD_EVENT_SOURCE":"projects/storecheck-6fdc8/locations/us-central1/services/getStoreJoinCode","FUNCTION_TARGET":"getStoreJoinCode","LOG_EXECUTION_ID":"true","FUNCTION_SIGNATURE_TYPE":"http"},"maxInstanceCount":20,"ingressSettings":"ALLOW_ALL","uri":"https://getstorejoincode-j27oidbnmq-uc.a.run.app","serviceAccountEmail":"90689794332-compute@developer.gserviceaccount.com","availableMemory":"256Mi","allTrafficOnLatestRevision":true,"revision":"getstorejoincode-00017-dis","maxInstanceRequestConcurrency":80,"availableCpu":"1"},"state":"ACTIVE","updateTime":"2026-02-28T07:23:43.861439293Z","labels":{"deployment-tool":"cli-firebase","firebase-functions-hash":"7f4e72ce02ba04833950df5461fc7f1975655136"},"environment":"GEN_2","url":"https://us-central1-storecheck-6fdc8.cloudfunctions.net/getStoreJoinCode","createTime":"2026-02-21T08:13:03.293631242Z","satisfiesPzi":true},{"name":"projects/storecheck-6fdc8/locations/us-central1/functions/joinStoreByCode","buildConfig":{"build":"projects/90689794332/locations/us-central1/builds/ab940dbd-52ad-4b1a-aaa3-15170df50412","runtime":"nodejs20","entryPoint":"joinStoreByCode","source":{"storageSource":{"bucket":"gcf-v2-sources-90689794332-us-central1","object":"joinStoreByCode/function-source.zip","generation":"1772263368586471"}},"environmentVariables":{"GOOGLE_NODE_RUN_SCRIPTS":""},"dockerRepository":"projects/storecheck-6fdc8/locations/us-central1/repositories/gcf-artifacts","sourceProvenance":{"resolvedStorageSource":{"bucket":"gcf-v2-sources-90689794332-us-central1","object":"joinStoreByCode/function-source.zip","generation":"1772263368586471"}},"dockerRegistry":"ARTIFACT_REGISTRY","serviceAccount":"projects/storecheck-6fdc8/serviceAccounts/90689794332-compute@developer.gserviceaccount.com","automaticUpdatePolicy":{}},"serviceConfig":{"service":"projects/storecheck-6fdc8/locations/us-central1/services/joinstorebycode","timeoutSeconds":60,"environmentVariables":{"FIREBASE_CONFIG":"{\"projectId\":\"storecheck-6fdc8\",\"storageBucket\":\"storecheck-6fdc8.firebasestorage.app\"}","GCLOUD_PROJECT":"storecheck-6fdc8","EVENTARC_CLOUD_EVENT_SOURCE":"projects/storecheck-6fdc8/locations/us-central1/services/joinStoreByCode","FUNCTION_TARGET":"joinStoreByCode","LOG_EXECUTION_ID":"true","FUNCTION_SIGNATURE_TYPE":"http"},"maxInstanceCount":20,"ingressSettings":"ALLOW_ALL","uri":"https://joinstorebycode-j27oidbnmq-uc.a.run.app","serviceAccountEmail":"90689794332-compute@developer.gserviceaccount.com","availableMemory":"256Mi","allTrafficOnLatestRevision":true,"revision":"joinstorebycode-00017-ven","maxInstanceRequestConcurrency":80,"availableCpu":"1"},"state":"ACTIVE","updateTime":"2026-02-28T07:23:43.039840165Z","labels":{"deployment-tool":"cli-firebase","firebase-functions-hash":"7f4e72ce02ba04833950df5461fc7f1975655136"},"environment":"GEN_2","url":"https://us-central1-storecheck-6fdc8.cloudfunctions.net/joinStoreByCode","createTime":"2026-02-21T08:11:42.922325284Z","satisfiesPzi":true},{"name":"projects/storecheck-6fdc8/locations/us-central1/functions/rotateStoreCode","buildConfig":{"build":"projects/90689794332/locations/us-central1/builds/ab940dbd-52ad-4b1a-aaa3-15170df50412","runtime":"nodejs20","entryPoint":"rotateStoreCode","source":{"storageSource":{"bucket":"gcf-v2-sources-90689794332-us-central1","object":"rotateStoreCode/function-source.zip","generation":"1772263417811668"}},"environmentVariables":{"GOOGLE_NODE_RUN_SCRIPTS":""},"dockerRepository":"projects/storecheck-6fdc8/locations/us-central1/repositories/gcf-artifacts","sourceProvenance":{"resolvedStorageSource":{"bucket":"gcf-v2-sources-90689794332-us-central1","object":"rotateStoreCode/function-source.zip","generation":"1772263417811668"}},"dockerRegistry":"ARTIFACT_REGISTRY","serviceAccount":"projects/storecheck-6fdc8/serviceAccounts/90689794332-compute@developer.gserviceaccount.com","automaticUpdatePolicy":{}},"serviceConfig":{"service":"projects/storecheck-6fdc8/locations/us-central1/services/rotatestorecode","timeoutSeconds":60,"environmentVariables":{"FIREBASE_CONFIG":"{\"projectId\":\"storecheck-6fdc8\",\"storageBucket\":\"storecheck-6fdc8.firebasestorage.app\"}","GCLOUD_PROJECT":"storecheck-6fdc8","EVENTARC_CLOUD_EVENT_SOURCE":"projects/storecheck-6fdc8/locations/us-central1/services/rotateStoreCode","FUNCTION_TARGET":"rotateStoreCode","LOG_EXECUTION_ID":"true","FUNCTION_SIGNATURE_TYPE":"http"},"maxInstanceCount":20,"ingressSettings":"ALLOW_ALL","uri":"https://rotatestorecode-j27oidbnmq-uc.a.run.app","serviceAccountEmail":"90689794332-compute@developer.gserviceaccount.com","availableMemory":"256Mi","allTrafficOnLatestRevision":true,"revision":"rotatestorecode-00017-dar","maxInstanceRequestConcurrency":80,"availableCpu":"1"},"state":"ACTIVE","updateTime":"2026-02-28T07:23:44.207451773Z","labels":{"deployment-tool":"cli-firebase","firebase-functions-hash":"7f4e72ce02ba04833950df5461fc7f1975655136"},"environment":"GEN_2","url":"https://us-central1-storecheck-6fdc8.cloudfunctions.net/rotateStoreCode","createTime":"2026-02-21T08:13:03.268694037Z","satisfiesPzi":true},{"name":"projects/storecheck-6fdc8/locations/us-central1/functions/deleteManagerAccount","buildConfig":{"build":"projects/90689794332/locations/us-central1/builds/ab940dbd-52ad-4b1a-aaa3-15170df50412","runtime":"nodejs20","entryPoint":"deleteManagerAccount","source":{"storageSource":{"bucket":"gcf-v2-sources-90689794332-us-central1","object":"deleteManagerAccount/function-source.zip","generation":"1772263417823838"}},"environmentVariables":{"GOOGLE_NODE_RUN_SCRIPTS":""},"dockerRepository":"projects/storecheck-6fdc8/locations/us-central1/repositories/gcf-artifacts","sourceProvenance":{"resolvedStorageSource":{"bucket":"gcf-v2-sources-90689794332-us-central1","object":"deleteManagerAccount/function-source.zip","generation":"1772263417823838"}},"dockerRegistry":"ARTIFACT_REGISTRY","serviceAccount":"projects/storecheck-6fdc8/serviceAccounts/90689794332-compute@developer.gserviceaccount.com","automaticUpdatePolicy":{}},"serviceConfig":{"service":"projects/storecheck-6fdc8/locations/us-central1/services/deletemanageraccount","timeoutSeconds":60,"environmentVariables":{"FIREBASE_CONFIG":"{\"projectId\":\"storecheck-6fdc8\",\"storageBucket\":\"storecheck-6fdc8.firebasestorage.app\"}","GCLOUD_PROJECT":"storecheck-6fdc8","EVENTARC_CLOUD_EVENT_SOURCE":"projects/storecheck-6fdc8/locations/us-central1/services/deleteManagerAccount","FUNCTION_TARGET":"deleteManagerAccount","LOG_EXECUTION_ID":"true","FUNCTION_SIGNATURE_TYPE":"http"},"maxInstanceCount":20,"ingressSettings":"ALLOW_ALL","uri":"https://deletemanageraccount-j27oidbnmq-uc.a.run.app","serviceAccountEmail":"90689794332-compute@developer.gserviceaccount.com","availableMemory":"256Mi","allTrafficOnLatestRevision":true,"revision":"deletemanageraccount-00014-luw","maxInstanceRequestConcurrency":80,"availableCpu":"1"},"state":"ACTIVE","updateTime":"2026-02-28T07:23:44.356336178Z","labels":{"deployment-callable":"true","firebase-functions-hash":"7f4e72ce02ba04833950df5461fc7f1975655136","deployment-tool":"cli-firebase"},"environment":"GEN_2","url":"https://us-central1-storecheck-6fdc8.cloudfunctions.net/deleteManagerAccount","createTime":"2026-02-23T07:47:40.483842158Z","satisfiesPzi":true},{"name":"projects/storecheck-6fdc8/locations/us-central1/functions/deleteMyAccount","buildConfig":{"build":"projects/90689794332/locations/us-central1/builds/e0ec934c-b570-4297-ac05-ca135795d52a","runtime":"nodejs20","entryPoint":"deleteMyAccount","source":{"storageSource":{"bucket":"gcf-v2-sources-90689794332-us-central1","object":"deleteMyAccount/function-source.zip","generation":"1772529511125726"}},"environmentVariables":{"GOOGLE_NODE_RUN_SCRIPTS":""},"dockerRepository":"projects/storecheck-6fdc8/locations/us-central1/repositories/gcf-artifacts","sourceProvenance":{"resolvedStorageSource":{"bucket":"gcf-v2-sources-90689794332-us-central1","object":"deleteMyAccount/function-source.zip","generation":"1772529511125726"}},"dockerRegistry":"ARTIFACT_REGISTRY","serviceAccount":"projects/storecheck-6fdc8/serviceAccounts/90689794332-compute@developer.gserviceaccount.com","automaticUpdatePolicy":{}},"serviceConfig":{"service":"projects/storecheck-6fdc8/locations/us-central1/services/deletemyaccount","timeoutSeconds":60,"environmentVariables":{"FIREBASE_CONFIG":"{\"projectId\":\"storecheck-6fdc8\",\"storageBucket\":\"storecheck-6fdc8.firebasestorage.app\"}","GCLOUD_PROJECT":"storecheck-6fdc8","EVENTARC_CLOUD_EVENT_SOURCE":"projects/storecheck-6fdc8/locations/us-central1/services/deleteMyAccount","FUNCTION_TARGET":"deleteMyAccount","LOG_EXECUTION_ID":"true","FUNCTION_SIGNATURE_TYPE":"http"},"maxInstanceCount":20,"ingressSettings":"ALLOW_ALL","uri":"https://deletemyaccount-j27oidbnmq-uc.a.run.app","serviceAccountEmail":"90689794332-compute@developer.gserviceaccount.com","availableMemory":"256Mi","allTrafficOnLatestRevision":true,"revision":"deletemyaccount-00015-ceg","maxInstanceRequestConcurrency":80,"availableCpu":"1"},"state":"ACTIVE","updateTime":"2026-03-03T09:19:46.652142171Z","labels":{"deployment-tool":"cli-firebase","deployment-callable":"true","firebase-functions-hash":"b578a229e7fd0db6c6df2c2ba1bec45d58061560"},"environment":"GEN_2","url":"https://us-central1-storecheck-6fdc8.cloudfunctions.net/deleteMyAccount","createTime":"2026-02-23T08:59:00.455214369Z","satisfiesPzi":true}]}
[info] i  functions: ensuring required API run.googleapis.com is enabled... 
[info] i  functions: ensuring required API eventarc.googleapis.com is enabled... 
[info] i  functions: ensuring required API pubsub.googleapis.com is enabled... 
[info] i  functions: ensuring required API storage.googleapis.com is enabled... 
[info] i  functions: generating the service identity for pubsub.googleapis.com... 
[debug] [2026-03-03T09:48:32.299Z] Checked if tokens are valid: true, expires at: 1772533097040
[debug] [2026-03-03T09:48:32.299Z] Checked if tokens are valid: true, expires at: 1772533097040
[info] i  functions: generating the service identity for eventarc.googleapis.com... 
[debug] [2026-03-03T09:48:32.299Z] Checked if tokens are valid: true, expires at: 1772533097040
[debug] [2026-03-03T09:48:32.299Z] Checked if tokens are valid: true, expires at: 1772533097040
[debug] [2026-03-03T09:48:32.300Z] >>> [apiv2][query] POST https://serviceusage.googleapis.com/v1beta1/projects/90689794332/services/pubsub.googleapis.com:generateServiceIdentity [none]
[debug] [2026-03-03T09:48:32.300Z] >>> [apiv2][(partial)header] POST https://serviceusage.googleapis.com/v1beta1/projects/90689794332/services/pubsub.googleapis.com:generateServiceIdentity  x-goog-user-project=90689794332
[debug] [2026-03-03T09:48:32.300Z] >>> [apiv2][body] POST https://serviceusage.googleapis.com/v1beta1/projects/90689794332/services/pubsub.googleapis.com:generateServiceIdentity {}
[debug] [2026-03-03T09:48:32.302Z] >>> [apiv2][query] POST https://serviceusage.googleapis.com/v1beta1/projects/90689794332/services/eventarc.googleapis.com:generateServiceIdentity [none]
[debug] [2026-03-03T09:48:32.302Z] >>> [apiv2][(partial)header] POST https://serviceusage.googleapis.com/v1beta1/projects/90689794332/services/eventarc.googleapis.com:generateServiceIdentity  x-goog-user-project=90689794332
[debug] [2026-03-03T09:48:32.302Z] >>> [apiv2][body] POST https://serviceusage.googleapis.com/v1beta1/projects/90689794332/services/eventarc.googleapis.com:generateServiceIdentity {}
[debug] [2026-03-03T09:48:32.775Z] <<< [apiv2][status] POST https://serviceusage.googleapis.com/v1beta1/projects/90689794332/services/eventarc.googleapis.com:generateServiceIdentity 200
[debug] [2026-03-03T09:48:32.775Z] <<< [apiv2][body] POST https://serviceusage.googleapis.com/v1beta1/projects/90689794332/services/eventarc.googleapis.com:generateServiceIdentity {"name":"operations/finished.DONE_OPERATION","done":true,"response":{"@type":"type.googleapis.com/google.api.serviceusage.v1beta1.ServiceIdentity","email":"service-90689794332@gcp-sa-eventarc.iam.gserviceaccount.com","uniqueId":"108774278062214052811"}}
[debug] [2026-03-03T09:48:32.803Z] <<< [apiv2][status] POST https://serviceusage.googleapis.com/v1beta1/projects/90689794332/services/pubsub.googleapis.com:generateServiceIdentity 200
[debug] [2026-03-03T09:48:32.804Z] <<< [apiv2][body] POST https://serviceusage.googleapis.com/v1beta1/projects/90689794332/services/pubsub.googleapis.com:generateServiceIdentity {"name":"operations/finished.DONE_OPERATION","done":true,"response":{"@type":"type.googleapis.com/google.api.serviceusage.v1beta1.ServiceIdentity","email":"service-90689794332@gcp-sa-pubsub.iam.gserviceaccount.com","uniqueId":"103262922897180099960"}}
[debug] [2026-03-03T09:48:32.806Z] Checked if tokens are valid: true, expires at: 1772533097040
[debug] [2026-03-03T09:48:32.806Z] Checked if tokens are valid: true, expires at: 1772533097040
[debug] [2026-03-03T09:48:32.807Z] >>> [apiv2][query] GET https://cloudresourcemanager.googleapis.com/v1/projects/storecheck-6fdc8 [none]
[debug] [2026-03-03T09:48:32.936Z] <<< [apiv2][status] GET https://cloudresourcemanager.googleapis.com/v1/projects/storecheck-6fdc8 200
[debug] [2026-03-03T09:48:32.936Z] <<< [apiv2][body] GET https://cloudresourcemanager.googleapis.com/v1/projects/storecheck-6fdc8 {"projectNumber":"90689794332","projectId":"storecheck-6fdc8","lifecycleState":"ACTIVE","name":"storeCheck","labels":{"firebase":"enabled","firebase-core":"disabled"},"createTime":"2026-02-15T05:45:59.234728Z"}
[debug] [2026-03-03T09:48:32.937Z] Checked if tokens are valid: true, expires at: 1772533097040
[debug] [2026-03-03T09:48:32.937Z] Checked if tokens are valid: true, expires at: 1772533097040
[debug] [2026-03-03T09:48:32.937Z] >>> [apiv2][query] GET https://compute.googleapis.com/compute/v1/projects/90689794332 [none]
[debug] [2026-03-03T09:48:33.225Z] <<< [apiv2][status] GET https://compute.googleapis.com/compute/v1/projects/90689794332 403
[debug] [2026-03-03T09:48:33.225Z] <<< [apiv2][body] GET https://compute.googleapis.com/compute/v1/projects/90689794332 {"error":{"code":403,"message":"Compute Engine API has not been used in project 90689794332 before or it is disabled. Enable it by visiting https://console.developers.google.com/apis/api/compute.googleapis.com/overview?project=90689794332 then retry. If you enabled this API recently, wait a few minutes for the action to propagate to our systems and retry.","errors":[{"message":"Compute Engine API has not been used in project 90689794332 before or it is disabled. Enable it by visiting https://console.developers.google.com/apis/api/compute.googleapis.com/overview?project=90689794332 then retry. If you enabled this API recently, wait a few minutes for the action to propagate to our systems and retry.","domain":"usageLimits","reason":"accessNotConfigured","extendedHelp":"https://console.developers.google.com"}],"status":"PERMISSION_DENIED","details":[{"@type":"type.googleapis.com/google.rpc.ErrorInfo","reason":"SERVICE_DISABLED","domain":"googleapis.com","metadata":{"activationUrl":"https://console.developers.google.com/apis/api/compute.googleapis.com/overview?project=90689794332","serviceTitle":"Compute Engine API","consumer":"projects/90689794332","containerInfo":"90689794332","service":"compute.googleapis.com"}},{"@type":"type.googleapis.com/google.rpc.LocalizedMessage","locale":"en-US","message":"Compute Engine API has not been used in project 90689794332 before or it is disabled. Enable it by visiting https://console.developers.google.com/apis/api/compute.googleapis.com/overview?project=90689794332 then retry. If you enabled this API recently, wait a few minutes for the action to propagate to our systems and retry."},{"@type":"type.googleapis.com/google.rpc.Help","links":[{"description":"Google developers console API activation","url":"https://console.developers.google.com/apis/api/compute.googleapis.com/overview?project=90689794332"}]}]}}
[debug] [2026-03-03T09:48:33.226Z] unable to look up default compute service account. Falling back to 90689794332-compute@developer.gserviceaccount.com. Error: {"name":"FirebaseError","children":[],"context":{"body":{"error":{"code":403,"message":"Compute Engine API has not been used in project 90689794332 before or it is disabled. Enable it by visiting https://console.developers.google.com/apis/api/compute.googleapis.com/overview?project=90689794332 then retry. If you enabled this API recently, wait a few minutes for the action to propagate to our systems and retry.","errors":[{"message":"Compute Engine API has not been used in project 90689794332 before or it is disabled. Enable it by visiting https://console.developers.google.com/apis/api/compute.googleapis.com/overview?project=90689794332 then retry. If you enabled this API recently, wait a few minutes for the action to propagate to our systems and retry.","domain":"usageLimits","reason":"accessNotConfigured","extendedHelp":"https://console.developers.google.com"}],"status":"PERMISSION_DENIED","details":[{"@type":"type.googleapis.com/google.rpc.ErrorInfo","reason":"SERVICE_DISABLED","domain":"googleapis.com","metadata":{"activationUrl":"https://console.developers.google.com/apis/api/compute.googleapis.com/overview?project=90689794332","serviceTitle":"Compute Engine API","consumer":"projects/90689794332","containerInfo":"90689794332","service":"compute.googleapis.com"}},{"@type":"type.googleapis.com/google.rpc.LocalizedMessage","locale":"en-US","message":"Compute Engine API has not been used in project 90689794332 before or it is disabled. Enable it by visiting https://console.developers.google.com/apis/api/compute.googleapis.com/overview?project=90689794332 then retry. If you enabled this API recently, wait a few minutes for the action to propagate to our systems and retry."},{"@type":"type.googleapis.com/google.rpc.Help","links":[{"description":"Google developers console API activation","url":"https://console.developers.google.com/apis/api/compute.googleapis.com/overview?project=90689794332"}]}]}},"response":{"statusCode":403}},"exit":1,"message":"Request to https://compute.googleapis.com/compute/v1/projects/90689794332 had HTTP Error: 403, Compute Engine API has not been used in project 90689794332 before or it is disabled. Enable it by visiting https://console.developers.google.com/apis/api/compute.googleapis.com/overview?project=90689794332 then retry. If you enabled this API recently, wait a few minutes for the action to propagate to our systems and retry.","status":403}
[debug] [2026-03-03T09:48:33.228Z] Checked if tokens are valid: true, expires at: 1772533097040
[debug] [2026-03-03T09:48:33.228Z] Checked if tokens are valid: true, expires at: 1772533097040
[debug] [2026-03-03T09:48:33.228Z] >>> [apiv2][query] GET https://cloudbilling.googleapis.com/v1/projects/storecheck-6fdc8/billingInfo [none]
[debug] [2026-03-03T09:48:33.470Z] <<< [apiv2][status] GET https://cloudbilling.googleapis.com/v1/projects/storecheck-6fdc8/billingInfo 200
[debug] [2026-03-03T09:48:33.470Z] <<< [apiv2][body] GET https://cloudbilling.googleapis.com/v1/projects/storecheck-6fdc8/billingInfo {"name":"projects/storecheck-6fdc8/billingInfo","projectId":"storecheck-6fdc8","billingAccountName":"billingAccounts/015FE0-FED1C1-4DD237","billingEnabled":true}
[debug] [2026-03-03T09:48:33.472Z] Checked if tokens are valid: true, expires at: 1772533097040
[debug] [2026-03-03T09:48:33.472Z] Checked if tokens are valid: true, expires at: 1772533097040
[debug] [2026-03-03T09:48:33.472Z] >>> [apiv2][query] POST https://cloudfunctions.googleapis.com/v2/projects/storecheck-6fdc8/locations/us-central1/functions:generateUploadUrl [none]
[debug] [2026-03-03T09:48:33.775Z] <<< [apiv2][status] POST https://cloudfunctions.googleapis.com/v2/projects/storecheck-6fdc8/locations/us-central1/functions:generateUploadUrl 200
[debug] [2026-03-03T09:48:33.775Z] <<< [apiv2][body] POST https://cloudfunctions.googleapis.com/v2/projects/storecheck-6fdc8/locations/us-central1/functions:generateUploadUrl {"uploadUrl":"https://storage.googleapis.com/gcf-v2-uploads-90689794332.us-central1.cloudfunctions.appspot.com/2254c31c-b44c-4ffe-b138-6621520af2e7.zip?GoogleAccessId=service-90689794332@gcf-admin-robot.iam.gserviceaccount.com&Expires=1772533113&Signature=vrLrl%2BzB1%2BtRYxlsniPK8q29Ptcq%2BCknnyciFtz%2BFRco1o7bBJsN72048KPl4c0guf4gfbE9RRwk4vkB5VqgBtJUOw7QC4y057BHoc8ln%2Fh2YteE%2FLtJ2nFOCnnOgiHNZUgRY%2FGC0or0fxyfYq7eQzDlpma2d4O91PRFxqZaY8ijkFNCrSIacR864G88e89Jc%2Fg2RKmIoRT10W6LQhXlPVN0D0P7fhgqkhMmuH1PyWgMWxWJfhmxW0%2BrSgCeszWJXnZZ5il8enPu3ytVMLC%2FIj4rdUPdF9iXwRrq8WGb8%2FQ0AtZF9LlSF%2FW5ooVIQzXsdLLkCSoReTkfA1Y5vpikZQ%3D%3D","storageSource":{"bucket":"gcf-v2-uploads-90689794332.us-central1.cloudfunctions.appspot.com","object":"2254c31c-b44c-4ffe-b138-6621520af2e7.zip"}}
[debug] [2026-03-03T09:48:33.776Z] >>> [apiv2][query] PUT https://storage.googleapis.com/gcf-v2-uploads-90689794332.us-central1.cloudfunctions.appspot.com/2254c31c-b44c-4ffe-b138-6621520af2e7.zip GoogleAccessId=service-90689794332%40gcf-admin-robot.iam.gserviceaccount.com&Expires=1772533113&Signature=vrLrl%2BzB1%2BtRYxlsniPK8q29Ptcq%2BCknnyciFtz%2BFRco1o7bBJsN72048KPl4c0guf4gfbE9RRwk4vkB5VqgBtJUOw7QC4y057BHoc8ln%2Fh2YteE%2FLtJ2nFOCnnOgiHNZUgRY%2FGC0or0fxyfYq7eQzDlpma2d4O91PRFxqZaY8ijkFNCrSIacR864G88e89Jc%2Fg2RKmIoRT10W6LQhXlPVN0D0P7fhgqkhMmuH1PyWgMWxWJfhmxW0%2BrSgCeszWJXnZZ5il8enPu3ytVMLC%2FIj4rdUPdF9iXwRrq8WGb8%2FQ0AtZF9LlSF%2FW5ooVIQzXsdLLkCSoReTkfA1Y5vpikZQ%3D%3D
[debug] [2026-03-03T09:48:33.776Z] >>> [apiv2][body] PUT https://storage.googleapis.com/gcf-v2-uploads-90689794332.us-central1.cloudfunctions.appspot.com/2254c31c-b44c-4ffe-b138-6621520af2e7.zip [stream]
[debug] [2026-03-03T09:48:34.141Z] <<< [apiv2][status] PUT https://storage.googleapis.com/gcf-v2-uploads-90689794332.us-central1.cloudfunctions.appspot.com/2254c31c-b44c-4ffe-b138-6621520af2e7.zip 200
[debug] [2026-03-03T09:48:34.142Z] <<< [apiv2][body] PUT https://storage.googleapis.com/gcf-v2-uploads-90689794332.us-central1.cloudfunctions.appspot.com/2254c31c-b44c-4ffe-b138-6621520af2e7.zip [omitted]
[info] ✔  functions: functions source uploaded successfully 
[info] i  functions: updating Node.js 20 (2nd Gen) function deleteMyAccount(us-central1)... 
[debug] [2026-03-03T09:48:34.148Z] Checked if tokens are valid: true, expires at: 1772533097040
[debug] [2026-03-03T09:48:34.148Z] Checked if tokens are valid: true, expires at: 1772533097040
[debug] [2026-03-03T09:48:34.148Z] >>> [apiv2][query] PATCH https://cloudfunctions.googleapis.com/v2/projects/storecheck-6fdc8/locations/us-central1/functions/deleteMyAccount updateMask=name%2CbuildConfig.runtime%2CbuildConfig.entryPoint%2CbuildConfig.source.storageSource.bucket%2CbuildConfig.source.storageSource.object%2CbuildConfig.environmentVariables%2CbuildConfig.sourceToken%2CserviceConfig.environmentVariables%2CserviceConfig.ingressSettings%2CserviceConfig.timeoutSeconds%2CserviceConfig.serviceAccountEmail%2CserviceConfig.availableMemory%2CserviceConfig.minInstanceCount%2CserviceConfig.maxInstanceCount%2CserviceConfig.maxInstanceRequestConcurrency%2CserviceConfig.availableCpu%2CserviceConfig.vpcConnector%2CserviceConfig.vpcConnectorEgressSettings%2Clabels
[debug] [2026-03-03T09:48:34.149Z] >>> [apiv2][body] PATCH https://cloudfunctions.googleapis.com/v2/projects/storecheck-6fdc8/locations/us-central1/functions/deleteMyAccount {"name":"projects/storecheck-6fdc8/locations/us-central1/functions/deleteMyAccount","buildConfig":{"runtime":"nodejs20","entryPoint":"deleteMyAccount","source":{"storageSource":{"bucket":"gcf-v2-uploads-90689794332.us-central1.cloudfunctions.appspot.com","object":"2254c31c-b44c-4ffe-b138-6621520af2e7.zip"}},"environmentVariables":{"GOOGLE_NODE_RUN_SCRIPTS":""}},"serviceConfig":{"environmentVariables":{"FIREBASE_CONFIG":"{\"projectId\":\"storecheck-6fdc8\",\"storageBucket\":\"storecheck-6fdc8.firebasestorage.app\"}","GCLOUD_PROJECT":"storecheck-6fdc8","EVENTARC_CLOUD_EVENT_SOURCE":"projects/storecheck-6fdc8/locations/us-central1/services/deleteMyAccount","FUNCTION_TARGET":"deleteMyAccount","LOG_EXECUTION_ID":"true","FUNCTION_SIGNATURE_TYPE":"http"},"ingressSettings":null,"timeoutSeconds":null,"serviceAccountEmail":null,"availableMemory":"256Mi","minInstanceCount":null,"maxInstanceCount":null,"maxInstanceRequestConcurrency":80,"availableCpu":"1","vpcConnector":null,"vpcConnectorEgressSettings":null},"labels":{"deployment-tool":"cli-firebase","deployment-callable":"true","firebase-functions-hash":"aea945ffcdbaab145c221836a9d609ac84729aa0"}}
[debug] [2026-03-03T09:48:35.216Z] <<< [apiv2][status] PATCH https://cloudfunctions.googleapis.com/v2/projects/storecheck-6fdc8/locations/us-central1/functions/deleteMyAccount 200
[debug] [2026-03-03T09:48:35.216Z] <<< [apiv2][body] PATCH https://cloudfunctions.googleapis.com/v2/projects/storecheck-6fdc8/locations/us-central1/functions/deleteMyAccount {"name":"projects/storecheck-6fdc8/locations/us-central1/operations/operation-1772531314359-64c1b9b587c65-b7d0c8ad-9be4942a","metadata":{"@type":"type.googleapis.com/google.cloud.functions.v2.OperationMetadata","createTime":"2026-03-03T09:48:35.169469191Z","target":"projects/storecheck-6fdc8/locations/us-central1/functions/deleteMyAccount","verb":"update","cancelRequested":false,"apiVersion":"v2"},"done":false}
[debug] [2026-03-03T09:48:35.217Z] Checked if tokens are valid: true, expires at: 1772533097040
[debug] [2026-03-03T09:48:35.217Z] Checked if tokens are valid: true, expires at: 1772533097040
[debug] [2026-03-03T09:48:35.218Z] >>> [apiv2][query] GET https://cloudfunctions.googleapis.com/v2/projects/storecheck-6fdc8/locations/us-central1/operations/operation-1772531314359-64c1b9b587c65-b7d0c8ad-9be4942a [none]
[debug] [2026-03-03T09:48:35.340Z] <<< [apiv2][status] GET https://cloudfunctions.googleapis.com/v2/projects/storecheck-6fdc8/locations/us-central1/operations/operation-1772531314359-64c1b9b587c65-b7d0c8ad-9be4942a 200
[debug] [2026-03-03T09:48:35.340Z] <<< [apiv2][body] GET https://cloudfunctions.googleapis.com/v2/projects/storecheck-6fdc8/locations/us-central1/operations/operation-1772531314359-64c1b9b587c65-b7d0c8ad-9be4942a {"name":"projects/storecheck-6fdc8/locations/us-central1/operations/operation-1772531314359-64c1b9b587c65-b7d0c8ad-9be4942a","metadata":{"@type":"type.googleapis.com/google.cloud.functions.v2.OperationMetadata","createTime":"2026-03-03T09:48:35.169469191Z","target":"projects/storecheck-6fdc8/locations/us-central1/functions/deleteMyAccount","verb":"update","cancelRequested":false,"apiVersion":"v2"},"done":false}
[debug] [2026-03-03T09:48:35.842Z] [update-default-us-central1-deleteMyAccount] Retrying task index 0
[debug] [2026-03-03T09:48:35.842Z] Checked if tokens are valid: true, expires at: 1772533097040
[debug] [2026-03-03T09:48:35.842Z] Checked if tokens are valid: true, expires at: 1772533097040
[debug] [2026-03-03T09:48:35.842Z] >>> [apiv2][query] GET https://cloudfunctions.googleapis.com/v2/projects/storecheck-6fdc8/locations/us-central1/operations/operation-1772531314359-64c1b9b587c65-b7d0c8ad-9be4942a [none]
[debug] [2026-03-03T09:48:35.962Z] <<< [apiv2][status] GET https://cloudfunctions.googleapis.com/v2/projects/storecheck-6fdc8/locations/us-central1/operations/operation-1772531314359-64c1b9b587c65-b7d0c8ad-9be4942a 200
[debug] [2026-03-03T09:48:35.963Z] <<< [apiv2][body] GET https://cloudfunctions.googleapis.com/v2/projects/storecheck-6fdc8/locations/us-central1/operations/operation-1772531314359-64c1b9b587c65-b7d0c8ad-9be4942a {"name":"projects/storecheck-6fdc8/locations/us-central1/operations/operation-1772531314359-64c1b9b587c65-b7d0c8ad-9be4942a","metadata":{"@type":"type.googleapis.com/google.cloud.functions.v2.OperationMetadata","createTime":"2026-03-03T09:48:35.169469191Z","target":"projects/storecheck-6fdc8/locations/us-central1/functions/deleteMyAccount","verb":"update","cancelRequested":false,"apiVersion":"v2","requestResource":{"@type":"type.googleapis.com/google.cloud.functions.v2.Function","name":"projects/storecheck-6fdc8/locations/us-central1/functions/deleteMyAccount","buildConfig":{"runtime":"nodejs20","entryPoint":"deleteMyAccount","source":{"storageSource":{"bucket":"gcf-v2-sources-90689794332-us-central1","object":"deleteMyAccount/function-source.zip","generation":"1772531315118917"}},"environmentVariables":{"GOOGLE_NODE_RUN_SCRIPTS":""},"dockerRepository":"projects/storecheck-6fdc8/locations/us-central1/repositories/gcf-artifacts","sourceProvenance":{"resolvedStorageSource":{"bucket":"gcf-v2-sources-90689794332-us-central1","object":"deleteMyAccount/function-source.zip","generation":"1772529511125726"}},"dockerRegistry":"ARTIFACT_REGISTRY","serviceAccount":"projects/storecheck-6fdc8/serviceAccounts/90689794332-compute@developer.gserviceaccount.com","automaticUpdatePolicy":{}},"serviceConfig":{"service":"projects/storecheck-6fdc8/locations/us-central1/services/deletemyaccount","timeoutSeconds":60,"environmentVariables":{"FIREBASE_CONFIG":"{\"projectId\":\"storecheck-6fdc8\",\"storageBucket\":\"storecheck-6fdc8.firebasestorage.app\"}","GCLOUD_PROJECT":"storecheck-6fdc8","EVENTARC_CLOUD_EVENT_SOURCE":"projects/storecheck-6fdc8/locations/us-central1/services/deleteMyAccount","FUNCTION_TARGET":"deleteMyAccount","LOG_EXECUTION_ID":"true","FUNCTION_SIGNATURE_TYPE":"http"},"ingressSettings":"ALLOW_ALL","uri":"https://deletemyaccount-j27oidbnmq-uc.a.run.app","serviceAccountEmail":"90689794332-compute@developer.gserviceaccount.com","availableMemory":"256Mi","allTrafficOnLatestRevision":true,"revision":"deletemyaccount-00015-ceg","maxInstanceRequestConcurrency":80,"availableCpu":"1"},"state":"ACTIVE","labels":{"deployment-tool":"cli-firebase","deployment-callable":"true","firebase-functions-hash":"aea945ffcdbaab145c221836a9d609ac84729aa0"},"environment":"GEN_2","url":"https://us-central1-storecheck-6fdc8.cloudfunctions.net/deleteMyAccount","satisfiesPzi":true},"stages":[{"name":"BUILD","state":"NOT_STARTED","stateMessages":[{"severity":"WARNING","type":"BuildAnalysisWarning","message":"Node.js 20 is no longer supported by the Node.js community as of 30 April, 2026. Node.js 20 will be deprecated on 2026-04-30. We recommend you to upgrade to the latest version of Node.js as soon as possible."}]},{"name":"SERVICE","state":"NOT_STARTED"}],"operationType":"UPDATE_FUNCTION"},"done":false}
[debug] [2026-03-03T09:48:36.963Z] [update-default-us-central1-deleteMyAccount] Retrying task index 0
[debug] [2026-03-03T09:48:36.964Z] Checked if tokens are valid: true, expires at: 1772533097040
[debug] [2026-03-03T09:48:36.964Z] Checked if tokens are valid: true, expires at: 1772533097040
[debug] [2026-03-03T09:48:36.964Z] >>> [apiv2][query] GET https://cloudfunctions.googleapis.com/v2/projects/storecheck-6fdc8/locations/us-central1/operations/operation-1772531314359-64c1b9b587c65-b7d0c8ad-9be4942a [none]
[debug] [2026-03-03T09:48:37.563Z] <<< [apiv2][status] GET https://cloudfunctions.googleapis.com/v2/projects/storecheck-6fdc8/locations/us-central1/operations/operation-1772531314359-64c1b9b587c65-b7d0c8ad-9be4942a 200
[debug] [2026-03-03T09:48:37.563Z] <<< [apiv2][body] GET https://cloudfunctions.googleapis.com/v2/projects/storecheck-6fdc8/locations/us-central1/operations/operation-1772531314359-64c1b9b587c65-b7d0c8ad-9be4942a {"name":"projects/storecheck-6fdc8/locations/us-central1/operations/operation-1772531314359-64c1b9b587c65-b7d0c8ad-9be4942a","metadata":{"@type":"type.googleapis.com/google.cloud.functions.v2.OperationMetadata","createTime":"2026-03-03T09:48:35.169469191Z","target":"projects/storecheck-6fdc8/locations/us-central1/functions/deleteMyAccount","verb":"update","cancelRequested":false,"apiVersion":"v2","requestResource":{"@type":"type.googleapis.com/google.cloud.functions.v2.Function","name":"projects/storecheck-6fdc8/locations/us-central1/functions/deleteMyAccount","buildConfig":{"runtime":"nodejs20","entryPoint":"deleteMyAccount","source":{"storageSource":{"bucket":"gcf-v2-sources-90689794332-us-central1","object":"deleteMyAccount/function-source.zip","generation":"1772531315118917"}},"environmentVariables":{"GOOGLE_NODE_RUN_SCRIPTS":""},"dockerRepository":"projects/storecheck-6fdc8/locations/us-central1/repositories/gcf-artifacts","sourceProvenance":{"resolvedStorageSource":{"bucket":"gcf-v2-sources-90689794332-us-central1","object":"deleteMyAccount/function-source.zip","generation":"1772529511125726"}},"dockerRegistry":"ARTIFACT_REGISTRY","serviceAccount":"projects/storecheck-6fdc8/serviceAccounts/90689794332-compute@developer.gserviceaccount.com","automaticUpdatePolicy":{}},"serviceConfig":{"service":"projects/storecheck-6fdc8/locations/us-central1/services/deletemyaccount","timeoutSeconds":60,"environmentVariables":{"FIREBASE_CONFIG":"{\"projectId\":\"storecheck-6fdc8\",\"storageBucket\":\"storecheck-6fdc8.firebasestorage.app\"}","GCLOUD_PROJECT":"storecheck-6fdc8","EVENTARC_CLOUD_EVENT_SOURCE":"projects/storecheck-6fdc8/locations/us-central1/services/deleteMyAccount","FUNCTION_TARGET":"deleteMyAccount","LOG_EXECUTION_ID":"true","FUNCTION_SIGNATURE_TYPE":"http"},"ingressSettings":"ALLOW_ALL","uri":"https://deletemyaccount-j27oidbnmq-uc.a.run.app","serviceAccountEmail":"90689794332-compute@developer.gserviceaccount.com","availableMemory":"256Mi","allTrafficOnLatestRevision":true,"revision":"deletemyaccount-00015-ceg","maxInstanceRequestConcurrency":80,"availableCpu":"1"},"state":"ACTIVE","labels":{"deployment-tool":"cli-firebase","deployment-callable":"true","firebase-functions-hash":"aea945ffcdbaab145c221836a9d609ac84729aa0"},"environment":"GEN_2","url":"https://us-central1-storecheck-6fdc8.cloudfunctions.net/deleteMyAccount","satisfiesPzi":true},"stages":[{"name":"BUILD","message":"Build in progress","state":"IN_PROGRESS","resource":"projects/90689794332/locations/us-central1/builds/0c2618a0-1dcb-4295-8134-b6ef5c5b940c","resourceUri":"https://console.cloud.google.com/cloud-build/builds;region=us-central1/0c2618a0-1dcb-4295-8134-b6ef5c5b940c?project=90689794332"},{"name":"SERVICE","state":"NOT_STARTED"}],"operationType":"UPDATE_FUNCTION","buildName":"projects/90689794332/locations/us-central1/builds/0c2618a0-1dcb-4295-8134-b6ef5c5b940c"},"done":false}
[debug] [2026-03-03T09:48:39.564Z] [update-default-us-central1-deleteMyAccount] Retrying task index 0
[debug] [2026-03-03T09:48:39.565Z] Checked if tokens are valid: true, expires at: 1772533097040
[debug] [2026-03-03T09:48:39.565Z] Checked if tokens are valid: true, expires at: 1772533097040
[debug] [2026-03-03T09:48:39.565Z] >>> [apiv2][query] GET https://cloudfunctions.googleapis.com/v2/projects/storecheck-6fdc8/locations/us-central1/operations/operation-1772531314359-64c1b9b587c65-b7d0c8ad-9be4942a [none]
[debug] [2026-03-03T09:48:39.775Z] <<< [apiv2][status] GET https://cloudfunctions.googleapis.com/v2/projects/storecheck-6fdc8/locations/us-central1/operations/operation-1772531314359-64c1b9b587c65-b7d0c8ad-9be4942a 200
[debug] [2026-03-03T09:48:39.775Z] <<< [apiv2][body] GET https://cloudfunctions.googleapis.com/v2/projects/storecheck-6fdc8/locations/us-central1/operations/operation-1772531314359-64c1b9b587c65-b7d0c8ad-9be4942a {"name":"projects/storecheck-6fdc8/locations/us-central1/operations/operation-1772531314359-64c1b9b587c65-b7d0c8ad-9be4942a","metadata":{"@type":"type.googleapis.com/google.cloud.functions.v2.OperationMetadata","createTime":"2026-03-03T09:48:35.169469191Z","target":"projects/storecheck-6fdc8/locations/us-central1/functions/deleteMyAccount","verb":"update","cancelRequested":false,"apiVersion":"v2","requestResource":{"@type":"type.googleapis.com/google.cloud.functions.v2.Function","name":"projects/storecheck-6fdc8/locations/us-central1/functions/deleteMyAccount","buildConfig":{"runtime":"nodejs20","entryPoint":"deleteMyAccount","source":{"storageSource":{"bucket":"gcf-v2-sources-90689794332-us-central1","object":"deleteMyAccount/function-source.zip","generation":"1772531315118917"}},"environmentVariables":{"GOOGLE_NODE_RUN_SCRIPTS":""},"dockerRepository":"projects/storecheck-6fdc8/locations/us-central1/repositories/gcf-artifacts","sourceProvenance":{"resolvedStorageSource":{"bucket":"gcf-v2-sources-90689794332-us-central1","object":"deleteMyAccount/function-source.zip","generation":"1772529511125726"}},"dockerRegistry":"ARTIFACT_REGISTRY","serviceAccount":"projects/storecheck-6fdc8/serviceAccounts/90689794332-compute@developer.gserviceaccount.com","automaticUpdatePolicy":{}},"serviceConfig":{"service":"projects/storecheck-6fdc8/locations/us-central1/services/deletemyaccount","timeoutSeconds":60,"environmentVariables":{"FIREBASE_CONFIG":"{\"projectId\":\"storecheck-6fdc8\",\"storageBucket\":\"storecheck-6fdc8.firebasestorage.app\"}","GCLOUD_PROJECT":"storecheck-6fdc8","EVENTARC_CLOUD_EVENT_SOURCE":"projects/storecheck-6fdc8/locations/us-central1/services/deleteMyAccount","FUNCTION_TARGET":"deleteMyAccount","LOG_EXECUTION_ID":"true","FUNCTION_SIGNATURE_TYPE":"http"},"ingressSettings":"ALLOW_ALL","uri":"https://deletemyaccount-j27oidbnmq-uc.a.run.app","serviceAccountEmail":"90689794332-compute@developer.gserviceaccount.com","availableMemory":"256Mi","allTrafficOnLatestRevision":true,"revision":"deletemyaccount-00015-ceg","maxInstanceRequestConcurrency":80,"availableCpu":"1"},"state":"ACTIVE","labels":{"deployment-tool":"cli-firebase","deployment-callable":"true","firebase-functions-hash":"aea945ffcdbaab145c221836a9d609ac84729aa0"},"environment":"GEN_2","url":"https://us-central1-storecheck-6fdc8.cloudfunctions.net/deleteMyAccount","satisfiesPzi":true},"stages":[{"name":"BUILD","message":"Build in progress","state":"IN_PROGRESS","resource":"projects/90689794332/locations/us-central1/builds/0c2618a0-1dcb-4295-8134-b6ef5c5b940c","resourceUri":"https://console.cloud.google.com/cloud-build/builds;region=us-central1/0c2618a0-1dcb-4295-8134-b6ef5c5b940c?project=90689794332"},{"name":"SERVICE","state":"NOT_STARTED"}],"operationType":"UPDATE_FUNCTION","buildName":"projects/90689794332/locations/us-central1/builds/0c2618a0-1dcb-4295-8134-b6ef5c5b940c"},"done":false}
[debug] [2026-03-03T09:48:43.777Z] [update-default-us-central1-deleteMyAccount] Retrying task index 0
[debug] [2026-03-03T09:48:43.777Z] Checked if tokens are valid: true, expires at: 1772533097040
[debug] [2026-03-03T09:48:43.777Z] Checked if tokens are valid: true, expires at: 1772533097040
[debug] [2026-03-03T09:48:43.777Z] >>> [apiv2][query] GET https://cloudfunctions.googleapis.com/v2/projects/storecheck-6fdc8/locations/us-central1/operations/operation-1772531314359-64c1b9b587c65-b7d0c8ad-9be4942a [none]
[debug] [2026-03-03T09:48:44.001Z] <<< [apiv2][status] GET https://cloudfunctions.googleapis.com/v2/projects/storecheck-6fdc8/locations/us-central1/operations/operation-1772531314359-64c1b9b587c65-b7d0c8ad-9be4942a 200
[debug] [2026-03-03T09:48:44.001Z] <<< [apiv2][body] GET https://cloudfunctions.googleapis.com/v2/projects/storecheck-6fdc8/locations/us-central1/operations/operation-1772531314359-64c1b9b587c65-b7d0c8ad-9be4942a {"name":"projects/storecheck-6fdc8/locations/us-central1/operations/operation-1772531314359-64c1b9b587c65-b7d0c8ad-9be4942a","metadata":{"@type":"type.googleapis.com/google.cloud.functions.v2.OperationMetadata","createTime":"2026-03-03T09:48:35.169469191Z","target":"projects/storecheck-6fdc8/locations/us-central1/functions/deleteMyAccount","verb":"update","cancelRequested":false,"apiVersion":"v2","requestResource":{"@type":"type.googleapis.com/google.cloud.functions.v2.Function","name":"projects/storecheck-6fdc8/locations/us-central1/functions/deleteMyAccount","buildConfig":{"runtime":"nodejs20","entryPoint":"deleteMyAccount","source":{"storageSource":{"bucket":"gcf-v2-sources-90689794332-us-central1","object":"deleteMyAccount/function-source.zip","generation":"1772531315118917"}},"environmentVariables":{"GOOGLE_NODE_RUN_SCRIPTS":""},"dockerRepository":"projects/storecheck-6fdc8/locations/us-central1/repositories/gcf-artifacts","sourceProvenance":{"resolvedStorageSource":{"bucket":"gcf-v2-sources-90689794332-us-central1","object":"deleteMyAccount/function-source.zip","generation":"1772529511125726"}},"dockerRegistry":"ARTIFACT_REGISTRY","serviceAccount":"projects/storecheck-6fdc8/serviceAccounts/90689794332-compute@developer.gserviceaccount.com","automaticUpdatePolicy":{}},"serviceConfig":{"service":"projects/storecheck-6fdc8/locations/us-central1/services/deletemyaccount","timeoutSeconds":60,"environmentVariables":{"FIREBASE_CONFIG":"{\"projectId\":\"storecheck-6fdc8\",\"storageBucket\":\"storecheck-6fdc8.firebasestorage.app\"}","GCLOUD_PROJECT":"storecheck-6fdc8","EVENTARC_CLOUD_EVENT_SOURCE":"projects/storecheck-6fdc8/locations/us-central1/services/deleteMyAccount","FUNCTION_TARGET":"deleteMyAccount","LOG_EXECUTION_ID":"true","FUNCTION_SIGNATURE_TYPE":"http"},"ingressSettings":"ALLOW_ALL","uri":"https://deletemyaccount-j27oidbnmq-uc.a.run.app","serviceAccountEmail":"90689794332-compute@developer.gserviceaccount.com","availableMemory":"256Mi","allTrafficOnLatestRevision":true,"revision":"deletemyaccount-00015-ceg","maxInstanceRequestConcurrency":80,"availableCpu":"1"},"state":"ACTIVE","labels":{"deployment-tool":"cli-firebase","deployment-callable":"true","firebase-functions-hash":"aea945ffcdbaab145c221836a9d609ac84729aa0"},"environment":"GEN_2","url":"https://us-central1-storecheck-6fdc8.cloudfunctions.net/deleteMyAccount","satisfiesPzi":true},"stages":[{"name":"BUILD","message":"Build in progress","state":"IN_PROGRESS","resource":"projects/90689794332/locations/us-central1/builds/0c2618a0-1dcb-4295-8134-b6ef5c5b940c","resourceUri":"https://console.cloud.google.com/cloud-build/builds;region=us-central1/0c2618a0-1dcb-4295-8134-b6ef5c5b940c?project=90689794332"},{"name":"SERVICE","state":"NOT_STARTED"}],"operationType":"UPDATE_FUNCTION","buildName":"projects/90689794332/locations/us-central1/builds/0c2618a0-1dcb-4295-8134-b6ef5c5b940c"},"done":false}
[debug] [2026-03-03T09:48:52.002Z] [update-default-us-central1-deleteMyAccount] Retrying task index 0
[debug] [2026-03-03T09:48:52.002Z] Checked if tokens are valid: true, expires at: 1772533097040
[debug] [2026-03-03T09:48:52.002Z] Checked if tokens are valid: true, expires at: 1772533097040
[debug] [2026-03-03T09:48:52.002Z] >>> [apiv2][query] GET https://cloudfunctions.googleapis.com/v2/projects/storecheck-6fdc8/locations/us-central1/operations/operation-1772531314359-64c1b9b587c65-b7d0c8ad-9be4942a [none]
[debug] [2026-03-03T09:48:52.381Z] <<< [apiv2][status] GET https://cloudfunctions.googleapis.com/v2/projects/storecheck-6fdc8/locations/us-central1/operations/operation-1772531314359-64c1b9b587c65-b7d0c8ad-9be4942a 200
[debug] [2026-03-03T09:48:52.381Z] <<< [apiv2][body] GET https://cloudfunctions.googleapis.com/v2/projects/storecheck-6fdc8/locations/us-central1/operations/operation-1772531314359-64c1b9b587c65-b7d0c8ad-9be4942a {"name":"projects/storecheck-6fdc8/locations/us-central1/operations/operation-1772531314359-64c1b9b587c65-b7d0c8ad-9be4942a","metadata":{"@type":"type.googleapis.com/google.cloud.functions.v2.OperationMetadata","createTime":"2026-03-03T09:48:35.169469191Z","target":"projects/storecheck-6fdc8/locations/us-central1/functions/deleteMyAccount","verb":"update","cancelRequested":false,"apiVersion":"v2","requestResource":{"@type":"type.googleapis.com/google.cloud.functions.v2.Function","name":"projects/storecheck-6fdc8/locations/us-central1/functions/deleteMyAccount","buildConfig":{"runtime":"nodejs20","entryPoint":"deleteMyAccount","source":{"storageSource":{"bucket":"gcf-v2-sources-90689794332-us-central1","object":"deleteMyAccount/function-source.zip","generation":"1772531315118917"}},"environmentVariables":{"GOOGLE_NODE_RUN_SCRIPTS":""},"dockerRepository":"projects/storecheck-6fdc8/locations/us-central1/repositories/gcf-artifacts","sourceProvenance":{"resolvedStorageSource":{"bucket":"gcf-v2-sources-90689794332-us-central1","object":"deleteMyAccount/function-source.zip","generation":"1772529511125726"}},"dockerRegistry":"ARTIFACT_REGISTRY","serviceAccount":"projects/storecheck-6fdc8/serviceAccounts/90689794332-compute@developer.gserviceaccount.com","automaticUpdatePolicy":{}},"serviceConfig":{"service":"projects/storecheck-6fdc8/locations/us-central1/services/deletemyaccount","timeoutSeconds":60,"environmentVariables":{"FIREBASE_CONFIG":"{\"projectId\":\"storecheck-6fdc8\",\"storageBucket\":\"storecheck-6fdc8.firebasestorage.app\"}","GCLOUD_PROJECT":"storecheck-6fdc8","EVENTARC_CLOUD_EVENT_SOURCE":"projects/storecheck-6fdc8/locations/us-central1/services/deleteMyAccount","FUNCTION_TARGET":"deleteMyAccount","LOG_EXECUTION_ID":"true","FUNCTION_SIGNATURE_TYPE":"http"},"ingressSettings":"ALLOW_ALL","uri":"https://deletemyaccount-j27oidbnmq-uc.a.run.app","serviceAccountEmail":"90689794332-compute@developer.gserviceaccount.com","availableMemory":"256Mi","allTrafficOnLatestRevision":true,"revision":"deletemyaccount-00015-ceg","maxInstanceRequestConcurrency":80,"availableCpu":"1"},"state":"ACTIVE","labels":{"deployment-tool":"cli-firebase","deployment-callable":"true","firebase-functions-hash":"aea945ffcdbaab145c221836a9d609ac84729aa0"},"environment":"GEN_2","url":"https://us-central1-storecheck-6fdc8.cloudfunctions.net/deleteMyAccount","satisfiesPzi":true},"stages":[{"name":"BUILD","message":"Build in progress","state":"IN_PROGRESS","resource":"projects/90689794332/locations/us-central1/builds/0c2618a0-1dcb-4295-8134-b6ef5c5b940c","resourceUri":"https://console.cloud.google.com/cloud-build/builds;region=us-central1/0c2618a0-1dcb-4295-8134-b6ef5c5b940c?project=90689794332"},{"name":"SERVICE","state":"NOT_STARTED"}],"operationType":"UPDATE_FUNCTION","buildName":"projects/90689794332/locations/us-central1/builds/0c2618a0-1dcb-4295-8134-b6ef5c5b940c"},"done":false}
[debug] [2026-03-03T09:49:02.382Z] [update-default-us-central1-deleteMyAccount] Retrying task index 0
[debug] [2026-03-03T09:49:02.383Z] Checked if tokens are valid: true, expires at: 1772533097040
[debug] [2026-03-03T09:49:02.384Z] Checked if tokens are valid: true, expires at: 1772533097040
[debug] [2026-03-03T09:49:02.384Z] >>> [apiv2][query] GET https://cloudfunctions.googleapis.com/v2/projects/storecheck-6fdc8/locations/us-central1/operations/operation-1772531314359-64c1b9b587c65-b7d0c8ad-9be4942a [none]
[debug] [2026-03-03T09:49:03.349Z] <<< [apiv2][status] GET https://cloudfunctions.googleapis.com/v2/projects/storecheck-6fdc8/locations/us-central1/operations/operation-1772531314359-64c1b9b587c65-b7d0c8ad-9be4942a 200
[debug] [2026-03-03T09:49:03.349Z] <<< [apiv2][body] GET https://cloudfunctions.googleapis.com/v2/projects/storecheck-6fdc8/locations/us-central1/operations/operation-1772531314359-64c1b9b587c65-b7d0c8ad-9be4942a {"name":"projects/storecheck-6fdc8/locations/us-central1/operations/operation-1772531314359-64c1b9b587c65-b7d0c8ad-9be4942a","metadata":{"@type":"type.googleapis.com/google.cloud.functions.v2.OperationMetadata","createTime":"2026-03-03T09:48:35.169469191Z","target":"projects/storecheck-6fdc8/locations/us-central1/functions/deleteMyAccount","verb":"update","cancelRequested":false,"apiVersion":"v2","requestResource":{"@type":"type.googleapis.com/google.cloud.functions.v2.Function","name":"projects/storecheck-6fdc8/locations/us-central1/functions/deleteMyAccount","buildConfig":{"runtime":"nodejs20","entryPoint":"deleteMyAccount","source":{"storageSource":{"bucket":"gcf-v2-sources-90689794332-us-central1","object":"deleteMyAccount/function-source.zip","generation":"1772531315118917"}},"environmentVariables":{"GOOGLE_NODE_RUN_SCRIPTS":""},"dockerRepository":"projects/storecheck-6fdc8/locations/us-central1/repositories/gcf-artifacts","sourceProvenance":{"resolvedStorageSource":{"bucket":"gcf-v2-sources-90689794332-us-central1","object":"deleteMyAccount/function-source.zip","generation":"1772529511125726"}},"dockerRegistry":"ARTIFACT_REGISTRY","serviceAccount":"projects/storecheck-6fdc8/serviceAccounts/90689794332-compute@developer.gserviceaccount.com","automaticUpdatePolicy":{}},"serviceConfig":{"service":"projects/storecheck-6fdc8/locations/us-central1/services/deletemyaccount","timeoutSeconds":60,"environmentVariables":{"FIREBASE_CONFIG":"{\"projectId\":\"storecheck-6fdc8\",\"storageBucket\":\"storecheck-6fdc8.firebasestorage.app\"}","GCLOUD_PROJECT":"storecheck-6fdc8","EVENTARC_CLOUD_EVENT_SOURCE":"projects/storecheck-6fdc8/locations/us-central1/services/deleteMyAccount","FUNCTION_TARGET":"deleteMyAccount","LOG_EXECUTION_ID":"true","FUNCTION_SIGNATURE_TYPE":"http"},"ingressSettings":"ALLOW_ALL","uri":"https://deletemyaccount-j27oidbnmq-uc.a.run.app","serviceAccountEmail":"90689794332-compute@developer.gserviceaccount.com","availableMemory":"256Mi","allTrafficOnLatestRevision":true,"revision":"deletemyaccount-00015-ceg","maxInstanceRequestConcurrency":80,"availableCpu":"1"},"state":"ACTIVE","labels":{"deployment-tool":"cli-firebase","deployment-callable":"true","firebase-functions-hash":"aea945ffcdbaab145c221836a9d609ac84729aa0"},"environment":"GEN_2","url":"https://us-central1-storecheck-6fdc8.cloudfunctions.net/deleteMyAccount","satisfiesPzi":true},"stages":[{"name":"BUILD","message":"Build in progress","state":"IN_PROGRESS","resource":"projects/90689794332/locations/us-central1/builds/0c2618a0-1dcb-4295-8134-b6ef5c5b940c","resourceUri":"https://console.cloud.google.com/cloud-build/builds;region=us-central1/0c2618a0-1dcb-4295-8134-b6ef5c5b940c?project=90689794332"},{"name":"SERVICE","state":"NOT_STARTED"}],"operationType":"UPDATE_FUNCTION","buildName":"projects/90689794332/locations/us-central1/builds/0c2618a0-1dcb-4295-8134-b6ef5c5b940c"},"done":false}
[debug] [2026-03-03T09:49:13.350Z] [update-default-us-central1-deleteMyAccount] Retrying task index 0
[debug] [2026-03-03T09:49:13.351Z] Checked if tokens are valid: true, expires at: 1772533097040
[debug] [2026-03-03T09:49:13.351Z] Checked if tokens are valid: true, expires at: 1772533097040
[debug] [2026-03-03T09:49:13.351Z] >>> [apiv2][query] GET https://cloudfunctions.googleapis.com/v2/projects/storecheck-6fdc8/locations/us-central1/operations/operation-1772531314359-64c1b9b587c65-b7d0c8ad-9be4942a [none]
[debug] [2026-03-03T09:49:13.721Z] <<< [apiv2][status] GET https://cloudfunctions.googleapis.com/v2/projects/storecheck-6fdc8/locations/us-central1/operations/operation-1772531314359-64c1b9b587c65-b7d0c8ad-9be4942a 200
[debug] [2026-03-03T09:49:13.721Z] <<< [apiv2][body] GET https://cloudfunctions.googleapis.com/v2/projects/storecheck-6fdc8/locations/us-central1/operations/operation-1772531314359-64c1b9b587c65-b7d0c8ad-9be4942a {"name":"projects/storecheck-6fdc8/locations/us-central1/operations/operation-1772531314359-64c1b9b587c65-b7d0c8ad-9be4942a","metadata":{"@type":"type.googleapis.com/google.cloud.functions.v2.OperationMetadata","createTime":"2026-03-03T09:48:35.169469191Z","target":"projects/storecheck-6fdc8/locations/us-central1/functions/deleteMyAccount","verb":"update","cancelRequested":false,"apiVersion":"v2","requestResource":{"@type":"type.googleapis.com/google.cloud.functions.v2.Function","name":"projects/storecheck-6fdc8/locations/us-central1/functions/deleteMyAccount","buildConfig":{"runtime":"nodejs20","entryPoint":"deleteMyAccount","source":{"storageSource":{"bucket":"gcf-v2-sources-90689794332-us-central1","object":"deleteMyAccount/function-source.zip","generation":"1772531315118917"}},"environmentVariables":{"GOOGLE_NODE_RUN_SCRIPTS":""},"dockerRepository":"projects/storecheck-6fdc8/locations/us-central1/repositories/gcf-artifacts","sourceProvenance":{"resolvedStorageSource":{"bucket":"gcf-v2-sources-90689794332-us-central1","object":"deleteMyAccount/function-source.zip","generation":"1772529511125726"}},"dockerRegistry":"ARTIFACT_REGISTRY","serviceAccount":"projects/storecheck-6fdc8/serviceAccounts/90689794332-compute@developer.gserviceaccount.com","automaticUpdatePolicy":{}},"serviceConfig":{"service":"projects/storecheck-6fdc8/locations/us-central1/services/deletemyaccount","timeoutSeconds":60,"environmentVariables":{"FIREBASE_CONFIG":"{\"projectId\":\"storecheck-6fdc8\",\"storageBucket\":\"storecheck-6fdc8.firebasestorage.app\"}","GCLOUD_PROJECT":"storecheck-6fdc8","EVENTARC_CLOUD_EVENT_SOURCE":"projects/storecheck-6fdc8/locations/us-central1/services/deleteMyAccount","FUNCTION_TARGET":"deleteMyAccount","LOG_EXECUTION_ID":"true","FUNCTION_SIGNATURE_TYPE":"http"},"ingressSettings":"ALLOW_ALL","uri":"https://deletemyaccount-j27oidbnmq-uc.a.run.app","serviceAccountEmail":"90689794332-compute@developer.gserviceaccount.com","availableMemory":"256Mi","allTrafficOnLatestRevision":true,"revision":"deletemyaccount-00015-ceg","maxInstanceRequestConcurrency":80,"availableCpu":"1"},"state":"ACTIVE","labels":{"deployment-tool":"cli-firebase","deployment-callable":"true","firebase-functions-hash":"aea945ffcdbaab145c221836a9d609ac84729aa0"},"environment":"GEN_2","url":"https://us-central1-storecheck-6fdc8.cloudfunctions.net/deleteMyAccount","satisfiesPzi":true},"stages":[{"name":"BUILD","message":"Build in progress","state":"IN_PROGRESS","resource":"projects/90689794332/locations/us-central1/builds/0c2618a0-1dcb-4295-8134-b6ef5c5b940c","resourceUri":"https://console.cloud.google.com/cloud-build/builds;region=us-central1/0c2618a0-1dcb-4295-8134-b6ef5c5b940c?project=90689794332"},{"name":"SERVICE","state":"NOT_STARTED"}],"operationType":"UPDATE_FUNCTION","buildName":"projects/90689794332/locations/us-central1/builds/0c2618a0-1dcb-4295-8134-b6ef5c5b940c"},"done":false}
[debug] [2026-03-03T09:49:23.722Z] [update-default-us-central1-deleteMyAccount] Retrying task index 0
[debug] [2026-03-03T09:49:23.722Z] Checked if tokens are valid: true, expires at: 1772533097040
[debug] [2026-03-03T09:49:23.723Z] Checked if tokens are valid: true, expires at: 1772533097040
[debug] [2026-03-03T09:49:23.723Z] >>> [apiv2][query] GET https://cloudfunctions.googleapis.com/v2/projects/storecheck-6fdc8/locations/us-central1/operations/operation-1772531314359-64c1b9b587c65-b7d0c8ad-9be4942a [none]
[debug] [2026-03-03T09:49:24.088Z] <<< [apiv2][status] GET https://cloudfunctions.googleapis.com/v2/projects/storecheck-6fdc8/locations/us-central1/operations/operation-1772531314359-64c1b9b587c65-b7d0c8ad-9be4942a 200
[debug] [2026-03-03T09:49:24.089Z] <<< [apiv2][body] GET https://cloudfunctions.googleapis.com/v2/projects/storecheck-6fdc8/locations/us-central1/operations/operation-1772531314359-64c1b9b587c65-b7d0c8ad-9be4942a {"name":"projects/storecheck-6fdc8/locations/us-central1/operations/operation-1772531314359-64c1b9b587c65-b7d0c8ad-9be4942a","metadata":{"@type":"type.googleapis.com/google.cloud.functions.v2.OperationMetadata","createTime":"2026-03-03T09:48:35.169469191Z","endTime":"2026-03-03T09:49:21.746584892Z","target":"projects/storecheck-6fdc8/locations/us-central1/functions/deleteMyAccount","verb":"update","cancelRequested":false,"apiVersion":"v2","requestResource":{"@type":"type.googleapis.com/google.cloud.functions.v2.Function","name":"projects/storecheck-6fdc8/locations/us-central1/functions/deleteMyAccount","buildConfig":{"runtime":"nodejs20","entryPoint":"deleteMyAccount","source":{"storageSource":{"bucket":"gcf-v2-sources-90689794332-us-central1","object":"deleteMyAccount/function-source.zip","generation":"1772531315118917"}},"environmentVariables":{"GOOGLE_NODE_RUN_SCRIPTS":""},"dockerRepository":"projects/storecheck-6fdc8/locations/us-central1/repositories/gcf-artifacts","sourceProvenance":{"resolvedStorageSource":{"bucket":"gcf-v2-sources-90689794332-us-central1","object":"deleteMyAccount/function-source.zip","generation":"1772529511125726"}},"dockerRegistry":"ARTIFACT_REGISTRY","serviceAccount":"projects/storecheck-6fdc8/serviceAccounts/90689794332-compute@developer.gserviceaccount.com","automaticUpdatePolicy":{}},"serviceConfig":{"service":"projects/storecheck-6fdc8/locations/us-central1/services/deletemyaccount","timeoutSeconds":60,"environmentVariables":{"FIREBASE_CONFIG":"{\"projectId\":\"storecheck-6fdc8\",\"storageBucket\":\"storecheck-6fdc8.firebasestorage.app\"}","GCLOUD_PROJECT":"storecheck-6fdc8","EVENTARC_CLOUD_EVENT_SOURCE":"projects/storecheck-6fdc8/locations/us-central1/services/deleteMyAccount","FUNCTION_TARGET":"deleteMyAccount","LOG_EXECUTION_ID":"true","FUNCTION_SIGNATURE_TYPE":"http"},"ingressSettings":"ALLOW_ALL","uri":"https://deletemyaccount-j27oidbnmq-uc.a.run.app","serviceAccountEmail":"90689794332-compute@developer.gserviceaccount.com","availableMemory":"256Mi","allTrafficOnLatestRevision":true,"revision":"deletemyaccount-00015-ceg","maxInstanceRequestConcurrency":80,"availableCpu":"1"},"state":"ACTIVE","labels":{"deployment-tool":"cli-firebase","deployment-callable":"true","firebase-functions-hash":"aea945ffcdbaab145c221836a9d609ac84729aa0"},"environment":"GEN_2","url":"https://us-central1-storecheck-6fdc8.cloudfunctions.net/deleteMyAccount","satisfiesPzi":true},"stages":[{"name":"BUILD","message":"Build finished","state":"COMPLETE","resource":"projects/90689794332/locations/us-central1/builds/0c2618a0-1dcb-4295-8134-b6ef5c5b940c","resourceUri":"https://console.cloud.google.com/cloud-build/builds;region=us-central1/0c2618a0-1dcb-4295-8134-b6ef5c5b940c?project=90689794332"},{"name":"SERVICE","message":"Updating Cloud Run service","state":"COMPLETE","resource":"projects/storecheck-6fdc8/locations/us-central1/services/deletemyaccount","resourceUri":"https://console.cloud.google.com/run/detail/us-central1/deletemyaccount?project=storecheck-6fdc8","stateMessages":[{"severity":"INFO","type":"CloudRunServiceNewRevisionTrafficInfo","message":"A new revision will be deployed serving with 100% traffic."}]}],"sourceToken":"ClZwcm9qZWN0cy85MDY4OTc5NDMzMi9sb2NhdGlvbnMvdXMtY2VudHJhbDEvYnVpbGRzLzBjMjYxOGEwLTFkY2ItNDI5NS04MTM0LWI2ZWY1YzViOTQwYxJ2dXMtY2VudHJhbDEtZG9ja2VyLnBrZy5kZXYvc3RvcmVjaGVjay02ZmRjOC9nY2YtYXJ0aWZhY3RzL3N0b3JlY2hlY2stLTZmZGM4X191cy0tY2VudHJhbDFfX2RlbGV0ZV9teV9hY2NvdW50OnZlcnNpb25fMRic4qHs0QIiSXByb2plY3RzL3N0b3JlY2hlY2stNmZkYzgvbG9jYXRpb25zL3VzLWNlbnRyYWwxL2Z1bmN0aW9ucy9kZWxldGVNeUFjY291bnQqDAia3ZrNBhCo9t/SAjIIbm9kZWpzMjA6dgojZ2NyLmlvL2dhZS1ydW50aW1lcy9ub2RlanMyMDpzdGFibGUST3VzLWNlbnRyYWwxLWRvY2tlci5wa2cuZGV2L3NlcnZlcmxlc3MtcnVudGltZXMvZ29vZ2xlLTIyLWZ1bGwvcnVudGltZXMvbm9kZWpzMjBAAQ==","operationType":"UPDATE_FUNCTION","buildName":"projects/90689794332/locations/us-central1/builds/0c2618a0-1dcb-4295-8134-b6ef5c5b940c"},"done":true,"response":{"@type":"type.googleapis.com/google.cloud.functions.v2.Function","name":"projects/storecheck-6fdc8/locations/us-central1/functions/deleteMyAccount","buildConfig":{"build":"projects/90689794332/locations/us-central1/builds/0c2618a0-1dcb-4295-8134-b6ef5c5b940c","runtime":"nodejs20","entryPoint":"deleteMyAccount","source":{"storageSource":{"bucket":"gcf-v2-sources-90689794332-us-central1","object":"deleteMyAccount/function-source.zip","generation":"1772531315118917"}},"environmentVariables":{"GOOGLE_NODE_RUN_SCRIPTS":""},"dockerRepository":"projects/storecheck-6fdc8/locations/us-central1/repositories/gcf-artifacts","sourceProvenance":{"resolvedStorageSource":{"bucket":"gcf-v2-sources-90689794332-us-central1","object":"deleteMyAccount/function-source.zip","generation":"1772531315118917"}},"dockerRegistry":"ARTIFACT_REGISTRY","serviceAccount":"projects/storecheck-6fdc8/serviceAccounts/90689794332-compute@developer.gserviceaccount.com","automaticUpdatePolicy":{}},"serviceConfig":{"service":"projects/storecheck-6fdc8/locations/us-central1/services/deletemyaccount","timeoutSeconds":60,"environmentVariables":{"FIREBASE_CONFIG":"{\"projectId\":\"storecheck-6fdc8\",\"storageBucket\":\"storecheck-6fdc8.firebasestorage.app\"}","GCLOUD_PROJECT":"storecheck-6fdc8","EVENTARC_CLOUD_EVENT_SOURCE":"projects/storecheck-6fdc8/locations/us-central1/services/deleteMyAccount","FUNCTION_TARGET":"deleteMyAccount","LOG_EXECUTION_ID":"true","FUNCTION_SIGNATURE_TYPE":"http"},"maxInstanceCount":20,"ingressSettings":"ALLOW_ALL","uri":"https://deletemyaccount-j27oidbnmq-uc.a.run.app","serviceAccountEmail":"90689794332-compute@developer.gserviceaccount.com","availableMemory":"256Mi","allTrafficOnLatestRevision":true,"revision":"deletemyaccount-00016-nix","maxInstanceRequestConcurrency":80,"availableCpu":"1"},"state":"ACTIVE","updateTime":"2026-03-03T09:48:35.171630275Z","labels":{"firebase-functions-hash":"aea945ffcdbaab145c221836a9d609ac84729aa0","deployment-tool":"cli-firebase","deployment-callable":"true"},"environment":"GEN_2","url":"https://us-central1-storecheck-6fdc8.cloudfunctions.net/deleteMyAccount","createTime":"2026-02-23T08:59:00.455214369Z","satisfiesPzi":true}}
[debug] [2026-03-03T09:49:24.089Z] Got source token ClZwcm9qZWN0cy85MDY4OTc5NDMzMi9sb2NhdGlvbnMvdXMtY2VudHJhbDEvYnVpbGRzLzBjMjYxOGEwLTFkY2ItNDI5NS04MTM0LWI2ZWY1YzViOTQwYxJ2dXMtY2VudHJhbDEtZG9ja2VyLnBrZy5kZXYvc3RvcmVjaGVjay02ZmRjOC9nY2YtYXJ0aWZhY3RzL3N0b3JlY2hlY2stLTZmZGM4X191cy0tY2VudHJhbDFfX2RlbGV0ZV9teV9hY2NvdW50OnZlcnNpb25fMRic4qHs0QIiSXByb2plY3RzL3N0b3JlY2hlY2stNmZkYzgvbG9jYXRpb25zL3VzLWNlbnRyYWwxL2Z1bmN0aW9ucy9kZWxldGVNeUFjY291bnQqDAia3ZrNBhCo9t/SAjIIbm9kZWpzMjA6dgojZ2NyLmlvL2dhZS1ydW50aW1lcy9ub2RlanMyMDpzdGFibGUST3VzLWNlbnRyYWwxLWRvY2tlci5wa2cuZGV2L3NlcnZlcmxlc3MtcnVudGltZXMvZ29vZ2xlLTIyLWZ1bGwvcnVudGltZXMvbm9kZWpzMjBAAQ== for region us-central1
[info] ✔  functions[deleteMyAccount(us-central1)] Successful update operation. 
[debug] [2026-03-03T09:49:24.092Z] Total Function Deployment time: 49945
[debug] [2026-03-03T09:49:24.092Z] 1 Functions Deployed
[debug] [2026-03-03T09:49:24.092Z] 0 Functions Errored
[debug] [2026-03-03T09:49:24.092Z] 0 Function Deployments Aborted
[debug] [2026-03-03T09:49:24.092Z] Average Function Deployment time: 49944
[debug] [2026-03-03T09:49:24.093Z] Not printing URL for HTTPS function. Typically this means it didn't match a filter or we failed deployment
[debug] [2026-03-03T09:49:24.093Z] Not printing URL for HTTPS function. Typically this means it didn't match a filter or we failed deployment
[debug] [2026-03-03T09:49:24.093Z] Not printing URL for HTTPS function. Typically this means it didn't match a filter or we failed deployment
[debug] [2026-03-03T09:49:24.093Z] Not printing URL for HTTPS function. Typically this means it didn't match a filter or we failed deployment
[debug] [2026-03-03T09:49:24.095Z] Checked if tokens are valid: true, expires at: 1772533097040
[debug] [2026-03-03T09:49:24.095Z] Checked if tokens are valid: true, expires at: 1772533097040
[debug] [2026-03-03T09:49:24.095Z] >>> [apiv2][query] GET https://artifactregistry.googleapis.com/v1/projects/storecheck-6fdc8/locations/us-central1/repositories/gcf-artifacts [none]
[debug] [2026-03-03T09:49:24.470Z] <<< [apiv2][status] GET https://artifactregistry.googleapis.com/v1/projects/storecheck-6fdc8/locations/us-central1/repositories/gcf-artifacts 200
[debug] [2026-03-03T09:51:08.680Z] ----------------------------------------------------------------------
[debug] [2026-03-03T09:51:08.693Z] Command:       /usr/local/bin/node /Users/majdinagi/.npm-global/bin/firebase functions:log --only deleteMyAccount --project storecheck-6fdc8 -n 20
[debug] [2026-03-03T09:51:08.694Z] CLI Version:   15.8.0
[debug] [2026-03-03T09:51:08.694Z] Platform:      darwin
[debug] [2026-03-03T09:51:08.694Z] Node Version:  v22.12.0
[debug] [2026-03-03T09:51:08.695Z] Time:          Tue Mar 03 2026 04:51:08 GMT-0500 (Eastern Standard Time)
[debug] [2026-03-03T09:51:08.695Z] ----------------------------------------------------------------------
[debug] 
[debug] [2026-03-03T09:51:09.233Z] > command requires scopes: ["email","openid","https://www.googleapis.com/auth/cloudplatformprojects.readonly","https://www.googleapis.com/auth/firebase","https://www.googleapis.com/auth/cloud-platform"]
[debug] [2026-03-03T09:51:09.234Z] > authorizing via signed-in user (majdinagi@gmail.com)
[debug] [2026-03-03T09:51:09.235Z] [iam] checking project storecheck-6fdc8 for permissions ["firebase.projects.get","logging.logEntries.list","logging.logs.list"]
[debug] [2026-03-03T09:51:09.237Z] Checked if tokens are valid: true, expires at: 1772533097040
[debug] [2026-03-03T09:51:09.238Z] Checked if tokens are valid: true, expires at: 1772533097040
[debug] [2026-03-03T09:51:09.239Z] >>> [apiv2][query] POST https://cloudresourcemanager.googleapis.com/v1/projects/storecheck-6fdc8:testIamPermissions [none]
[debug] [2026-03-03T09:51:09.240Z] >>> [apiv2][(partial)header] POST https://cloudresourcemanager.googleapis.com/v1/projects/storecheck-6fdc8:testIamPermissions  x-goog-user-project=storecheck-6fdc8
[debug] [2026-03-03T09:51:09.240Z] >>> [apiv2][body] POST https://cloudresourcemanager.googleapis.com/v1/projects/storecheck-6fdc8:testIamPermissions {"permissions":["firebase.projects.get","logging.logEntries.list","logging.logs.list"]}
[debug] [2026-03-03T09:51:09.807Z] <<< [apiv2][status] POST https://cloudresourcemanager.googleapis.com/v1/projects/storecheck-6fdc8:testIamPermissions 200
[debug] [2026-03-03T09:51:09.807Z] <<< [apiv2][body] POST https://cloudresourcemanager.googleapis.com/v1/projects/storecheck-6fdc8:testIamPermissions {"permissions":["firebase.projects.get","logging.logEntries.list","logging.logs.list"]}
[debug] [2026-03-03T09:51:09.808Z] Checked if tokens are valid: true, expires at: 1772533097040
[debug] [2026-03-03T09:51:09.808Z] Checked if tokens are valid: true, expires at: 1772533097040
[debug] [2026-03-03T09:51:09.809Z] >>> [apiv2][query] POST https://logging.googleapis.com/v2/entries:list [none]
[debug] [2026-03-03T09:51:09.809Z] >>> [apiv2][body] POST https://logging.googleapis.com/v2/entries:list {"resourceNames":["projects/storecheck-6fdc8"],"filter":"resource.type=\"cloud_function\" OR (resource.type=\"cloud_run_revision\" AND labels.\"goog-managed-by\"=\"cloudfunctions\")\n(resource.labels.function_name=\"deleteMyAccount\" OR resource.labels.service_name=\"deleteMyAccount\")","orderBy":"timestamp desc","pageSize":"20"}
[debug] [2026-03-03T09:51:10.881Z] <<< [apiv2][status] POST https://logging.googleapis.com/v2/entries:list 200
[debug] [2026-03-03T09:51:08.679Z] ----------------------------------------------------------------------
[debug] [2026-03-03T09:51:08.693Z] Command:       /usr/local/bin/node /Users/majdinagi/.npm-global/bin/firebase deploy --only functions:deleteMyAccount --project storecheck-6fdc8
[debug] [2026-03-03T09:51:08.694Z] CLI Version:   15.8.0
[debug] [2026-03-03T09:51:08.694Z] Platform:      darwin
[debug] [2026-03-03T09:51:08.694Z] Node Version:  v22.12.0
[debug] [2026-03-03T09:51:08.695Z] Time:          Tue Mar 03 2026 04:51:08 GMT-0500 (Eastern Standard Time)
[debug] [2026-03-03T09:51:08.695Z] ----------------------------------------------------------------------
[debug] 
[debug] [2026-03-03T09:51:11.869Z] > command requires scopes: ["email","openid","https://www.googleapis.com/auth/cloudplatformprojects.readonly","https://www.googleapis.com/auth/firebase","https://www.googleapis.com/auth/cloud-platform"]
[debug] [2026-03-03T09:51:11.870Z] > authorizing via signed-in user (majdinagi@gmail.com)
[debug] [2026-03-03T09:51:11.871Z] [iam] checking project storecheck-6fdc8 for permissions ["cloudfunctions.functions.create","cloudfunctions.functions.delete","cloudfunctions.functions.get","cloudfunctions.functions.list","cloudfunctions.functions.update","cloudfunctions.operations.get","firebase.projects.get"]
[debug] [2026-03-03T09:51:11.873Z] Checked if tokens are valid: true, expires at: 1772533097040
[debug] [2026-03-03T09:51:11.873Z] Checked if tokens are valid: true, expires at: 1772533097040
[debug] [2026-03-03T09:51:11.874Z] >>> [apiv2][query] POST https://cloudresourcemanager.googleapis.com/v1/projects/storecheck-6fdc8:testIamPermissions [none]
[debug] [2026-03-03T09:51:11.875Z] >>> [apiv2][(partial)header] POST https://cloudresourcemanager.googleapis.com/v1/projects/storecheck-6fdc8:testIamPermissions  x-goog-user-project=storecheck-6fdc8
[debug] [2026-03-03T09:51:11.875Z] >>> [apiv2][body] POST https://cloudresourcemanager.googleapis.com/v1/projects/storecheck-6fdc8:testIamPermissions {"permissions":["cloudfunctions.functions.create","cloudfunctions.functions.delete","cloudfunctions.functions.get","cloudfunctions.functions.list","cloudfunctions.functions.update","cloudfunctions.operations.get","firebase.projects.get"]}
[debug] [2026-03-03T09:51:12.331Z] <<< [apiv2][status] POST https://cloudresourcemanager.googleapis.com/v1/projects/storecheck-6fdc8:testIamPermissions 200
[debug] [2026-03-03T09:51:12.332Z] <<< [apiv2][body] POST https://cloudresourcemanager.googleapis.com/v1/projects/storecheck-6fdc8:testIamPermissions {"permissions":["cloudfunctions.functions.create","cloudfunctions.functions.delete","cloudfunctions.functions.get","cloudfunctions.functions.list","cloudfunctions.functions.update","cloudfunctions.operations.get","firebase.projects.get"]}
[debug] [2026-03-03T09:51:12.332Z] Checked if tokens are valid: true, expires at: 1772533097040
[debug] [2026-03-03T09:51:12.333Z] Checked if tokens are valid: true, expires at: 1772533097040
[debug] [2026-03-03T09:51:12.333Z] >>> [apiv2][query] POST https://iam.googleapis.com/v1/projects/storecheck-6fdc8/serviceAccounts/storecheck-6fdc8@appspot.gserviceaccount.com:testIamPermissions [none]
[debug] [2026-03-03T09:51:12.333Z] >>> [apiv2][body] POST https://iam.googleapis.com/v1/projects/storecheck-6fdc8/serviceAccounts/storecheck-6fdc8@appspot.gserviceaccount.com:testIamPermissions {"permissions":["iam.serviceAccounts.actAs"]}
[debug] [2026-03-03T09:51:12.678Z] <<< [apiv2][status] POST https://iam.googleapis.com/v1/projects/storecheck-6fdc8/serviceAccounts/storecheck-6fdc8@appspot.gserviceaccount.com:testIamPermissions 200
[debug] [2026-03-03T09:51:12.678Z] <<< [apiv2][body] POST https://iam.googleapis.com/v1/projects/storecheck-6fdc8/serviceAccounts/storecheck-6fdc8@appspot.gserviceaccount.com:testIamPermissions {"permissions":["iam.serviceAccounts.actAs"]}
[info] 
[info] === Deploying to 'storecheck-6fdc8'...
[info] 
[info] i  deploying functions 
[debug] [2026-03-03T09:51:12.682Z] Checked if tokens are valid: true, expires at: 1772533097040
[debug] [2026-03-03T09:51:12.683Z] Checked if tokens are valid: true, expires at: 1772533097040
[debug] [2026-03-03T09:51:12.683Z] >>> [apiv2][query] GET https://cloudresourcemanager.googleapis.com/v1/projects/storecheck-6fdc8 [none]
[debug] [2026-03-03T09:51:12.805Z] <<< [apiv2][status] GET https://cloudresourcemanager.googleapis.com/v1/projects/storecheck-6fdc8 200
[debug] [2026-03-03T09:51:12.805Z] <<< [apiv2][body] GET https://cloudresourcemanager.googleapis.com/v1/projects/storecheck-6fdc8 {"projectNumber":"90689794332","projectId":"storecheck-6fdc8","lifecycleState":"ACTIVE","name":"storeCheck","labels":{"firebase":"enabled","firebase-core":"disabled"},"createTime":"2026-02-15T05:45:59.234728Z"}
[info] i  functions: preparing codebase default for deployment 
[info] i  functions: ensuring required API cloudfunctions.googleapis.com is enabled... 
[info] i  functions: ensuring required API cloudbuild.googleapis.com is enabled... 
[info] i  artifactregistry: ensuring required API artifactregistry.googleapis.com is enabled... 
[debug] [2026-03-03T09:51:12.807Z] Checked if tokens are valid: true, expires at: 1772533097040
[debug] [2026-03-03T09:51:12.807Z] Checked if tokens are valid: true, expires at: 1772533097040
[debug] [2026-03-03T09:51:12.807Z] >>> [apiv2][query] GET https://firebase.googleapis.com/v1beta1/projects/storecheck-6fdc8/adminSdkConfig [none]
[debug] [2026-03-03T09:51:13.266Z] <<< [apiv2][status] GET https://firebase.googleapis.com/v1beta1/projects/storecheck-6fdc8/adminSdkConfig 200
[debug] [2026-03-03T09:51:13.267Z] <<< [apiv2][body] GET https://firebase.googleapis.com/v1beta1/projects/storecheck-6fdc8/adminSdkConfig {"projectId":"storecheck-6fdc8","storageBucket":"storecheck-6fdc8.firebasestorage.app"}
[debug] [2026-03-03T09:51:13.267Z] Checked if tokens are valid: true, expires at: 1772533097040
[debug] [2026-03-03T09:51:13.267Z] Checked if tokens are valid: true, expires at: 1772533097040
[debug] [2026-03-03T09:51:13.267Z] >>> [apiv2][query] GET https://runtimeconfig.googleapis.com/v1beta1/projects/storecheck-6fdc8/configs [none]
[debug] [2026-03-03T09:51:13.539Z] <<< [apiv2][status] GET https://runtimeconfig.googleapis.com/v1beta1/projects/storecheck-6fdc8/configs 200
[debug] [2026-03-03T09:51:13.539Z] <<< [apiv2][body] GET https://runtimeconfig.googleapis.com/v1beta1/projects/storecheck-6fdc8/configs {}
[debug] [2026-03-03T09:51:13.541Z] Validating nodejs source
[warn] ⚠  functions: Runtime Node.js 20 will be deprecated on 2026-04-30 and will be decommissioned on 2026-10-30, after which you will not be able to deploy without upgrading. Consider upgrading now to avoid disruption. See https://cloud.google.com/functions/docs/runtime-support for full details on the lifecycle policy 
[warn] ⚠  functions: package.json indicates an outdated version of firebase-functions. Please upgrade using npm install --save firebase-functions@latest in your functions directory. 
[warn] ⚠  functions: Please note that there will be breaking changes when you upgrade. 
[debug] [2026-03-03T09:51:15.028Z] > [functions] package.json contents: {
  "name": "storecheck-functions",
  "private": true,
  "engines": {
    "node": "20"
  },
  "main": "lib/index.js",
  "scripts": {
    "build": "tsc",
    "clean": "rm -rf lib"
  },
  "dependencies": {
    "firebase-admin": "^12.0.0",
    "firebase-functions": "^5.0.0"
  },
  "devDependencies": {
    "typescript": "^5.6.3"
  }
}
[debug] [2026-03-03T09:51:15.028Z] Building nodejs source
[info] i  functions: Loading and analyzing source code for codebase default to determine what to deploy 
[debug] [2026-03-03T09:51:15.029Z] Could not find functions.yaml. Must use http discovery
[debug] [2026-03-03T09:51:15.057Z] Found firebase-functions binary at '/Users/majdinagi/Documents/StorePass/functions/node_modules/.bin/firebase-functions'
[info] Serving at port 8428

[debug] [2026-03-03T09:51:15.875Z] Got response from /__/functions.yaml {"endpoints":{"joinStoreByCode":{"availableMemoryMb":null,"timeoutSeconds":null,"minInstances":null,"maxInstances":null,"ingressSettings":null,"concurrency":null,"serviceAccountEmail":null,"vpc":null,"platform":"gcfv2","region":["us-central1"],"labels":{},"httpsTrigger":{},"entryPoint":"joinStoreByCode"},"rotateStoreCode":{"availableMemoryMb":null,"timeoutSeconds":null,"minInstances":null,"maxInstances":null,"ingressSettings":null,"concurrency":null,"serviceAccountEmail":null,"vpc":null,"platform":"gcfv2","region":["us-central1"],"labels":{},"httpsTrigger":{},"entryPoint":"rotateStoreCode"},"getStoreJoinCode":{"availableMemoryMb":null,"timeoutSeconds":null,"minInstances":null,"maxInstances":null,"ingressSettings":null,"concurrency":null,"serviceAccountEmail":null,"vpc":null,"platform":"gcfv2","region":["us-central1"],"labels":{},"httpsTrigger":{},"entryPoint":"getStoreJoinCode"},"setUserRole":{"availableMemoryMb":null,"timeoutSeconds":null,"minInstances":null,"maxInstances":null,"ingressSettings":null,"concurrency":null,"serviceAccountEmail":null,"vpc":null,"platform":"gcfv2","region":["us-central1"],"labels":{},"httpsTrigger":{},"entryPoint":"setUserRole"},"leaveStore":{"availableMemoryMb":null,"timeoutSeconds":null,"minInstances":null,"maxInstances":null,"ingressSettings":null,"concurrency":null,"serviceAccountEmail":null,"vpc":null,"platform":"gcfv2","region":["us-central1"],"labels":{},"callableTrigger":{},"entryPoint":"leaveStore"},"removeEmployeeFromStore":{"availableMemoryMb":null,"timeoutSeconds":null,"minInstances":null,"maxInstances":null,"ingressSettings":null,"concurrency":null,"serviceAccountEmail":null,"vpc":null,"platform":"gcfv2","region":["us-central1"],"labels":{},"callableTrigger":{},"entryPoint":"removeEmployeeFromStore"},"deleteMyAccount":{"availableMemoryMb":null,"timeoutSeconds":null,"minInstances":null,"maxInstances":null,"ingressSettings":null,"concurrency":null,"serviceAccountEmail":null,"vpc":null,"platform":"gcfv2","region":["us-central1"],"labels":{},"callableTrigger":{},"entryPoint":"deleteMyAccount"},"deleteManagerAccount":{"availableMemoryMb":null,"timeoutSeconds":null,"minInstances":null,"maxInstances":null,"ingressSettings":null,"concurrency":null,"serviceAccountEmail":null,"vpc":null,"platform":"gcfv2","region":["us-central1"],"labels":{},"callableTrigger":{},"entryPoint":"deleteManagerAccount"}},"specVersion":"v1alpha1","requiredAPIs":[],"extensions":{}}
[info] i  extensions: ensuring required API firebaseextensions.googleapis.com is enabled... 
[debug] [2026-03-03T09:51:19.919Z] > command requires scopes: ["email","openid","https://www.googleapis.com/auth/cloudplatformprojects.readonly","https://www.googleapis.com/auth/firebase","https://www.googleapis.com/auth/cloud-platform"]
[debug] [2026-03-03T09:51:19.919Z] > authorizing via signed-in user (majdinagi@gmail.com)
[debug] [2026-03-03T09:51:19.919Z] [iam] checking project storecheck-6fdc8 for permissions ["firebase.projects.get","firebaseextensions.instances.list"]
[debug] [2026-03-03T09:51:19.919Z] Checked if tokens are valid: true, expires at: 1772533097040
[debug] [2026-03-03T09:51:19.920Z] Checked if tokens are valid: true, expires at: 1772533097040
[debug] [2026-03-03T09:51:19.920Z] >>> [apiv2][query] POST https://cloudresourcemanager.googleapis.com/v1/projects/storecheck-6fdc8:testIamPermissions [none]
[debug] [2026-03-03T09:51:19.920Z] >>> [apiv2][(partial)header] POST https://cloudresourcemanager.googleapis.com/v1/projects/storecheck-6fdc8:testIamPermissions  x-goog-user-project=storecheck-6fdc8
[debug] [2026-03-03T09:51:19.920Z] >>> [apiv2][body] POST https://cloudresourcemanager.googleapis.com/v1/projects/storecheck-6fdc8:testIamPermissions {"permissions":["firebase.projects.get","firebaseextensions.instances.list"]}
[debug] [2026-03-03T09:51:20.192Z] <<< [apiv2][status] POST https://cloudresourcemanager.googleapis.com/v1/projects/storecheck-6fdc8:testIamPermissions 200
[debug] [2026-03-03T09:51:20.192Z] <<< [apiv2][body] POST https://cloudresourcemanager.googleapis.com/v1/projects/storecheck-6fdc8:testIamPermissions {"permissions":["firebase.projects.get","firebaseextensions.instances.list"]}
[debug] [2026-03-03T09:51:20.192Z] Checked if tokens are valid: true, expires at: 1772533097040
[debug] [2026-03-03T09:51:20.192Z] Checked if tokens are valid: true, expires at: 1772533097040
[debug] [2026-03-03T09:51:20.193Z] >>> [apiv2][query] GET https://firebaseextensions.googleapis.com/v1beta/projects/storecheck-6fdc8/instances pageSize=100&pageToken=
[debug] [2026-03-03T09:51:20.608Z] <<< [apiv2][status] GET https://firebaseextensions.googleapis.com/v1beta/projects/storecheck-6fdc8/instances 200
[debug] [2026-03-03T09:51:20.608Z] <<< [apiv2][body] GET https://firebaseextensions.googleapis.com/v1beta/projects/storecheck-6fdc8/instances {}
[info] i  functions: preparing functions directory for uploading... 
[info] i  functions: packaged /Users/majdinagi/Documents/StorePass/functions (53.6 KB) for uploading 
[debug] [2026-03-03T09:51:20.684Z] Checked if tokens are valid: true, expires at: 1772533097040
[debug] [2026-03-03T09:51:20.684Z] Checked if tokens are valid: true, expires at: 1772533097040
[debug] [2026-03-03T09:51:20.684Z] >>> [apiv2][query] GET https://cloudfunctions.googleapis.com/v1/projects/storecheck-6fdc8/locations/-/functions [none]
[debug] [2026-03-03T09:51:21.248Z] <<< [apiv2][status] GET https://cloudfunctions.googleapis.com/v1/projects/storecheck-6fdc8/locations/-/functions 200
[debug] [2026-03-03T09:51:21.249Z] <<< [apiv2][body] GET https://cloudfunctions.googleapis.com/v1/projects/storecheck-6fdc8/locations/-/functions {}
[debug] [2026-03-03T09:51:21.249Z] Checked if tokens are valid: true, expires at: 1772533097040
[debug] [2026-03-03T09:51:21.249Z] Checked if tokens are valid: true, expires at: 1772533097040
[debug] [2026-03-03T09:51:21.249Z] >>> [apiv2][query] GET https://cloudfunctions.googleapis.com/v2/projects/storecheck-6fdc8/locations/-/functions filter=environment%3D%22GEN_2%22
[debug] [2026-03-03T09:51:21.800Z] <<< [apiv2][status] GET https://cloudfunctions.googleapis.com/v2/projects/storecheck-6fdc8/locations/-/functions 200
[debug] [2026-03-03T09:51:21.800Z] <<< [apiv2][body] GET https://cloudfunctions.googleapis.com/v2/projects/storecheck-6fdc8/locations/-/functions {"functions":[{"name":"projects/storecheck-6fdc8/locations/us-central1/functions/removeEmployeeFromStore","buildConfig":{"build":"projects/90689794332/locations/us-central1/builds/2cc4d99d-2cc9-4616-b8c3-d406c22748e3","runtime":"nodejs20","entryPoint":"removeEmployeeFromStore","source":{"storageSource":{"bucket":"gcf-v2-sources-90689794332-us-central1","object":"removeEmployeeFromStore/function-source.zip","generation":"1772522904107137"}},"environmentVariables":{"GOOGLE_NODE_RUN_SCRIPTS":""},"dockerRepository":"projects/storecheck-6fdc8/locations/us-central1/repositories/gcf-artifacts","sourceProvenance":{"resolvedStorageSource":{"bucket":"gcf-v2-sources-90689794332-us-central1","object":"removeEmployeeFromStore/function-source.zip","generation":"1772522904107137"}},"dockerRegistry":"ARTIFACT_REGISTRY","serviceAccount":"projects/storecheck-6fdc8/serviceAccounts/90689794332-compute@developer.gserviceaccount.com","automaticUpdatePolicy":{}},"serviceConfig":{"service":"projects/storecheck-6fdc8/locations/us-central1/services/removeemployeefromstore","timeoutSeconds":60,"environmentVariables":{"FIREBASE_CONFIG":"{\"projectId\":\"storecheck-6fdc8\",\"storageBucket\":\"storecheck-6fdc8.firebasestorage.app\"}","GCLOUD_PROJECT":"storecheck-6fdc8","EVENTARC_CLOUD_EVENT_SOURCE":"projects/storecheck-6fdc8/locations/us-central1/services/removeEmployeeFromStore","FUNCTION_TARGET":"removeEmployeeFromStore","LOG_EXECUTION_ID":"true","FUNCTION_SIGNATURE_TYPE":"http"},"maxInstanceCount":20,"ingressSettings":"ALLOW_ALL","uri":"https://removeemployeefromstore-j27oidbnmq-uc.a.run.app","serviceAccountEmail":"90689794332-compute@developer.gserviceaccount.com","availableMemory":"256Mi","allTrafficOnLatestRevision":true,"revision":"removeemployeefromstore-00016-zap","maxInstanceRequestConcurrency":80,"availableCpu":"1"},"state":"ACTIVE","updateTime":"2026-03-03T07:29:29.821952069Z","labels":{"deployment-tool":"cli-firebase","deployment-callable":"true","firebase-functions-hash":"332b57c40de031c24d04cf54ac79efd55db287b1"},"environment":"GEN_2","url":"https://us-central1-storecheck-6fdc8.cloudfunctions.net/removeEmployeeFromStore","createTime":"2026-02-23T05:41:47.060613891Z","satisfiesPzi":true},{"name":"projects/storecheck-6fdc8/locations/us-central1/functions/setUserRole","buildConfig":{"build":"projects/90689794332/locations/us-central1/builds/ab940dbd-52ad-4b1a-aaa3-15170df50412","runtime":"nodejs20","entryPoint":"setUserRole","source":{"storageSource":{"bucket":"gcf-v2-sources-90689794332-us-central1","object":"setUserRole/function-source.zip","generation":"1772263417816013"}},"environmentVariables":{"GOOGLE_NODE_RUN_SCRIPTS":""},"dockerRepository":"projects/storecheck-6fdc8/locations/us-central1/repositories/gcf-artifacts","sourceProvenance":{"resolvedStorageSource":{"bucket":"gcf-v2-sources-90689794332-us-central1","object":"setUserRole/function-source.zip","generation":"1772263417816013"}},"dockerRegistry":"ARTIFACT_REGISTRY","serviceAccount":"projects/storecheck-6fdc8/serviceAccounts/90689794332-compute@developer.gserviceaccount.com","automaticUpdatePolicy":{}},"serviceConfig":{"service":"projects/storecheck-6fdc8/locations/us-central1/services/setuserrole","timeoutSeconds":60,"environmentVariables":{"FIREBASE_CONFIG":"{\"projectId\":\"storecheck-6fdc8\",\"storageBucket\":\"storecheck-6fdc8.firebasestorage.app\"}","GCLOUD_PROJECT":"storecheck-6fdc8","EVENTARC_CLOUD_EVENT_SOURCE":"projects/storecheck-6fdc8/locations/us-central1/services/setUserRole","FUNCTION_TARGET":"setUserRole","LOG_EXECUTION_ID":"true","FUNCTION_SIGNATURE_TYPE":"http"},"maxInstanceCount":20,"ingressSettings":"ALLOW_ALL","uri":"https://setuserrole-j27oidbnmq-uc.a.run.app","serviceAccountEmail":"90689794332-compute@developer.gserviceaccount.com","availableMemory":"256Mi","allTrafficOnLatestRevision":true,"revision":"setuserrole-00016-taf","maxInstanceRequestConcurrency":80,"availableCpu":"1"},"state":"ACTIVE","updateTime":"2026-02-28T07:23:44.599205315Z","labels":{"firebase-functions-hash":"7f4e72ce02ba04833950df5461fc7f1975655136","deployment-tool":"cli-firebase"},"environment":"GEN_2","url":"https://us-central1-storecheck-6fdc8.cloudfunctions.net/setUserRole","createTime":"2026-02-21T11:06:20.192140171Z","satisfiesPzi":true},{"name":"projects/storecheck-6fdc8/locations/us-central1/functions/leaveStore","buildConfig":{"build":"projects/90689794332/locations/us-central1/builds/ab940dbd-52ad-4b1a-aaa3-15170df50412","runtime":"nodejs20","entryPoint":"leaveStore","source":{"storageSource":{"bucket":"gcf-v2-sources-90689794332-us-central1","object":"leaveStore/function-source.zip","generation":"1772263417824500"}},"environmentVariables":{"GOOGLE_NODE_RUN_SCRIPTS":""},"dockerRepository":"projects/storecheck-6fdc8/locations/us-central1/repositories/gcf-artifacts","sourceProvenance":{"resolvedStorageSource":{"bucket":"gcf-v2-sources-90689794332-us-central1","object":"leaveStore/function-source.zip","generation":"1772263417824500"}},"dockerRegistry":"ARTIFACT_REGISTRY","serviceAccount":"projects/storecheck-6fdc8/serviceAccounts/90689794332-compute@developer.gserviceaccount.com","automaticUpdatePolicy":{}},"serviceConfig":{"service":"projects/storecheck-6fdc8/locations/us-central1/services/leavestore","timeoutSeconds":60,"environmentVariables":{"FIREBASE_CONFIG":"{\"projectId\":\"storecheck-6fdc8\",\"storageBucket\":\"storecheck-6fdc8.firebasestorage.app\"}","GCLOUD_PROJECT":"storecheck-6fdc8","EVENTARC_CLOUD_EVENT_SOURCE":"projects/storecheck-6fdc8/locations/us-central1/services/leaveStore","FUNCTION_TARGET":"leaveStore","LOG_EXECUTION_ID":"true","FUNCTION_SIGNATURE_TYPE":"http"},"maxInstanceCount":20,"ingressSettings":"ALLOW_ALL","uri":"https://leavestore-j27oidbnmq-uc.a.run.app","serviceAccountEmail":"90689794332-compute@developer.gserviceaccount.com","availableMemory":"256Mi","allTrafficOnLatestRevision":true,"revision":"leavestore-00015-zab","maxInstanceRequestConcurrency":80,"availableCpu":"1"},"state":"ACTIVE","updateTime":"2026-02-28T07:23:44.649181091Z","labels":{"deployment-tool":"cli-firebase","deployment-callable":"true","firebase-functions-hash":"7f4e72ce02ba04833950df5461fc7f1975655136"},"environment":"GEN_2","url":"https://us-central1-storecheck-6fdc8.cloudfunctions.net/leaveStore","createTime":"2026-02-23T05:40:48.214301519Z","satisfiesPzi":true},{"name":"projects/storecheck-6fdc8/locations/us-central1/functions/getStoreJoinCode","buildConfig":{"build":"projects/90689794332/locations/us-central1/builds/ab940dbd-52ad-4b1a-aaa3-15170df50412","runtime":"nodejs20","entryPoint":"getStoreJoinCode","source":{"storageSource":{"bucket":"gcf-v2-sources-90689794332-us-central1","object":"getStoreJoinCode/function-source.zip","generation":"1772263417763121"}},"environmentVariables":{"GOOGLE_NODE_RUN_SCRIPTS":""},"dockerRepository":"projects/storecheck-6fdc8/locations/us-central1/repositories/gcf-artifacts","sourceProvenance":{"resolvedStorageSource":{"bucket":"gcf-v2-sources-90689794332-us-central1","object":"getStoreJoinCode/function-source.zip","generation":"1772263417763121"}},"dockerRegistry":"ARTIFACT_REGISTRY","serviceAccount":"projects/storecheck-6fdc8/serviceAccounts/90689794332-compute@developer.gserviceaccount.com","automaticUpdatePolicy":{}},"serviceConfig":{"service":"projects/storecheck-6fdc8/locations/us-central1/services/getstorejoincode","timeoutSeconds":60,"environmentVariables":{"FIREBASE_CONFIG":"{\"projectId\":\"storecheck-6fdc8\",\"storageBucket\":\"storecheck-6fdc8.firebasestorage.app\"}","GCLOUD_PROJECT":"storecheck-6fdc8","EVENTARC_CLOUD_EVENT_SOURCE":"projects/storecheck-6fdc8/locations/us-central1/services/getStoreJoinCode","FUNCTION_TARGET":"getStoreJoinCode","LOG_EXECUTION_ID":"true","FUNCTION_SIGNATURE_TYPE":"http"},"maxInstanceCount":20,"ingressSettings":"ALLOW_ALL","uri":"https://getstorejoincode-j27oidbnmq-uc.a.run.app","serviceAccountEmail":"90689794332-compute@developer.gserviceaccount.com","availableMemory":"256Mi","allTrafficOnLatestRevision":true,"revision":"getstorejoincode-00017-dis","maxInstanceRequestConcurrency":80,"availableCpu":"1"},"state":"ACTIVE","updateTime":"2026-02-28T07:23:43.861439293Z","labels":{"deployment-tool":"cli-firebase","firebase-functions-hash":"7f4e72ce02ba04833950df5461fc7f1975655136"},"environment":"GEN_2","url":"https://us-central1-storecheck-6fdc8.cloudfunctions.net/getStoreJoinCode","createTime":"2026-02-21T08:13:03.293631242Z","satisfiesPzi":true},{"name":"projects/storecheck-6fdc8/locations/us-central1/functions/joinStoreByCode","buildConfig":{"build":"projects/90689794332/locations/us-central1/builds/ab940dbd-52ad-4b1a-aaa3-15170df50412","runtime":"nodejs20","entryPoint":"joinStoreByCode","source":{"storageSource":{"bucket":"gcf-v2-sources-90689794332-us-central1","object":"joinStoreByCode/function-source.zip","generation":"1772263368586471"}},"environmentVariables":{"GOOGLE_NODE_RUN_SCRIPTS":""},"dockerRepository":"projects/storecheck-6fdc8/locations/us-central1/repositories/gcf-artifacts","sourceProvenance":{"resolvedStorageSource":{"bucket":"gcf-v2-sources-90689794332-us-central1","object":"joinStoreByCode/function-source.zip","generation":"1772263368586471"}},"dockerRegistry":"ARTIFACT_REGISTRY","serviceAccount":"projects/storecheck-6fdc8/serviceAccounts/90689794332-compute@developer.gserviceaccount.com","automaticUpdatePolicy":{}},"serviceConfig":{"service":"projects/storecheck-6fdc8/locations/us-central1/services/joinstorebycode","timeoutSeconds":60,"environmentVariables":{"FIREBASE_CONFIG":"{\"projectId\":\"storecheck-6fdc8\",\"storageBucket\":\"storecheck-6fdc8.firebasestorage.app\"}","GCLOUD_PROJECT":"storecheck-6fdc8","EVENTARC_CLOUD_EVENT_SOURCE":"projects/storecheck-6fdc8/locations/us-central1/services/joinStoreByCode","FUNCTION_TARGET":"joinStoreByCode","LOG_EXECUTION_ID":"true","FUNCTION_SIGNATURE_TYPE":"http"},"maxInstanceCount":20,"ingressSettings":"ALLOW_ALL","uri":"https://joinstorebycode-j27oidbnmq-uc.a.run.app","serviceAccountEmail":"90689794332-compute@developer.gserviceaccount.com","availableMemory":"256Mi","allTrafficOnLatestRevision":true,"revision":"joinstorebycode-00017-ven","maxInstanceRequestConcurrency":80,"availableCpu":"1"},"state":"ACTIVE","updateTime":"2026-02-28T07:23:43.039840165Z","labels":{"deployment-tool":"cli-firebase","firebase-functions-hash":"7f4e72ce02ba04833950df5461fc7f1975655136"},"environment":"GEN_2","url":"https://us-central1-storecheck-6fdc8.cloudfunctions.net/joinStoreByCode","createTime":"2026-02-21T08:11:42.922325284Z","satisfiesPzi":true},{"name":"projects/storecheck-6fdc8/locations/us-central1/functions/rotateStoreCode","buildConfig":{"build":"projects/90689794332/locations/us-central1/builds/ab940dbd-52ad-4b1a-aaa3-15170df50412","runtime":"nodejs20","entryPoint":"rotateStoreCode","source":{"storageSource":{"bucket":"gcf-v2-sources-90689794332-us-central1","object":"rotateStoreCode/function-source.zip","generation":"1772263417811668"}},"environmentVariables":{"GOOGLE_NODE_RUN_SCRIPTS":""},"dockerRepository":"projects/storecheck-6fdc8/locations/us-central1/repositories/gcf-artifacts","sourceProvenance":{"resolvedStorageSource":{"bucket":"gcf-v2-sources-90689794332-us-central1","object":"rotateStoreCode/function-source.zip","generation":"1772263417811668"}},"dockerRegistry":"ARTIFACT_REGISTRY","serviceAccount":"projects/storecheck-6fdc8/serviceAccounts/90689794332-compute@developer.gserviceaccount.com","automaticUpdatePolicy":{}},"serviceConfig":{"service":"projects/storecheck-6fdc8/locations/us-central1/services/rotatestorecode","timeoutSeconds":60,"environmentVariables":{"FIREBASE_CONFIG":"{\"projectId\":\"storecheck-6fdc8\",\"storageBucket\":\"storecheck-6fdc8.firebasestorage.app\"}","GCLOUD_PROJECT":"storecheck-6fdc8","EVENTARC_CLOUD_EVENT_SOURCE":"projects/storecheck-6fdc8/locations/us-central1/services/rotateStoreCode","FUNCTION_TARGET":"rotateStoreCode","LOG_EXECUTION_ID":"true","FUNCTION_SIGNATURE_TYPE":"http"},"maxInstanceCount":20,"ingressSettings":"ALLOW_ALL","uri":"https://rotatestorecode-j27oidbnmq-uc.a.run.app","serviceAccountEmail":"90689794332-compute@developer.gserviceaccount.com","availableMemory":"256Mi","allTrafficOnLatestRevision":true,"revision":"rotatestorecode-00017-dar","maxInstanceRequestConcurrency":80,"availableCpu":"1"},"state":"ACTIVE","updateTime":"2026-02-28T07:23:44.207451773Z","labels":{"deployment-tool":"cli-firebase","firebase-functions-hash":"7f4e72ce02ba04833950df5461fc7f1975655136"},"environment":"GEN_2","url":"https://us-central1-storecheck-6fdc8.cloudfunctions.net/rotateStoreCode","createTime":"2026-02-21T08:13:03.268694037Z","satisfiesPzi":true},{"name":"projects/storecheck-6fdc8/locations/us-central1/functions/deleteManagerAccount","buildConfig":{"build":"projects/90689794332/locations/us-central1/builds/ab940dbd-52ad-4b1a-aaa3-15170df50412","runtime":"nodejs20","entryPoint":"deleteManagerAccount","source":{"storageSource":{"bucket":"gcf-v2-sources-90689794332-us-central1","object":"deleteManagerAccount/function-source.zip","generation":"1772263417823838"}},"environmentVariables":{"GOOGLE_NODE_RUN_SCRIPTS":""},"dockerRepository":"projects/storecheck-6fdc8/locations/us-central1/repositories/gcf-artifacts","sourceProvenance":{"resolvedStorageSource":{"bucket":"gcf-v2-sources-90689794332-us-central1","object":"deleteManagerAccount/function-source.zip","generation":"1772263417823838"}},"dockerRegistry":"ARTIFACT_REGISTRY","serviceAccount":"projects/storecheck-6fdc8/serviceAccounts/90689794332-compute@developer.gserviceaccount.com","automaticUpdatePolicy":{}},"serviceConfig":{"service":"projects/storecheck-6fdc8/locations/us-central1/services/deletemanageraccount","timeoutSeconds":60,"environmentVariables":{"FIREBASE_CONFIG":"{\"projectId\":\"storecheck-6fdc8\",\"storageBucket\":\"storecheck-6fdc8.firebasestorage.app\"}","GCLOUD_PROJECT":"storecheck-6fdc8","EVENTARC_CLOUD_EVENT_SOURCE":"projects/storecheck-6fdc8/locations/us-central1/services/deleteManagerAccount","FUNCTION_TARGET":"deleteManagerAccount","LOG_EXECUTION_ID":"true","FUNCTION_SIGNATURE_TYPE":"http"},"maxInstanceCount":20,"ingressSettings":"ALLOW_ALL","uri":"https://deletemanageraccount-j27oidbnmq-uc.a.run.app","serviceAccountEmail":"90689794332-compute@developer.gserviceaccount.com","availableMemory":"256Mi","allTrafficOnLatestRevision":true,"revision":"deletemanageraccount-00014-luw","maxInstanceRequestConcurrency":80,"availableCpu":"1"},"state":"ACTIVE","updateTime":"2026-02-28T07:23:44.356336178Z","labels":{"deployment-tool":"cli-firebase","deployment-callable":"true","firebase-functions-hash":"7f4e72ce02ba04833950df5461fc7f1975655136"},"environment":"GEN_2","url":"https://us-central1-storecheck-6fdc8.cloudfunctions.net/deleteManagerAccount","createTime":"2026-02-23T07:47:40.483842158Z","satisfiesPzi":true},{"name":"projects/storecheck-6fdc8/locations/us-central1/functions/deleteMyAccount","buildConfig":{"build":"projects/90689794332/locations/us-central1/builds/0c2618a0-1dcb-4295-8134-b6ef5c5b940c","runtime":"nodejs20","entryPoint":"deleteMyAccount","source":{"storageSource":{"bucket":"gcf-v2-sources-90689794332-us-central1","object":"deleteMyAccount/function-source.zip","generation":"1772531315118917"}},"environmentVariables":{"GOOGLE_NODE_RUN_SCRIPTS":""},"dockerRepository":"projects/storecheck-6fdc8/locations/us-central1/repositories/gcf-artifacts","sourceProvenance":{"resolvedStorageSource":{"bucket":"gcf-v2-sources-90689794332-us-central1","object":"deleteMyAccount/function-source.zip","generation":"1772531315118917"}},"dockerRegistry":"ARTIFACT_REGISTRY","serviceAccount":"projects/storecheck-6fdc8/serviceAccounts/90689794332-compute@developer.gserviceaccount.com","automaticUpdatePolicy":{}},"serviceConfig":{"service":"projects/storecheck-6fdc8/locations/us-central1/services/deletemyaccount","timeoutSeconds":60,"environmentVariables":{"FIREBASE_CONFIG":"{\"projectId\":\"storecheck-6fdc8\",\"storageBucket\":\"storecheck-6fdc8.firebasestorage.app\"}","GCLOUD_PROJECT":"storecheck-6fdc8","EVENTARC_CLOUD_EVENT_SOURCE":"projects/storecheck-6fdc8/locations/us-central1/services/deleteMyAccount","FUNCTION_TARGET":"deleteMyAccount","LOG_EXECUTION_ID":"true","FUNCTION_SIGNATURE_TYPE":"http"},"maxInstanceCount":20,"ingressSettings":"ALLOW_ALL","uri":"https://deletemyaccount-j27oidbnmq-uc.a.run.app","serviceAccountEmail":"90689794332-compute@developer.gserviceaccount.com","availableMemory":"256Mi","allTrafficOnLatestRevision":true,"revision":"deletemyaccount-00016-nix","maxInstanceRequestConcurrency":80,"availableCpu":"1"},"state":"ACTIVE","updateTime":"2026-03-03T09:49:21.852810343Z","labels":{"firebase-functions-hash":"aea945ffcdbaab145c221836a9d609ac84729aa0","deployment-tool":"cli-firebase","deployment-callable":"true"},"environment":"GEN_2","url":"https://us-central1-storecheck-6fdc8.cloudfunctions.net/deleteMyAccount","createTime":"2026-02-23T08:59:00.455214369Z","satisfiesPzi":true}]}
[info] i  functions: ensuring required API run.googleapis.com is enabled... 
[info] i  functions: ensuring required API eventarc.googleapis.com is enabled... 
[info] i  functions: ensuring required API pubsub.googleapis.com is enabled... 
[info] i  functions: ensuring required API storage.googleapis.com is enabled... 
[info] i  functions: generating the service identity for pubsub.googleapis.com... 
[debug] [2026-03-03T09:51:21.806Z] Checked if tokens are valid: true, expires at: 1772533097040
[debug] [2026-03-03T09:51:21.806Z] Checked if tokens are valid: true, expires at: 1772533097040
[info] i  functions: generating the service identity for eventarc.googleapis.com... 
[debug] [2026-03-03T09:51:21.806Z] Checked if tokens are valid: true, expires at: 1772533097040
[debug] [2026-03-03T09:51:21.806Z] Checked if tokens are valid: true, expires at: 1772533097040
[debug] [2026-03-03T09:51:21.806Z] >>> [apiv2][query] POST https://serviceusage.googleapis.com/v1beta1/projects/90689794332/services/pubsub.googleapis.com:generateServiceIdentity [none]
[debug] [2026-03-03T09:51:21.806Z] >>> [apiv2][(partial)header] POST https://serviceusage.googleapis.com/v1beta1/projects/90689794332/services/pubsub.googleapis.com:generateServiceIdentity  x-goog-user-project=90689794332
[debug] [2026-03-03T09:51:21.806Z] >>> [apiv2][body] POST https://serviceusage.googleapis.com/v1beta1/projects/90689794332/services/pubsub.googleapis.com:generateServiceIdentity {}
[debug] [2026-03-03T09:51:21.809Z] >>> [apiv2][query] POST https://serviceusage.googleapis.com/v1beta1/projects/90689794332/services/eventarc.googleapis.com:generateServiceIdentity [none]
[debug] [2026-03-03T09:51:21.809Z] >>> [apiv2][(partial)header] POST https://serviceusage.googleapis.com/v1beta1/projects/90689794332/services/eventarc.googleapis.com:generateServiceIdentity  x-goog-user-project=90689794332
[debug] [2026-03-03T09:51:21.809Z] >>> [apiv2][body] POST https://serviceusage.googleapis.com/v1beta1/projects/90689794332/services/eventarc.googleapis.com:generateServiceIdentity {}
[debug] [2026-03-03T09:51:22.423Z] <<< [apiv2][status] POST https://serviceusage.googleapis.com/v1beta1/projects/90689794332/services/eventarc.googleapis.com:generateServiceIdentity 200
[debug] [2026-03-03T09:51:22.423Z] <<< [apiv2][body] POST https://serviceusage.googleapis.com/v1beta1/projects/90689794332/services/eventarc.googleapis.com:generateServiceIdentity {"name":"operations/finished.DONE_OPERATION","done":true,"response":{"@type":"type.googleapis.com/google.api.serviceusage.v1beta1.ServiceIdentity","email":"service-90689794332@gcp-sa-eventarc.iam.gserviceaccount.com","uniqueId":"108774278062214052811"}}
[debug] [2026-03-03T09:51:22.430Z] <<< [apiv2][status] POST https://serviceusage.googleapis.com/v1beta1/projects/90689794332/services/pubsub.googleapis.com:generateServiceIdentity 200
[debug] [2026-03-03T09:51:22.430Z] <<< [apiv2][body] POST https://serviceusage.googleapis.com/v1beta1/projects/90689794332/services/pubsub.googleapis.com:generateServiceIdentity {"name":"operations/finished.DONE_OPERATION","done":true,"response":{"@type":"type.googleapis.com/google.api.serviceusage.v1beta1.ServiceIdentity","email":"service-90689794332@gcp-sa-pubsub.iam.gserviceaccount.com","uniqueId":"103262922897180099960"}}
[debug] [2026-03-03T09:51:22.433Z] Checked if tokens are valid: true, expires at: 1772533097040
[debug] [2026-03-03T09:51:22.433Z] Checked if tokens are valid: true, expires at: 1772533097040
[debug] [2026-03-03T09:51:22.433Z] >>> [apiv2][query] GET https://cloudresourcemanager.googleapis.com/v1/projects/storecheck-6fdc8 [none]
[debug] [2026-03-03T09:51:22.581Z] <<< [apiv2][status] GET https://cloudresourcemanager.googleapis.com/v1/projects/storecheck-6fdc8 200
[debug] [2026-03-03T09:51:22.582Z] <<< [apiv2][body] GET https://cloudresourcemanager.googleapis.com/v1/projects/storecheck-6fdc8 {"projectNumber":"90689794332","projectId":"storecheck-6fdc8","lifecycleState":"ACTIVE","name":"storeCheck","labels":{"firebase":"enabled","firebase-core":"disabled"},"createTime":"2026-02-15T05:45:59.234728Z"}
[debug] [2026-03-03T09:51:22.583Z] Checked if tokens are valid: true, expires at: 1772533097040
[debug] [2026-03-03T09:51:22.584Z] Checked if tokens are valid: true, expires at: 1772533097040
[debug] [2026-03-03T09:51:22.584Z] >>> [apiv2][query] GET https://compute.googleapis.com/compute/v1/projects/90689794332 [none]
[debug] [2026-03-03T09:51:22.854Z] <<< [apiv2][status] GET https://compute.googleapis.com/compute/v1/projects/90689794332 403
[debug] [2026-03-03T09:51:22.855Z] <<< [apiv2][body] GET https://compute.googleapis.com/compute/v1/projects/90689794332 {"error":{"code":403,"message":"Compute Engine API has not been used in project 90689794332 before or it is disabled. Enable it by visiting https://console.developers.google.com/apis/api/compute.googleapis.com/overview?project=90689794332 then retry. If you enabled this API recently, wait a few minutes for the action to propagate to our systems and retry.","errors":[{"message":"Compute Engine API has not been used in project 90689794332 before or it is disabled. Enable it by visiting https://console.developers.google.com/apis/api/compute.googleapis.com/overview?project=90689794332 then retry. If you enabled this API recently, wait a few minutes for the action to propagate to our systems and retry.","domain":"usageLimits","reason":"accessNotConfigured","extendedHelp":"https://console.developers.google.com"}],"status":"PERMISSION_DENIED","details":[{"@type":"type.googleapis.com/google.rpc.ErrorInfo","reason":"SERVICE_DISABLED","domain":"googleapis.com","metadata":{"activationUrl":"https://console.developers.google.com/apis/api/compute.googleapis.com/overview?project=90689794332","serviceTitle":"Compute Engine API","consumer":"projects/90689794332","service":"compute.googleapis.com","containerInfo":"90689794332"}},{"@type":"type.googleapis.com/google.rpc.LocalizedMessage","locale":"en-US","message":"Compute Engine API has not been used in project 90689794332 before or it is disabled. Enable it by visiting https://console.developers.google.com/apis/api/compute.googleapis.com/overview?project=90689794332 then retry. If you enabled this API recently, wait a few minutes for the action to propagate to our systems and retry."},{"@type":"type.googleapis.com/google.rpc.Help","links":[{"description":"Google developers console API activation","url":"https://console.developers.google.com/apis/api/compute.googleapis.com/overview?project=90689794332"}]}]}}
[debug] [2026-03-03T09:51:22.855Z] unable to look up default compute service account. Falling back to 90689794332-compute@developer.gserviceaccount.com. Error: {"name":"FirebaseError","children":[],"context":{"body":{"error":{"code":403,"message":"Compute Engine API has not been used in project 90689794332 before or it is disabled. Enable it by visiting https://console.developers.google.com/apis/api/compute.googleapis.com/overview?project=90689794332 then retry. If you enabled this API recently, wait a few minutes for the action to propagate to our systems and retry.","errors":[{"message":"Compute Engine API has not been used in project 90689794332 before or it is disabled. Enable it by visiting https://console.developers.google.com/apis/api/compute.googleapis.com/overview?project=90689794332 then retry. If you enabled this API recently, wait a few minutes for the action to propagate to our systems and retry.","domain":"usageLimits","reason":"accessNotConfigured","extendedHelp":"https://console.developers.google.com"}],"status":"PERMISSION_DENIED","details":[{"@type":"type.googleapis.com/google.rpc.ErrorInfo","reason":"SERVICE_DISABLED","domain":"googleapis.com","metadata":{"activationUrl":"https://console.developers.google.com/apis/api/compute.googleapis.com/overview?project=90689794332","serviceTitle":"Compute Engine API","consumer":"projects/90689794332","service":"compute.googleapis.com","containerInfo":"90689794332"}},{"@type":"type.googleapis.com/google.rpc.LocalizedMessage","locale":"en-US","message":"Compute Engine API has not been used in project 90689794332 before or it is disabled. Enable it by visiting https://console.developers.google.com/apis/api/compute.googleapis.com/overview?project=90689794332 then retry. If you enabled this API recently, wait a few minutes for the action to propagate to our systems and retry."},{"@type":"type.googleapis.com/google.rpc.Help","links":[{"description":"Google developers console API activation","url":"https://console.developers.google.com/apis/api/compute.googleapis.com/overview?project=90689794332"}]}]}},"response":{"statusCode":403}},"exit":1,"message":"Request to https://compute.googleapis.com/compute/v1/projects/90689794332 had HTTP Error: 403, Compute Engine API has not been used in project 90689794332 before or it is disabled. Enable it by visiting https://console.developers.google.com/apis/api/compute.googleapis.com/overview?project=90689794332 then retry. If you enabled this API recently, wait a few minutes for the action to propagate to our systems and retry.","status":403}
[debug] [2026-03-03T09:51:22.856Z] Checked if tokens are valid: true, expires at: 1772533097040
[debug] [2026-03-03T09:51:22.856Z] Checked if tokens are valid: true, expires at: 1772533097040
[debug] [2026-03-03T09:51:22.856Z] >>> [apiv2][query] GET https://cloudbilling.googleapis.com/v1/projects/storecheck-6fdc8/billingInfo [none]
[debug] [2026-03-03T09:51:23.330Z] <<< [apiv2][status] GET https://cloudbilling.googleapis.com/v1/projects/storecheck-6fdc8/billingInfo 200
[debug] [2026-03-03T09:51:23.330Z] <<< [apiv2][body] GET https://cloudbilling.googleapis.com/v1/projects/storecheck-6fdc8/billingInfo {"name":"projects/storecheck-6fdc8/billingInfo","projectId":"storecheck-6fdc8","billingAccountName":"billingAccounts/015FE0-FED1C1-4DD237","billingEnabled":true}
[debug] [2026-03-03T09:51:23.332Z] Checked if tokens are valid: true, expires at: 1772533097040
[debug] [2026-03-03T09:51:23.333Z] Checked if tokens are valid: true, expires at: 1772533097040
[debug] [2026-03-03T09:51:23.333Z] >>> [apiv2][query] POST https://cloudfunctions.googleapis.com/v2/projects/storecheck-6fdc8/locations/us-central1/functions:generateUploadUrl [none]
[debug] [2026-03-03T09:51:23.627Z] <<< [apiv2][status] POST https://cloudfunctions.googleapis.com/v2/projects/storecheck-6fdc8/locations/us-central1/functions:generateUploadUrl 200
[debug] [2026-03-03T09:51:23.627Z] <<< [apiv2][body] POST https://cloudfunctions.googleapis.com/v2/projects/storecheck-6fdc8/locations/us-central1/functions:generateUploadUrl {"uploadUrl":"https://storage.googleapis.com/gcf-v2-uploads-90689794332.us-central1.cloudfunctions.appspot.com/e53c9aad-ee2c-4db3-a213-23e2896babdc.zip?GoogleAccessId=service-90689794332@gcf-admin-robot.iam.gserviceaccount.com&Expires=1772533283&Signature=ONkGk16C9KmRnqL6j%2BO%2Fd3FydXhNDUmYEDjTezkHXOPHWPGPrrbxNf40papZg6C5s4oOI2B4%2BmX5cwJlg8oHFBzyvCyfGaoASGwalVuOl3azlMKtr%2BjRl21VHIeLc6XBsxpu2J%2B9pZtF%2BEkFQ5yVeNqzq78yaCzt1VUi17PK1tnXvQ6mont2556e%2BK0JFNi1T6KyWfh1aTTJpYeVuskO%2FOuuEXXYtslLb1snaBE8hGUCNco0ZGjO3zAu4BcdxP%2B9kHbhppRz%2Bb99peqYuoxk6wM7OwgPynkZ4z3qS8L9tKfz0OUZn9FZIgR8NeDkTJC3CDkm0JInM5XWzadF6dAEAA%3D%3D","storageSource":{"bucket":"gcf-v2-uploads-90689794332.us-central1.cloudfunctions.appspot.com","object":"e53c9aad-ee2c-4db3-a213-23e2896babdc.zip"}}
[debug] [2026-03-03T09:51:23.628Z] >>> [apiv2][query] PUT https://storage.googleapis.com/gcf-v2-uploads-90689794332.us-central1.cloudfunctions.appspot.com/e53c9aad-ee2c-4db3-a213-23e2896babdc.zip GoogleAccessId=service-90689794332%40gcf-admin-robot.iam.gserviceaccount.com&Expires=1772533283&Signature=ONkGk16C9KmRnqL6j%2BO%2Fd3FydXhNDUmYEDjTezkHXOPHWPGPrrbxNf40papZg6C5s4oOI2B4%2BmX5cwJlg8oHFBzyvCyfGaoASGwalVuOl3azlMKtr%2BjRl21VHIeLc6XBsxpu2J%2B9pZtF%2BEkFQ5yVeNqzq78yaCzt1VUi17PK1tnXvQ6mont2556e%2BK0JFNi1T6KyWfh1aTTJpYeVuskO%2FOuuEXXYtslLb1snaBE8hGUCNco0ZGjO3zAu4BcdxP%2B9kHbhppRz%2Bb99peqYuoxk6wM7OwgPynkZ4z3qS8L9tKfz0OUZn9FZIgR8NeDkTJC3CDkm0JInM5XWzadF6dAEAA%3D%3D
[debug] [2026-03-03T09:51:23.628Z] >>> [apiv2][body] PUT https://storage.googleapis.com/gcf-v2-uploads-90689794332.us-central1.cloudfunctions.appspot.com/e53c9aad-ee2c-4db3-a213-23e2896babdc.zip [stream]
[debug] [2026-03-03T09:51:24.021Z] <<< [apiv2][status] PUT https://storage.googleapis.com/gcf-v2-uploads-90689794332.us-central1.cloudfunctions.appspot.com/e53c9aad-ee2c-4db3-a213-23e2896babdc.zip 200
[debug] [2026-03-03T09:51:24.021Z] <<< [apiv2][body] PUT https://storage.googleapis.com/gcf-v2-uploads-90689794332.us-central1.cloudfunctions.appspot.com/e53c9aad-ee2c-4db3-a213-23e2896babdc.zip [omitted]
[info] ✔  functions: functions source uploaded successfully 
[info] i  functions: updating Node.js 20 (2nd Gen) function deleteMyAccount(us-central1)... 
[debug] [2026-03-03T09:51:24.026Z] Checked if tokens are valid: true, expires at: 1772533097040
[debug] [2026-03-03T09:51:24.027Z] Checked if tokens are valid: true, expires at: 1772533097040
[debug] [2026-03-03T09:51:24.027Z] >>> [apiv2][query] PATCH https://cloudfunctions.googleapis.com/v2/projects/storecheck-6fdc8/locations/us-central1/functions/deleteMyAccount updateMask=name%2CbuildConfig.runtime%2CbuildConfig.entryPoint%2CbuildConfig.source.storageSource.bucket%2CbuildConfig.source.storageSource.object%2CbuildConfig.environmentVariables%2CbuildConfig.sourceToken%2CserviceConfig.environmentVariables%2CserviceConfig.ingressSettings%2CserviceConfig.timeoutSeconds%2CserviceConfig.serviceAccountEmail%2CserviceConfig.availableMemory%2CserviceConfig.minInstanceCount%2CserviceConfig.maxInstanceCount%2CserviceConfig.maxInstanceRequestConcurrency%2CserviceConfig.availableCpu%2CserviceConfig.vpcConnector%2CserviceConfig.vpcConnectorEgressSettings%2Clabels
[debug] [2026-03-03T09:51:24.027Z] >>> [apiv2][body] PATCH https://cloudfunctions.googleapis.com/v2/projects/storecheck-6fdc8/locations/us-central1/functions/deleteMyAccount {"name":"projects/storecheck-6fdc8/locations/us-central1/functions/deleteMyAccount","buildConfig":{"runtime":"nodejs20","entryPoint":"deleteMyAccount","source":{"storageSource":{"bucket":"gcf-v2-uploads-90689794332.us-central1.cloudfunctions.appspot.com","object":"e53c9aad-ee2c-4db3-a213-23e2896babdc.zip"}},"environmentVariables":{"GOOGLE_NODE_RUN_SCRIPTS":""}},"serviceConfig":{"environmentVariables":{"FIREBASE_CONFIG":"{\"projectId\":\"storecheck-6fdc8\",\"storageBucket\":\"storecheck-6fdc8.firebasestorage.app\"}","GCLOUD_PROJECT":"storecheck-6fdc8","EVENTARC_CLOUD_EVENT_SOURCE":"projects/storecheck-6fdc8/locations/us-central1/services/deleteMyAccount","FUNCTION_TARGET":"deleteMyAccount","LOG_EXECUTION_ID":"true","FUNCTION_SIGNATURE_TYPE":"http"},"ingressSettings":null,"timeoutSeconds":null,"serviceAccountEmail":null,"availableMemory":"256Mi","minInstanceCount":null,"maxInstanceCount":null,"maxInstanceRequestConcurrency":80,"availableCpu":"1","vpcConnector":null,"vpcConnectorEgressSettings":null},"labels":{"deployment-tool":"cli-firebase","deployment-callable":"true","firebase-functions-hash":"aea945ffcdbaab145c221836a9d609ac84729aa0"}}
[debug] [2026-03-03T09:51:25.356Z] <<< [apiv2][status] PATCH https://cloudfunctions.googleapis.com/v2/projects/storecheck-6fdc8/locations/us-central1/functions/deleteMyAccount 200
[debug] [2026-03-03T09:51:25.356Z] <<< [apiv2][body] PATCH https://cloudfunctions.googleapis.com/v2/projects/storecheck-6fdc8/locations/us-central1/functions/deleteMyAccount {"name":"projects/storecheck-6fdc8/locations/us-central1/operations/operation-1772531484216-64c1ba5784c67-b9b487c3-a87e8a41","metadata":{"@type":"type.googleapis.com/google.cloud.functions.v2.OperationMetadata","createTime":"2026-03-03T09:51:25.295549389Z","target":"projects/storecheck-6fdc8/locations/us-central1/functions/deleteMyAccount","verb":"update","cancelRequested":false,"apiVersion":"v2"},"done":false}
[debug] [2026-03-03T09:51:25.357Z] Checked if tokens are valid: true, expires at: 1772533097040
[debug] [2026-03-03T09:51:25.357Z] Checked if tokens are valid: true, expires at: 1772533097040
[debug] [2026-03-03T09:51:25.357Z] >>> [apiv2][query] GET https://cloudfunctions.googleapis.com/v2/projects/storecheck-6fdc8/locations/us-central1/operations/operation-1772531484216-64c1ba5784c67-b9b487c3-a87e8a41 [none]
[debug] [2026-03-03T09:51:25.482Z] <<< [apiv2][status] GET https://cloudfunctions.googleapis.com/v2/projects/storecheck-6fdc8/locations/us-central1/operations/operation-1772531484216-64c1ba5784c67-b9b487c3-a87e8a41 200
[debug] [2026-03-03T09:51:25.483Z] <<< [apiv2][body] GET https://cloudfunctions.googleapis.com/v2/projects/storecheck-6fdc8/locations/us-central1/operations/operation-1772531484216-64c1ba5784c67-b9b487c3-a87e8a41 {"name":"projects/storecheck-6fdc8/locations/us-central1/operations/operation-1772531484216-64c1ba5784c67-b9b487c3-a87e8a41","metadata":{"@type":"type.googleapis.com/google.cloud.functions.v2.OperationMetadata","createTime":"2026-03-03T09:51:25.295549389Z","target":"projects/storecheck-6fdc8/locations/us-central1/functions/deleteMyAccount","verb":"update","cancelRequested":false,"apiVersion":"v2"},"done":false}
[debug] [2026-03-03T09:51:25.983Z] [update-default-us-central1-deleteMyAccount] Retrying task index 0
[debug] [2026-03-03T09:51:25.984Z] Checked if tokens are valid: true, expires at: 1772533097040
[debug] [2026-03-03T09:51:25.984Z] Checked if tokens are valid: true, expires at: 1772533097040
[debug] [2026-03-03T09:51:25.984Z] >>> [apiv2][query] GET https://cloudfunctions.googleapis.com/v2/projects/storecheck-6fdc8/locations/us-central1/operations/operation-1772531484216-64c1ba5784c67-b9b487c3-a87e8a41 [none]
[debug] [2026-03-03T09:51:26.249Z] <<< [apiv2][status] GET https://cloudfunctions.googleapis.com/v2/projects/storecheck-6fdc8/locations/us-central1/operations/operation-1772531484216-64c1ba5784c67-b9b487c3-a87e8a41 200
[debug] [2026-03-03T09:51:26.249Z] <<< [apiv2][body] GET https://cloudfunctions.googleapis.com/v2/projects/storecheck-6fdc8/locations/us-central1/operations/operation-1772531484216-64c1ba5784c67-b9b487c3-a87e8a41 {"name":"projects/storecheck-6fdc8/locations/us-central1/operations/operation-1772531484216-64c1ba5784c67-b9b487c3-a87e8a41","metadata":{"@type":"type.googleapis.com/google.cloud.functions.v2.OperationMetadata","createTime":"2026-03-03T09:51:25.295549389Z","target":"projects/storecheck-6fdc8/locations/us-central1/functions/deleteMyAccount","verb":"update","cancelRequested":false,"apiVersion":"v2","requestResource":{"@type":"type.googleapis.com/google.cloud.functions.v2.Function","name":"projects/storecheck-6fdc8/locations/us-central1/functions/deleteMyAccount","buildConfig":{"runtime":"nodejs20","entryPoint":"deleteMyAccount","source":{"storageSource":{"bucket":"gcf-v2-sources-90689794332-us-central1","object":"deleteMyAccount/function-source.zip","generation":"1772531485238753"}},"environmentVariables":{"GOOGLE_NODE_RUN_SCRIPTS":""},"dockerRepository":"projects/storecheck-6fdc8/locations/us-central1/repositories/gcf-artifacts","sourceProvenance":{"resolvedStorageSource":{"bucket":"gcf-v2-sources-90689794332-us-central1","object":"deleteMyAccount/function-source.zip","generation":"1772531315118917"}},"dockerRegistry":"ARTIFACT_REGISTRY","serviceAccount":"projects/storecheck-6fdc8/serviceAccounts/90689794332-compute@developer.gserviceaccount.com","automaticUpdatePolicy":{}},"serviceConfig":{"service":"projects/storecheck-6fdc8/locations/us-central1/services/deletemyaccount","timeoutSeconds":60,"environmentVariables":{"FIREBASE_CONFIG":"{\"projectId\":\"storecheck-6fdc8\",\"storageBucket\":\"storecheck-6fdc8.firebasestorage.app\"}","GCLOUD_PROJECT":"storecheck-6fdc8","EVENTARC_CLOUD_EVENT_SOURCE":"projects/storecheck-6fdc8/locations/us-central1/services/deleteMyAccount","FUNCTION_TARGET":"deleteMyAccount","LOG_EXECUTION_ID":"true","FUNCTION_SIGNATURE_TYPE":"http"},"ingressSettings":"ALLOW_ALL","uri":"https://deletemyaccount-j27oidbnmq-uc.a.run.app","serviceAccountEmail":"90689794332-compute@developer.gserviceaccount.com","availableMemory":"256Mi","allTrafficOnLatestRevision":true,"revision":"deletemyaccount-00016-nix","maxInstanceRequestConcurrency":80,"availableCpu":"1"},"state":"ACTIVE","labels":{"deployment-tool":"cli-firebase","deployment-callable":"true","firebase-functions-hash":"aea945ffcdbaab145c221836a9d609ac84729aa0"},"environment":"GEN_2","url":"https://us-central1-storecheck-6fdc8.cloudfunctions.net/deleteMyAccount","satisfiesPzi":true},"stages":[{"name":"BUILD","message":"Build in progress","state":"IN_PROGRESS","resource":"projects/90689794332/locations/us-central1/builds/ab6eca87-f2da-46a6-b52a-a1cdfdef2e3d","resourceUri":"https://console.cloud.google.com/cloud-build/builds;region=us-central1/ab6eca87-f2da-46a6-b52a-a1cdfdef2e3d?project=90689794332"},{"name":"SERVICE","state":"NOT_STARTED"}],"operationType":"UPDATE_FUNCTION","buildName":"projects/90689794332/locations/us-central1/builds/ab6eca87-f2da-46a6-b52a-a1cdfdef2e3d"},"done":false}
[debug] [2026-03-03T09:51:27.250Z] [update-default-us-central1-deleteMyAccount] Retrying task index 0
[debug] [2026-03-03T09:51:27.250Z] Checked if tokens are valid: true, expires at: 1772533097040
[debug] [2026-03-03T09:51:27.250Z] Checked if tokens are valid: true, expires at: 1772533097040
[debug] [2026-03-03T09:51:27.250Z] >>> [apiv2][query] GET https://cloudfunctions.googleapis.com/v2/projects/storecheck-6fdc8/locations/us-central1/operations/operation-1772531484216-64c1ba5784c67-b9b487c3-a87e8a41 [none]
[debug] [2026-03-03T09:51:27.830Z] <<< [apiv2][status] GET https://cloudfunctions.googleapis.com/v2/projects/storecheck-6fdc8/locations/us-central1/operations/operation-1772531484216-64c1ba5784c67-b9b487c3-a87e8a41 200
[debug] [2026-03-03T09:51:27.830Z] <<< [apiv2][body] GET https://cloudfunctions.googleapis.com/v2/projects/storecheck-6fdc8/locations/us-central1/operations/operation-1772531484216-64c1ba5784c67-b9b487c3-a87e8a41 {"name":"projects/storecheck-6fdc8/locations/us-central1/operations/operation-1772531484216-64c1ba5784c67-b9b487c3-a87e8a41","metadata":{"@type":"type.googleapis.com/google.cloud.functions.v2.OperationMetadata","createTime":"2026-03-03T09:51:25.295549389Z","target":"projects/storecheck-6fdc8/locations/us-central1/functions/deleteMyAccount","verb":"update","cancelRequested":false,"apiVersion":"v2","requestResource":{"@type":"type.googleapis.com/google.cloud.functions.v2.Function","name":"projects/storecheck-6fdc8/locations/us-central1/functions/deleteMyAccount","buildConfig":{"runtime":"nodejs20","entryPoint":"deleteMyAccount","source":{"storageSource":{"bucket":"gcf-v2-sources-90689794332-us-central1","object":"deleteMyAccount/function-source.zip","generation":"1772531485238753"}},"environmentVariables":{"GOOGLE_NODE_RUN_SCRIPTS":""},"dockerRepository":"projects/storecheck-6fdc8/locations/us-central1/repositories/gcf-artifacts","sourceProvenance":{"resolvedStorageSource":{"bucket":"gcf-v2-sources-90689794332-us-central1","object":"deleteMyAccount/function-source.zip","generation":"1772531315118917"}},"dockerRegistry":"ARTIFACT_REGISTRY","serviceAccount":"projects/storecheck-6fdc8/serviceAccounts/90689794332-compute@developer.gserviceaccount.com","automaticUpdatePolicy":{}},"serviceConfig":{"service":"projects/storecheck-6fdc8/locations/us-central1/services/deletemyaccount","timeoutSeconds":60,"environmentVariables":{"FIREBASE_CONFIG":"{\"projectId\":\"storecheck-6fdc8\",\"storageBucket\":\"storecheck-6fdc8.firebasestorage.app\"}","GCLOUD_PROJECT":"storecheck-6fdc8","EVENTARC_CLOUD_EVENT_SOURCE":"projects/storecheck-6fdc8/locations/us-central1/services/deleteMyAccount","FUNCTION_TARGET":"deleteMyAccount","LOG_EXECUTION_ID":"true","FUNCTION_SIGNATURE_TYPE":"http"},"ingressSettings":"ALLOW_ALL","uri":"https://deletemyaccount-j27oidbnmq-uc.a.run.app","serviceAccountEmail":"90689794332-compute@developer.gserviceaccount.com","availableMemory":"256Mi","allTrafficOnLatestRevision":true,"revision":"deletemyaccount-00016-nix","maxInstanceRequestConcurrency":80,"availableCpu":"1"},"state":"ACTIVE","labels":{"deployment-tool":"cli-firebase","deployment-callable":"true","firebase-functions-hash":"aea945ffcdbaab145c221836a9d609ac84729aa0"},"environment":"GEN_2","url":"https://us-central1-storecheck-6fdc8.cloudfunctions.net/deleteMyAccount","satisfiesPzi":true},"stages":[{"name":"BUILD","message":"Build in progress","state":"IN_PROGRESS","resource":"projects/90689794332/locations/us-central1/builds/ab6eca87-f2da-46a6-b52a-a1cdfdef2e3d","resourceUri":"https://console.cloud.google.com/cloud-build/builds;region=us-central1/ab6eca87-f2da-46a6-b52a-a1cdfdef2e3d?project=90689794332"},{"name":"SERVICE","state":"NOT_STARTED"}],"operationType":"UPDATE_FUNCTION","buildName":"projects/90689794332/locations/us-central1/builds/ab6eca87-f2da-46a6-b52a-a1cdfdef2e3d"},"done":false}
[debug] [2026-03-03T09:51:29.832Z] [update-default-us-central1-deleteMyAccount] Retrying task index 0
[debug] [2026-03-03T09:51:29.834Z] Checked if tokens are valid: true, expires at: 1772533097040
[debug] [2026-03-03T09:51:29.834Z] Checked if tokens are valid: true, expires at: 1772533097040
[debug] [2026-03-03T09:51:29.834Z] >>> [apiv2][query] GET https://cloudfunctions.googleapis.com/v2/projects/storecheck-6fdc8/locations/us-central1/operations/operation-1772531484216-64c1ba5784c67-b9b487c3-a87e8a41 [none]
[debug] [2026-03-03T09:51:30.142Z] <<< [apiv2][status] GET https://cloudfunctions.googleapis.com/v2/projects/storecheck-6fdc8/locations/us-central1/operations/operation-1772531484216-64c1ba5784c67-b9b487c3-a87e8a41 200
[debug] [2026-03-03T09:51:30.143Z] <<< [apiv2][body] GET https://cloudfunctions.googleapis.com/v2/projects/storecheck-6fdc8/locations/us-central1/operations/operation-1772531484216-64c1ba5784c67-b9b487c3-a87e8a41 {"name":"projects/storecheck-6fdc8/locations/us-central1/operations/operation-1772531484216-64c1ba5784c67-b9b487c3-a87e8a41","metadata":{"@type":"type.googleapis.com/google.cloud.functions.v2.OperationMetadata","createTime":"2026-03-03T09:51:25.295549389Z","target":"projects/storecheck-6fdc8/locations/us-central1/functions/deleteMyAccount","verb":"update","cancelRequested":false,"apiVersion":"v2","requestResource":{"@type":"type.googleapis.com/google.cloud.functions.v2.Function","name":"projects/storecheck-6fdc8/locations/us-central1/functions/deleteMyAccount","buildConfig":{"runtime":"nodejs20","entryPoint":"deleteMyAccount","source":{"storageSource":{"bucket":"gcf-v2-sources-90689794332-us-central1","object":"deleteMyAccount/function-source.zip","generation":"1772531485238753"}},"environmentVariables":{"GOOGLE_NODE_RUN_SCRIPTS":""},"dockerRepository":"projects/storecheck-6fdc8/locations/us-central1/repositories/gcf-artifacts","sourceProvenance":{"resolvedStorageSource":{"bucket":"gcf-v2-sources-90689794332-us-central1","object":"deleteMyAccount/function-source.zip","generation":"1772531315118917"}},"dockerRegistry":"ARTIFACT_REGISTRY","serviceAccount":"projects/storecheck-6fdc8/serviceAccounts/90689794332-compute@developer.gserviceaccount.com","automaticUpdatePolicy":{}},"serviceConfig":{"service":"projects/storecheck-6fdc8/locations/us-central1/services/deletemyaccount","timeoutSeconds":60,"environmentVariables":{"FIREBASE_CONFIG":"{\"projectId\":\"storecheck-6fdc8\",\"storageBucket\":\"storecheck-6fdc8.firebasestorage.app\"}","GCLOUD_PROJECT":"storecheck-6fdc8","EVENTARC_CLOUD_EVENT_SOURCE":"projects/storecheck-6fdc8/locations/us-central1/services/deleteMyAccount","FUNCTION_TARGET":"deleteMyAccount","LOG_EXECUTION_ID":"true","FUNCTION_SIGNATURE_TYPE":"http"},"ingressSettings":"ALLOW_ALL","uri":"https://deletemyaccount-j27oidbnmq-uc.a.run.app","serviceAccountEmail":"90689794332-compute@developer.gserviceaccount.com","availableMemory":"256Mi","allTrafficOnLatestRevision":true,"revision":"deletemyaccount-00016-nix","maxInstanceRequestConcurrency":80,"availableCpu":"1"},"state":"ACTIVE","labels":{"deployment-tool":"cli-firebase","deployment-callable":"true","firebase-functions-hash":"aea945ffcdbaab145c221836a9d609ac84729aa0"},"environment":"GEN_2","url":"https://us-central1-storecheck-6fdc8.cloudfunctions.net/deleteMyAccount","satisfiesPzi":true},"stages":[{"name":"BUILD","message":"Build in progress","state":"IN_PROGRESS","resource":"projects/90689794332/locations/us-central1/builds/ab6eca87-f2da-46a6-b52a-a1cdfdef2e3d","resourceUri":"https://console.cloud.google.com/cloud-build/builds;region=us-central1/ab6eca87-f2da-46a6-b52a-a1cdfdef2e3d?project=90689794332"},{"name":"SERVICE","state":"NOT_STARTED"}],"operationType":"UPDATE_FUNCTION","buildName":"projects/90689794332/locations/us-central1/builds/ab6eca87-f2da-46a6-b52a-a1cdfdef2e3d"},"done":false}
[debug] [2026-03-03T09:51:34.143Z] [update-default-us-central1-deleteMyAccount] Retrying task index 0
[debug] [2026-03-03T09:51:34.144Z] Checked if tokens are valid: true, expires at: 1772533097040
[debug] [2026-03-03T09:51:34.144Z] Checked if tokens are valid: true, expires at: 1772533097040
[debug] [2026-03-03T09:51:34.144Z] >>> [apiv2][query] GET https://cloudfunctions.googleapis.com/v2/projects/storecheck-6fdc8/locations/us-central1/operations/operation-1772531484216-64c1ba5784c67-b9b487c3-a87e8a41 [none]
[debug] [2026-03-03T09:51:34.242Z] <<< [apiv2][status] GET https://cloudfunctions.googleapis.com/v2/projects/storecheck-6fdc8/locations/us-central1/operations/operation-1772531484216-64c1ba5784c67-b9b487c3-a87e8a41 200
[debug] [2026-03-03T09:51:34.243Z] <<< [apiv2][body] GET https://cloudfunctions.googleapis.com/v2/projects/storecheck-6fdc8/locations/us-central1/operations/operation-1772531484216-64c1ba5784c67-b9b487c3-a87e8a41 {"name":"projects/storecheck-6fdc8/locations/us-central1/operations/operation-1772531484216-64c1ba5784c67-b9b487c3-a87e8a41","metadata":{"@type":"type.googleapis.com/google.cloud.functions.v2.OperationMetadata","createTime":"2026-03-03T09:51:25.295549389Z","target":"projects/storecheck-6fdc8/locations/us-central1/functions/deleteMyAccount","verb":"update","cancelRequested":false,"apiVersion":"v2","requestResource":{"@type":"type.googleapis.com/google.cloud.functions.v2.Function","name":"projects/storecheck-6fdc8/locations/us-central1/functions/deleteMyAccount","buildConfig":{"runtime":"nodejs20","entryPoint":"deleteMyAccount","source":{"storageSource":{"bucket":"gcf-v2-sources-90689794332-us-central1","object":"deleteMyAccount/function-source.zip","generation":"1772531485238753"}},"environmentVariables":{"GOOGLE_NODE_RUN_SCRIPTS":""},"dockerRepository":"projects/storecheck-6fdc8/locations/us-central1/repositories/gcf-artifacts","sourceProvenance":{"resolvedStorageSource":{"bucket":"gcf-v2-sources-90689794332-us-central1","object":"deleteMyAccount/function-source.zip","generation":"1772531315118917"}},"dockerRegistry":"ARTIFACT_REGISTRY","serviceAccount":"projects/storecheck-6fdc8/serviceAccounts/90689794332-compute@developer.gserviceaccount.com","automaticUpdatePolicy":{}},"serviceConfig":{"service":"projects/storecheck-6fdc8/locations/us-central1/services/deletemyaccount","timeoutSeconds":60,"environmentVariables":{"FIREBASE_CONFIG":"{\"projectId\":\"storecheck-6fdc8\",\"storageBucket\":\"storecheck-6fdc8.firebasestorage.app\"}","GCLOUD_PROJECT":"storecheck-6fdc8","EVENTARC_CLOUD_EVENT_SOURCE":"projects/storecheck-6fdc8/locations/us-central1/services/deleteMyAccount","FUNCTION_TARGET":"deleteMyAccount","LOG_EXECUTION_ID":"true","FUNCTION_SIGNATURE_TYPE":"http"},"ingressSettings":"ALLOW_ALL","uri":"https://deletemyaccount-j27oidbnmq-uc.a.run.app","serviceAccountEmail":"90689794332-compute@developer.gserviceaccount.com","availableMemory":"256Mi","allTrafficOnLatestRevision":true,"revision":"deletemyaccount-00016-nix","maxInstanceRequestConcurrency":80,"availableCpu":"1"},"state":"ACTIVE","labels":{"deployment-tool":"cli-firebase","deployment-callable":"true","firebase-functions-hash":"aea945ffcdbaab145c221836a9d609ac84729aa0"},"environment":"GEN_2","url":"https://us-central1-storecheck-6fdc8.cloudfunctions.net/deleteMyAccount","satisfiesPzi":true},"stages":[{"name":"BUILD","message":"Build in progress","state":"IN_PROGRESS","resource":"projects/90689794332/locations/us-central1/builds/ab6eca87-f2da-46a6-b52a-a1cdfdef2e3d","resourceUri":"https://console.cloud.google.com/cloud-build/builds;region=us-central1/ab6eca87-f2da-46a6-b52a-a1cdfdef2e3d?project=90689794332"},{"name":"SERVICE","state":"NOT_STARTED"}],"operationType":"UPDATE_FUNCTION","buildName":"projects/90689794332/locations/us-central1/builds/ab6eca87-f2da-46a6-b52a-a1cdfdef2e3d"},"done":false}
[debug] [2026-03-03T09:51:42.243Z] [update-default-us-central1-deleteMyAccount] Retrying task index 0
[debug] [2026-03-03T09:51:42.244Z] Checked if tokens are valid: true, expires at: 1772533097040
[debug] [2026-03-03T09:51:42.244Z] Checked if tokens are valid: true, expires at: 1772533097040
[debug] [2026-03-03T09:51:42.244Z] >>> [apiv2][query] GET https://cloudfunctions.googleapis.com/v2/projects/storecheck-6fdc8/locations/us-central1/operations/operation-1772531484216-64c1ba5784c67-b9b487c3-a87e8a41 [none]
[debug] [2026-03-03T09:51:42.536Z] <<< [apiv2][status] GET https://cloudfunctions.googleapis.com/v2/projects/storecheck-6fdc8/locations/us-central1/operations/operation-1772531484216-64c1ba5784c67-b9b487c3-a87e8a41 200
[debug] [2026-03-03T09:51:42.536Z] <<< [apiv2][body] GET https://cloudfunctions.googleapis.com/v2/projects/storecheck-6fdc8/locations/us-central1/operations/operation-1772531484216-64c1ba5784c67-b9b487c3-a87e8a41 {"name":"projects/storecheck-6fdc8/locations/us-central1/operations/operation-1772531484216-64c1ba5784c67-b9b487c3-a87e8a41","metadata":{"@type":"type.googleapis.com/google.cloud.functions.v2.OperationMetadata","createTime":"2026-03-03T09:51:25.295549389Z","target":"projects/storecheck-6fdc8/locations/us-central1/functions/deleteMyAccount","verb":"update","cancelRequested":false,"apiVersion":"v2","requestResource":{"@type":"type.googleapis.com/google.cloud.functions.v2.Function","name":"projects/storecheck-6fdc8/locations/us-central1/functions/deleteMyAccount","buildConfig":{"runtime":"nodejs20","entryPoint":"deleteMyAccount","source":{"storageSource":{"bucket":"gcf-v2-sources-90689794332-us-central1","object":"deleteMyAccount/function-source.zip","generation":"1772531485238753"}},"environmentVariables":{"GOOGLE_NODE_RUN_SCRIPTS":""},"dockerRepository":"projects/storecheck-6fdc8/locations/us-central1/repositories/gcf-artifacts","sourceProvenance":{"resolvedStorageSource":{"bucket":"gcf-v2-sources-90689794332-us-central1","object":"deleteMyAccount/function-source.zip","generation":"1772531315118917"}},"dockerRegistry":"ARTIFACT_REGISTRY","serviceAccount":"projects/storecheck-6fdc8/serviceAccounts/90689794332-compute@developer.gserviceaccount.com","automaticUpdatePolicy":{}},"serviceConfig":{"service":"projects/storecheck-6fdc8/locations/us-central1/services/deletemyaccount","timeoutSeconds":60,"environmentVariables":{"FIREBASE_CONFIG":"{\"projectId\":\"storecheck-6fdc8\",\"storageBucket\":\"storecheck-6fdc8.firebasestorage.app\"}","GCLOUD_PROJECT":"storecheck-6fdc8","EVENTARC_CLOUD_EVENT_SOURCE":"projects/storecheck-6fdc8/locations/us-central1/services/deleteMyAccount","FUNCTION_TARGET":"deleteMyAccount","LOG_EXECUTION_ID":"true","FUNCTION_SIGNATURE_TYPE":"http"},"ingressSettings":"ALLOW_ALL","uri":"https://deletemyaccount-j27oidbnmq-uc.a.run.app","serviceAccountEmail":"90689794332-compute@developer.gserviceaccount.com","availableMemory":"256Mi","allTrafficOnLatestRevision":true,"revision":"deletemyaccount-00016-nix","maxInstanceRequestConcurrency":80,"availableCpu":"1"},"state":"ACTIVE","labels":{"deployment-tool":"cli-firebase","deployment-callable":"true","firebase-functions-hash":"aea945ffcdbaab145c221836a9d609ac84729aa0"},"environment":"GEN_2","url":"https://us-central1-storecheck-6fdc8.cloudfunctions.net/deleteMyAccount","satisfiesPzi":true},"stages":[{"name":"BUILD","message":"Build in progress","state":"IN_PROGRESS","resource":"projects/90689794332/locations/us-central1/builds/ab6eca87-f2da-46a6-b52a-a1cdfdef2e3d","resourceUri":"https://console.cloud.google.com/cloud-build/builds;region=us-central1/ab6eca87-f2da-46a6-b52a-a1cdfdef2e3d?project=90689794332"},{"name":"SERVICE","state":"NOT_STARTED"}],"operationType":"UPDATE_FUNCTION","buildName":"projects/90689794332/locations/us-central1/builds/ab6eca87-f2da-46a6-b52a-a1cdfdef2e3d"},"done":false}
[debug] [2026-03-03T09:51:52.537Z] [update-default-us-central1-deleteMyAccount] Retrying task index 0
[debug] [2026-03-03T09:51:52.537Z] Checked if tokens are valid: true, expires at: 1772533097040
[debug] [2026-03-03T09:51:52.537Z] Checked if tokens are valid: true, expires at: 1772533097040
[debug] [2026-03-03T09:51:52.537Z] >>> [apiv2][query] GET https://cloudfunctions.googleapis.com/v2/projects/storecheck-6fdc8/locations/us-central1/operations/operation-1772531484216-64c1ba5784c67-b9b487c3-a87e8a41 [none]
[debug] [2026-03-03T09:51:52.867Z] <<< [apiv2][status] GET https://cloudfunctions.googleapis.com/v2/projects/storecheck-6fdc8/locations/us-central1/operations/operation-1772531484216-64c1ba5784c67-b9b487c3-a87e8a41 200
[debug] [2026-03-03T09:51:52.867Z] <<< [apiv2][body] GET https://cloudfunctions.googleapis.com/v2/projects/storecheck-6fdc8/locations/us-central1/operations/operation-1772531484216-64c1ba5784c67-b9b487c3-a87e8a41 {"name":"projects/storecheck-6fdc8/locations/us-central1/operations/operation-1772531484216-64c1ba5784c67-b9b487c3-a87e8a41","metadata":{"@type":"type.googleapis.com/google.cloud.functions.v2.OperationMetadata","createTime":"2026-03-03T09:51:25.295549389Z","target":"projects/storecheck-6fdc8/locations/us-central1/functions/deleteMyAccount","verb":"update","cancelRequested":false,"apiVersion":"v2","requestResource":{"@type":"type.googleapis.com/google.cloud.functions.v2.Function","name":"projects/storecheck-6fdc8/locations/us-central1/functions/deleteMyAccount","buildConfig":{"runtime":"nodejs20","entryPoint":"deleteMyAccount","source":{"storageSource":{"bucket":"gcf-v2-sources-90689794332-us-central1","object":"deleteMyAccount/function-source.zip","generation":"1772531485238753"}},"environmentVariables":{"GOOGLE_NODE_RUN_SCRIPTS":""},"dockerRepository":"projects/storecheck-6fdc8/locations/us-central1/repositories/gcf-artifacts","sourceProvenance":{"resolvedStorageSource":{"bucket":"gcf-v2-sources-90689794332-us-central1","object":"deleteMyAccount/function-source.zip","generation":"1772531315118917"}},"dockerRegistry":"ARTIFACT_REGISTRY","serviceAccount":"projects/storecheck-6fdc8/serviceAccounts/90689794332-compute@developer.gserviceaccount.com","automaticUpdatePolicy":{}},"serviceConfig":{"service":"projects/storecheck-6fdc8/locations/us-central1/services/deletemyaccount","timeoutSeconds":60,"environmentVariables":{"FIREBASE_CONFIG":"{\"projectId\":\"storecheck-6fdc8\",\"storageBucket\":\"storecheck-6fdc8.firebasestorage.app\"}","GCLOUD_PROJECT":"storecheck-6fdc8","EVENTARC_CLOUD_EVENT_SOURCE":"projects/storecheck-6fdc8/locations/us-central1/services/deleteMyAccount","FUNCTION_TARGET":"deleteMyAccount","LOG_EXECUTION_ID":"true","FUNCTION_SIGNATURE_TYPE":"http"},"ingressSettings":"ALLOW_ALL","uri":"https://deletemyaccount-j27oidbnmq-uc.a.run.app","serviceAccountEmail":"90689794332-compute@developer.gserviceaccount.com","availableMemory":"256Mi","allTrafficOnLatestRevision":true,"revision":"deletemyaccount-00016-nix","maxInstanceRequestConcurrency":80,"availableCpu":"1"},"state":"ACTIVE","labels":{"deployment-tool":"cli-firebase","deployment-callable":"true","firebase-functions-hash":"aea945ffcdbaab145c221836a9d609ac84729aa0"},"environment":"GEN_2","url":"https://us-central1-storecheck-6fdc8.cloudfunctions.net/deleteMyAccount","satisfiesPzi":true},"stages":[{"name":"BUILD","message":"Build in progress","state":"IN_PROGRESS","resource":"projects/90689794332/locations/us-central1/builds/ab6eca87-f2da-46a6-b52a-a1cdfdef2e3d","resourceUri":"https://console.cloud.google.com/cloud-build/builds;region=us-central1/ab6eca87-f2da-46a6-b52a-a1cdfdef2e3d?project=90689794332"},{"name":"SERVICE","state":"NOT_STARTED"}],"operationType":"UPDATE_FUNCTION","buildName":"projects/90689794332/locations/us-central1/builds/ab6eca87-f2da-46a6-b52a-a1cdfdef2e3d"},"done":false}
[debug] [2026-03-03T09:52:02.868Z] [update-default-us-central1-deleteMyAccount] Retrying task index 0
[debug] [2026-03-03T09:52:02.869Z] Checked if tokens are valid: true, expires at: 1772533097040
[debug] [2026-03-03T09:52:02.869Z] Checked if tokens are valid: true, expires at: 1772533097040
[debug] [2026-03-03T09:52:02.869Z] >>> [apiv2][query] GET https://cloudfunctions.googleapis.com/v2/projects/storecheck-6fdc8/locations/us-central1/operations/operation-1772531484216-64c1ba5784c67-b9b487c3-a87e8a41 [none]
[debug] [2026-03-03T09:52:03.381Z] <<< [apiv2][status] GET https://cloudfunctions.googleapis.com/v2/projects/storecheck-6fdc8/locations/us-central1/operations/operation-1772531484216-64c1ba5784c67-b9b487c3-a87e8a41 200
[debug] [2026-03-03T09:52:03.381Z] <<< [apiv2][body] GET https://cloudfunctions.googleapis.com/v2/projects/storecheck-6fdc8/locations/us-central1/operations/operation-1772531484216-64c1ba5784c67-b9b487c3-a87e8a41 {"name":"projects/storecheck-6fdc8/locations/us-central1/operations/operation-1772531484216-64c1ba5784c67-b9b487c3-a87e8a41","metadata":{"@type":"type.googleapis.com/google.cloud.functions.v2.OperationMetadata","createTime":"2026-03-03T09:51:25.295549389Z","target":"projects/storecheck-6fdc8/locations/us-central1/functions/deleteMyAccount","verb":"update","cancelRequested":false,"apiVersion":"v2","requestResource":{"@type":"type.googleapis.com/google.cloud.functions.v2.Function","name":"projects/storecheck-6fdc8/locations/us-central1/functions/deleteMyAccount","buildConfig":{"runtime":"nodejs20","entryPoint":"deleteMyAccount","source":{"storageSource":{"bucket":"gcf-v2-sources-90689794332-us-central1","object":"deleteMyAccount/function-source.zip","generation":"1772531485238753"}},"environmentVariables":{"GOOGLE_NODE_RUN_SCRIPTS":""},"dockerRepository":"projects/storecheck-6fdc8/locations/us-central1/repositories/gcf-artifacts","sourceProvenance":{"resolvedStorageSource":{"bucket":"gcf-v2-sources-90689794332-us-central1","object":"deleteMyAccount/function-source.zip","generation":"1772531315118917"}},"dockerRegistry":"ARTIFACT_REGISTRY","serviceAccount":"projects/storecheck-6fdc8/serviceAccounts/90689794332-compute@developer.gserviceaccount.com","automaticUpdatePolicy":{}},"serviceConfig":{"service":"projects/storecheck-6fdc8/locations/us-central1/services/deletemyaccount","timeoutSeconds":60,"environmentVariables":{"FIREBASE_CONFIG":"{\"projectId\":\"storecheck-6fdc8\",\"storageBucket\":\"storecheck-6fdc8.firebasestorage.app\"}","GCLOUD_PROJECT":"storecheck-6fdc8","EVENTARC_CLOUD_EVENT_SOURCE":"projects/storecheck-6fdc8/locations/us-central1/services/deleteMyAccount","FUNCTION_TARGET":"deleteMyAccount","LOG_EXECUTION_ID":"true","FUNCTION_SIGNATURE_TYPE":"http"},"ingressSettings":"ALLOW_ALL","uri":"https://deletemyaccount-j27oidbnmq-uc.a.run.app","serviceAccountEmail":"90689794332-compute@developer.gserviceaccount.com","availableMemory":"256Mi","allTrafficOnLatestRevision":true,"revision":"deletemyaccount-00016-nix","maxInstanceRequestConcurrency":80,"availableCpu":"1"},"state":"ACTIVE","labels":{"deployment-tool":"cli-firebase","deployment-callable":"true","firebase-functions-hash":"aea945ffcdbaab145c221836a9d609ac84729aa0"},"environment":"GEN_2","url":"https://us-central1-storecheck-6fdc8.cloudfunctions.net/deleteMyAccount","satisfiesPzi":true},"stages":[{"name":"BUILD","message":"Build in progress","state":"IN_PROGRESS","resource":"projects/90689794332/locations/us-central1/builds/ab6eca87-f2da-46a6-b52a-a1cdfdef2e3d","resourceUri":"https://console.cloud.google.com/cloud-build/builds;region=us-central1/ab6eca87-f2da-46a6-b52a-a1cdfdef2e3d?project=90689794332"},{"name":"SERVICE","state":"NOT_STARTED"}],"operationType":"UPDATE_FUNCTION","buildName":"projects/90689794332/locations/us-central1/builds/ab6eca87-f2da-46a6-b52a-a1cdfdef2e3d"},"done":false}
[debug] [2026-03-03T09:52:13.383Z] [update-default-us-central1-deleteMyAccount] Retrying task index 0
[debug] [2026-03-03T09:52:13.383Z] Checked if tokens are valid: true, expires at: 1772533097040
[debug] [2026-03-03T09:52:13.383Z] Checked if tokens are valid: true, expires at: 1772533097040
[debug] [2026-03-03T09:52:13.384Z] >>> [apiv2][query] GET https://cloudfunctions.googleapis.com/v2/projects/storecheck-6fdc8/locations/us-central1/operations/operation-1772531484216-64c1ba5784c67-b9b487c3-a87e8a41 [none]
[debug] [2026-03-03T09:52:13.594Z] <<< [apiv2][status] GET https://cloudfunctions.googleapis.com/v2/projects/storecheck-6fdc8/locations/us-central1/operations/operation-1772531484216-64c1ba5784c67-b9b487c3-a87e8a41 200
[debug] [2026-03-03T09:52:13.594Z] <<< [apiv2][body] GET https://cloudfunctions.googleapis.com/v2/projects/storecheck-6fdc8/locations/us-central1/operations/operation-1772531484216-64c1ba5784c67-b9b487c3-a87e8a41 {"name":"projects/storecheck-6fdc8/locations/us-central1/operations/operation-1772531484216-64c1ba5784c67-b9b487c3-a87e8a41","metadata":{"@type":"type.googleapis.com/google.cloud.functions.v2.OperationMetadata","createTime":"2026-03-03T09:51:25.295549389Z","endTime":"2026-03-03T09:52:12.018805783Z","target":"projects/storecheck-6fdc8/locations/us-central1/functions/deleteMyAccount","verb":"update","cancelRequested":false,"apiVersion":"v2","requestResource":{"@type":"type.googleapis.com/google.cloud.functions.v2.Function","name":"projects/storecheck-6fdc8/locations/us-central1/functions/deleteMyAccount","buildConfig":{"runtime":"nodejs20","entryPoint":"deleteMyAccount","source":{"storageSource":{"bucket":"gcf-v2-sources-90689794332-us-central1","object":"deleteMyAccount/function-source.zip","generation":"1772531485238753"}},"environmentVariables":{"GOOGLE_NODE_RUN_SCRIPTS":""},"dockerRepository":"projects/storecheck-6fdc8/locations/us-central1/repositories/gcf-artifacts","sourceProvenance":{"resolvedStorageSource":{"bucket":"gcf-v2-sources-90689794332-us-central1","object":"deleteMyAccount/function-source.zip","generation":"1772531315118917"}},"dockerRegistry":"ARTIFACT_REGISTRY","serviceAccount":"projects/storecheck-6fdc8/serviceAccounts/90689794332-compute@developer.gserviceaccount.com","automaticUpdatePolicy":{}},"serviceConfig":{"service":"projects/storecheck-6fdc8/locations/us-central1/services/deletemyaccount","timeoutSeconds":60,"environmentVariables":{"FIREBASE_CONFIG":"{\"projectId\":\"storecheck-6fdc8\",\"storageBucket\":\"storecheck-6fdc8.firebasestorage.app\"}","GCLOUD_PROJECT":"storecheck-6fdc8","EVENTARC_CLOUD_EVENT_SOURCE":"projects/storecheck-6fdc8/locations/us-central1/services/deleteMyAccount","FUNCTION_TARGET":"deleteMyAccount","LOG_EXECUTION_ID":"true","FUNCTION_SIGNATURE_TYPE":"http"},"ingressSettings":"ALLOW_ALL","uri":"https://deletemyaccount-j27oidbnmq-uc.a.run.app","serviceAccountEmail":"90689794332-compute@developer.gserviceaccount.com","availableMemory":"256Mi","allTrafficOnLatestRevision":true,"revision":"deletemyaccount-00016-nix","maxInstanceRequestConcurrency":80,"availableCpu":"1"},"state":"ACTIVE","labels":{"deployment-tool":"cli-firebase","deployment-callable":"true","firebase-functions-hash":"aea945ffcdbaab145c221836a9d609ac84729aa0"},"environment":"GEN_2","url":"https://us-central1-storecheck-6fdc8.cloudfunctions.net/deleteMyAccount","satisfiesPzi":true},"stages":[{"name":"BUILD","message":"Build finished","state":"COMPLETE","resource":"projects/90689794332/locations/us-central1/builds/ab6eca87-f2da-46a6-b52a-a1cdfdef2e3d","resourceUri":"https://console.cloud.google.com/cloud-build/builds;region=us-central1/ab6eca87-f2da-46a6-b52a-a1cdfdef2e3d?project=90689794332"},{"name":"SERVICE","message":"Updating Cloud Run service","state":"COMPLETE","resource":"projects/storecheck-6fdc8/locations/us-central1/services/deletemyaccount","resourceUri":"https://console.cloud.google.com/run/detail/us-central1/deletemyaccount?project=storecheck-6fdc8","stateMessages":[{"severity":"INFO","type":"CloudRunServiceNewRevisionTrafficInfo","message":"A new revision will be deployed serving with 100% traffic."}]}],"sourceToken":"ClZwcm9qZWN0cy85MDY4OTc5NDMzMi9sb2NhdGlvbnMvdXMtY2VudHJhbDEvYnVpbGRzL2FiNmVjYTg3LWYyZGEtNDZhNi1iNTJhLWExY2RmZGVmMmUzZBJ2dXMtY2VudHJhbDEtZG9ja2VyLnBrZy5kZXYvc3RvcmVjaGVjay02ZmRjOC9nY2YtYXJ0aWZhY3RzL3N0b3JlY2hlY2stLTZmZGM4X191cy0tY2VudHJhbDFfX2RlbGV0ZV9teV9hY2NvdW50OnZlcnNpb25fMRic4qHs0QIiSXByb2plY3RzL3N0b3JlY2hlY2stNmZkYzgvbG9jYXRpb25zL3VzLWNlbnRyYWwxL2Z1bmN0aW9ucy9kZWxldGVNeUFjY291bnQqDAjE3prNBhCw35yOAjIIbm9kZWpzMjA6dgojZ2NyLmlvL2dhZS1ydW50aW1lcy9ub2RlanMyMDpzdGFibGUST3VzLWNlbnRyYWwxLWRvY2tlci5wa2cuZGV2L3NlcnZlcmxlc3MtcnVudGltZXMvZ29vZ2xlLTIyLWZ1bGwvcnVudGltZXMvbm9kZWpzMjBAAQ==","operationType":"UPDATE_FUNCTION","buildName":"projects/90689794332/locations/us-central1/builds/ab6eca87-f2da-46a6-b52a-a1cdfdef2e3d"},"done":true,"response":{"@type":"type.googleapis.com/google.cloud.functions.v2.Function","name":"projects/storecheck-6fdc8/locations/us-central1/functions/deleteMyAccount","buildConfig":{"build":"projects/90689794332/locations/us-central1/builds/ab6eca87-f2da-46a6-b52a-a1cdfdef2e3d","runtime":"nodejs20","entryPoint":"deleteMyAccount","source":{"storageSource":{"bucket":"gcf-v2-sources-90689794332-us-central1","object":"deleteMyAccount/function-source.zip","generation":"1772531485238753"}},"environmentVariables":{"GOOGLE_NODE_RUN_SCRIPTS":""},"dockerRepository":"projects/storecheck-6fdc8/locations/us-central1/repositories/gcf-artifacts","sourceProvenance":{"resolvedStorageSource":{"bucket":"gcf-v2-sources-90689794332-us-central1","object":"deleteMyAccount/function-source.zip","generation":"1772531485238753"}},"dockerRegistry":"ARTIFACT_REGISTRY","serviceAccount":"projects/storecheck-6fdc8/serviceAccounts/90689794332-compute@developer.gserviceaccount.com","automaticUpdatePolicy":{}},"serviceConfig":{"service":"projects/storecheck-6fdc8/locations/us-central1/services/deletemyaccount","timeoutSeconds":60,"environmentVariables":{"FIREBASE_CONFIG":"{\"projectId\":\"storecheck-6fdc8\",\"storageBucket\":\"storecheck-6fdc8.firebasestorage.app\"}","GCLOUD_PROJECT":"storecheck-6fdc8","EVENTARC_CLOUD_EVENT_SOURCE":"projects/storecheck-6fdc8/locations/us-central1/services/deleteMyAccount","FUNCTION_TARGET":"deleteMyAccount","LOG_EXECUTION_ID":"true","FUNCTION_SIGNATURE_TYPE":"http"},"maxInstanceCount":20,"ingressSettings":"ALLOW_ALL","uri":"https://deletemyaccount-j27oidbnmq-uc.a.run.app","serviceAccountEmail":"90689794332-compute@developer.gserviceaccount.com","availableMemory":"256Mi","allTrafficOnLatestRevision":true,"revision":"deletemyaccount-00017-gux","maxInstanceRequestConcurrency":80,"availableCpu":"1"},"state":"ACTIVE","updateTime":"2026-03-03T09:51:25.297173049Z","labels":{"deployment-tool":"cli-firebase","deployment-callable":"true","firebase-functions-hash":"aea945ffcdbaab145c221836a9d609ac84729aa0"},"environment":"GEN_2","url":"https://us-central1-storecheck-6fdc8.cloudfunctions.net/deleteMyAccount","createTime":"2026-02-23T08:59:00.455214369Z","satisfiesPzi":true}}
[debug] [2026-03-03T09:52:13.595Z] Got source token ClZwcm9qZWN0cy85MDY4OTc5NDMzMi9sb2NhdGlvbnMvdXMtY2VudHJhbDEvYnVpbGRzL2FiNmVjYTg3LWYyZGEtNDZhNi1iNTJhLWExY2RmZGVmMmUzZBJ2dXMtY2VudHJhbDEtZG9ja2VyLnBrZy5kZXYvc3RvcmVjaGVjay02ZmRjOC9nY2YtYXJ0aWZhY3RzL3N0b3JlY2hlY2stLTZmZGM4X191cy0tY2VudHJhbDFfX2RlbGV0ZV9teV9hY2NvdW50OnZlcnNpb25fMRic4qHs0QIiSXByb2plY3RzL3N0b3JlY2hlY2stNmZkYzgvbG9jYXRpb25zL3VzLWNlbnRyYWwxL2Z1bmN0aW9ucy9kZWxldGVNeUFjY291bnQqDAjE3prNBhCw35yOAjIIbm9kZWpzMjA6dgojZ2NyLmlvL2dhZS1ydW50aW1lcy9ub2RlanMyMDpzdGFibGUST3VzLWNlbnRyYWwxLWRvY2tlci5wa2cuZGV2L3NlcnZlcmxlc3MtcnVudGltZXMvZ29vZ2xlLTIyLWZ1bGwvcnVudGltZXMvbm9kZWpzMjBAAQ== for region us-central1
[info] ✔  functions[deleteMyAccount(us-central1)] Successful update operation. 
[debug] [2026-03-03T09:52:13.597Z] Total Function Deployment time: 49572
[debug] [2026-03-03T09:52:13.597Z] 1 Functions Deployed
[debug] [2026-03-03T09:52:13.598Z] 0 Functions Errored
[debug] [2026-03-03T09:52:13.598Z] 0 Function Deployments Aborted
[debug] [2026-03-03T09:52:13.598Z] Average Function Deployment time: 49571
[debug] [2026-03-03T09:52:13.598Z] Not printing URL for HTTPS function. Typically this means it didn't match a filter or we failed deployment
[debug] [2026-03-03T09:52:13.598Z] Not printing URL for HTTPS function. Typically this means it didn't match a filter or we failed deployment
[debug] [2026-03-03T09:52:13.599Z] Not printing URL for HTTPS function. Typically this means it didn't match a filter or we failed deployment
[debug] [2026-03-03T09:52:13.599Z] Not printing URL for HTTPS function. Typically this means it didn't match a filter or we failed deployment
[debug] [2026-03-03T09:52:13.599Z] Checked if tokens are valid: true, expires at: 1772533097040
[debug] [2026-03-03T09:52:13.599Z] Checked if tokens are valid: true, expires at: 1772533097040
[debug] [2026-03-03T09:52:13.599Z] >>> [apiv2][query] GET https://artifactregistry.googleapis.com/v1/projects/storecheck-6fdc8/locations/us-central1/repositories/gcf-artifacts [none]
[debug] [2026-03-03T09:52:13.825Z] <<< [apiv2][status] GET https://artifactregistry.googleapis.com/v1/projects/storecheck-6fdc8/locations/us-central1/repositories/gcf-artifacts 200
